rank,item_id,outlet,type,language,title,url,published_at,R,S,D,I,r_people,signal_mult,logos,ethos,pathos,d_raw,topics,prompt_version,reach_flag,content_basis,content_access,word_count,fetch_method,r_basis,justification
1,5a0a46cdcadf210a,ABC News,tv,en,House censures GOP Rep. Edwards of North Carolina for conduct toward female staffers,https://abcnews.com/Politics/wireStory/house-censures-rep-chuck-edwards-conduct-former-female-136127733,2026-09-01T22:42:29+00:00,0.031298,0.184000,0.500000,0.00287939,8200000.000000,,6,5,4,15,government_leadership:0.70; ethics_morality:0.30,score_v2,ok,full_text,open,663,page_fetch,programme average viewers x TV_SEGMENT_SHARE (US-only by construction); flat across the outlet's items (no per-item signal),"News report detailing Ethics Committee findings, testimony, vote count, and statements from multiple lawmakers with direct quotes and documented evidence (1,500 pages, 16 interviews), balanced with Edwards' rebuttal."
2,89447535a6483fc0,ABC News,tv,en,House passes short-term funding bill to avoid a shutdown before the election,https://abcnews.com/Politics/wireStory/house-passes-short-term-funding-bill-avoid-shutdown-136121938,2026-09-01T18:13:59+00:00,0.031298,0.210000,0.433333,0.00284809,8200000.000000,,5,5,3,13,government_leadership:0.60; economy:0.20; healthcare:0.10; immigration:0.10,score_v2,ok,full_text,open,507,page_fetch,programme average viewers x TV_SEGMENT_SHARE (US-only by construction); flat across the outlet's items (no per-item signal),"Straightforward news report on legislative process, citing vote tallies, quotes from Cole and DeLauro, and factual background on prior shutdowns. Some emotional framing via DeLauro's quote about disaster relief and partisan blame, but mostly procedural and factual reporting."
3,e30d28c5e6ed8521,ABC News,tv,en,California lawmakers pass bill allowing people to identify their Jewish ancestry,https://abcnews.com/Politics/wireStory/california-lawmakers-pass-bill-allowing-people-identify-jewish-136105020,2026-09-01T06:26:42+00:00,0.031298,0.130000,0.533333,0.00216997,8200000.000000,,6,5,5,16,government_leadership:0.40; race_relations:0.40; other:0.20,score_v2,ok,full_text,open,660,page_fetch,programme average viewers x TV_SEGMENT_SHARE (US-only by construction); flat across the outlet's items (no per-item signal),"Reports legislative action with multiple viewpoints (advocates, critics, professor), personal anecdotes from Stern about antisemitism add emotional weight. Balanced news reporting rather than personal authority voice; moderate evidence and reasoning presented from various stakeholders."
4,d1e0256425dbc884,ABC News,tv,en,Democrats are again angling for Rep. Mike Lawler's House seat. Can he hold on in liberal New York?,https://abcnews.com/Politics/wireStory/democrats-angling-rep-mike-lawlers-house-seat-hold-136106020,2026-09-01T09:36:01+00:00,0.031298,0.148000,0.466667,0.00216163,8200000.000000,,5,6,3,14,government_leadership:0.40; democracy_elections:0.30; immigration:0.10; inflation_cost_of_living:0.10; crime:0.10,score_v2,ok,full_text,open,1151,page_fetch,programme average viewers x TV_SEGMENT_SHARE (US-only by construction); flat across the outlet's items (no per-item signal),"Balanced campaign profile with quotes from both candidates and voters, some polling/historical context on past races, but little hard data. Ethos derives from officeholder/candidate status; pathos moderate via charged quotes on 'crazy' Democrats, corruption, blackface controversy."
5,5dadfbd4761316e9,ABC News,tv,en,"US judges reveal panic buttons, private security in chilling new reports about threats",https://abcnews.com/Politics/wireStory/us-judges-reveal-panic-buttons-private-security-chilling-136125666,2026-09-01T20:49:29+00:00,0.031298,0.100000,0.633333,0.00198219,8200000.000000,,6,6,7,19,democracy_elections:0.60; government_leadership:0.25; crime:0.15,score_v2,ok,full_text,open,652,page_fetch,programme average viewers x TV_SEGMENT_SHARE (US-only by construction); flat across the outlet's items (no per-item signal),"Cites two detailed studies, interview counts, statistics on threat increases, and specific anecdotes (700 calls, safe room, panic buttons). Speakers include named judge Salas and study authors, giving institutional/personal authority. Emotional weight from personal tragedy and fear narratives raises pathos."
6,d2ff863d3563d119,ABC News,tv,en,Democrats aim to unite behind one candidate in Alaska governor's race,https://abcnews.com/Politics/wireStory/democrats-aim-unite-candidate-alaska-governors-race-hope-136101458,2026-09-01T03:28:41+00:00,0.031298,0.155000,0.366667,0.00177875,8200000.000000,,6,3,2,11,government_leadership:0.50; democracy_elections:0.50,score_v2,ok,full_text,open,894,page_fetch,programme average viewers x TV_SEGMENT_SHARE (US-only by construction); flat across the outlet's items (no per-item signal),"Straightforward AP-style news report detailing primary results, withdrawals, and candidate strategy in Alaska's ranked-choice system. Includes factual detail and quotes but little argumentation beyond reporting events; no strong personal authority voice; minimal emotional language, mostly procedural and factual."
7,ad01c67f808cf108,ABC News,tv,en,Federal judge considers whether to extend ban against US Postal Service mail voting changes,https://abcnews.com/Politics/wireStory/federal-judge-considers-extend-ban-us-postal-service-136166784,2026-09-03T11:38:33+00:00,0.031298,0.088500,0.500000,0.00138492,8200000.000000,,7,5,3,15,democracy_elections:0.85; government_leadership:0.15,score_v2,ok,full_text,open,548,page_fetch,programme average viewers x TV_SEGMENT_SHARE (US-only by construction); flat across the outlet's items (no per-item signal),"Straight news report citing court proceedings, legal arguments, whistleblower report, and factual details on postal procedures. Balanced sourcing from both administration and Democrats/voting rights groups. No named opinion author; standard AP-style wire reporting gives moderate institutional ethos, low emotional coloring."
8,c2afb46f928ab2ed,CBS News,tv,en,"Kashkari says inflation could be extended ""the longer there's back and forth"" in Canada tariff fight",https://www.cbsnews.com/news/neel-kashkari-minneapolis-fed-canada-tariff-inflation,2026-08-23T00:00:00+00:00,0.014885,0.186000,0.500000,0.00138435,3900000.000000,,6,8,1,15,inflation_cost_of_living:0.55; economy:0.25; foreign_policy_wars:0.20,score_v2,ok,full_text,open,387,transcript_page,programme average viewers x TV_SEGMENT_SHARE (US-only by construction); flat across the outlet's items (no per-item signal),"Kashkari, a Fed bank president, offers reasoned economic analysis linking tariffs, trade conflict and Iran war to inflation dynamics, citing trade data. His institutional authority is high with policy audiences. Tone is calm, technical, no emotional appeals."
9,e94013e277578951,NBC News,tv,en,Pete Hegseth Faces Growing Criticism as War With Iran Rolls On,https://www.today.com/video/republican-senator-calls-on-trump-to-fire-pete-hegseth-269264965728,2026-09-03T11:30:42+00:00,0.024237,0.152500,0.366667,0.00135523,6350000.000000,,3,5,3,11,foreign_policy_wars:0.75; government_leadership:0.25,score_v2,ok,full_text,open,307,page_fetch,programme average viewers x TV_SEGMENT_SHARE (US-only by construction); flat across the outlet's items (no per-item signal),"Brief news segment summarizing political criticism of Hegseth and escalating Iran conflict, citing a senator's call and reported troop plans, but with little detailed evidence or argument. Standard NBC News authority; moderate tension from ongoing war but no strong emotional language."
10,eb89a79e5a71b3b7,NBC News,tv,en,Trump admin threatens to cut Smithsonian support in latest claim of ideological bias,https://www.nbcnews.com/politics/trump-administration/trump-administration-threatens-smithsonian-support-rcna595873,2026-09-03T15:30:05+00:00,0.024237,0.125500,0.433333,0.00131807,6350000.000000,,4,5,4,13,government_leadership:0.40; unifying_the_country:0.25; ethics_morality:0.20; education:0.15,score_v2,ok,full_text,open,436,page_fetch,programme average viewers x TV_SEGMENT_SHARE (US-only by construction); flat across the outlet's items (no per-item signal),"Reports institutional conflict via letters and quotes from both sides, some documentary evidence but limited independent analysis. Sources carry institutional authority (Interior Dept, Smithsonian Secretary). Moderate emotional charge from terms like 'radical ideology,' 'extreme political activism.'"
11,318d34af5313c466,CBS News,tv,en,"Sen. Blumenthal urges House to pass Russia sanctions bill amid a ""moment of extreme urgency"" in Ukraine",https://www.cbsnews.com/news/russia-sanctions-bill-house-senate-lindsey-graham-richard-blumenthal,2026-08-30T00:00:00+00:00,0.014885,0.139500,0.633333,0.00131513,3900000.000000,,6,7,6,19,foreign_policy_wars:0.85; government_leadership:0.15,score_v2,ok,full_text,open,577,transcript_page,programme average viewers x TV_SEGMENT_SHARE (US-only by construction); flat across the outlet's items (no per-item signal),"Blumenthal cites vote margins, economic data on Russia's deficit/GDP/interest rates, and bill provisions—some reasoning. As a senator and bill co-sponsor speaking on a major Sunday show, he carries institutional authority. Emotional language ('brutal, murderous,' 'heartbreaking,' 'killing in cold blood') adds notable pathos."
12,9ad9609e6d38a3c7,NBC News,tv,en,'Dear Donald': Battleground district voters share their message to Trump,https://www.nbcnews.com/meet-the-press/video/-dear-donald-battleground-district-voters-share-their-message-to-trump-268689477753,2026-08-21T20:21:41+00:00,0.024237,0.171000,0.300000,0.00124334,6350000.000000,,2,4,3,9,government_leadership:0.35; foreign_policy_wars:0.25; economy:0.15; democracy_elections:0.15; immigration:0.10,score_v2,ok,full_text,open,336,page_fetch,programme average viewers x TV_SEGMENT_SHARE (US-only by construction); flat across the outlet's items (no per-item signal),"A list of news segment headlines with brief descriptions covering midterms, Iran strikes, immigration, tariffs; no sustained argument or named authoritative voice beyond brief reporter mentions, limited emotional content beyond political framing."
13,c96d49fdcfeef988,NBC News,tv,en,Federal judge blocks Trump’s latest order limiting birthright citizenship,https://www.nbcnews.com/politics/white-house/federal-judge-blocks-trumps-latest-order-limiting-birthright-citizensh-rcna595794,2026-09-02T23:17:49+00:00,0.024237,0.106500,0.466667,0.00120456,6350000.000000,,6,6,2,14,immigration:0.45; democracy_elections:0.40; government_leadership:0.15,score_v2,ok,full_text,open,573,page_fetch,programme average viewers x TV_SEGMENT_SHARE (US-only by construction); flat across the outlet's items (no per-item signal),"Reports a judge's ruling, quotes legal reasoning, cites Supreme Court precedent, and includes statements from White House and AG. Institutional authority (judge, AG, White House spokesperson) present. Minimal emotional language beyond 'activist judge' rhetoric; mostly factual, procedural reporting."
14,60392e48cbd2af7f,Marketplace (APM),radio,en,Wages are 7% lower for workers in right-to-work states,https://www.marketplace.org/story/2026/09/03/righttowork-states-have-7-lower-wages,2026-09-03T00:00:00+00:00,0.011298,0.212000,0.500000,0.00119756,2960000.000000,,7,6,2,15,economy:0.85; race_relations:0.10; government_leadership:0.05,score_v2,secondary,full_text,open,360,homepage_fetch,weekly cume / RADIO_EPISODES_PER_WEEK (US-only by construction); cume overlap not modelled; flat across the outlet's items (no per-item signal),"Article cites EPI report data, quotes economists explaining causal mechanisms (unionization rates, minimum wage policies) and addresses confounding factors. Sources are named experts with institutional backing, giving moderate ethos. Tone is factual and analytical, minimal emotional language."
15,fabb2f7c1c77b5f1,Marketplace (APM),radio,en,"To spur more housing construction, Denver changed its parking rules",https://www.marketplace.org/story/2026/09/02/denver-changed-parking-rule-to-spur-more-housing,2026-09-02T00:00:00+00:00,0.011298,0.197000,0.533333,0.00118701,2960000.000000,,7,6,3,16,economy:0.55; government_leadership:0.25; poverty_homelessness:0.20,score_v2,secondary,full_text,open,666,homepage_fetch,weekly cume / RADIO_EPISODES_PER_WEEK (US-only by construction); cume overlap not modelled; flat across the outlet's items (no per-item signal),"Uses study data, expert interviews, a simulator tool, and a real-world example with a resident's counterpoint. Sources include an academic and a data lab director, giving moderate authority. Emotional content is mild, mainly the resident's practical frustration."
16,c0fd92d336fe5457,NBC News,tv,en,Progressive Senate candidates rack up primary wins even as they get outspent,https://www.nbcnews.com/politics/politics-news/progressive-senate-candidates-rack-primary-wins-even-get-outspent-rcna595769,2026-09-02T21:05:45+00:00,0.024237,0.101500,0.433333,0.00106601,6350000.000000,,6,5,2,13,democracy_elections:0.60; government_leadership:0.25; ai_technology:0.10; healthcare:0.05,score_v2,ok,full_text,open,1097,page_fetch,programme average viewers x TV_SEGMENT_SHARE (US-only by construction); flat across the outlet's items (no per-item signal),"Data-driven newsletter with ad-spending figures, primary vote percentages, and historical comparisons across multiple races. Institutional NBC News authority but no personal charismatic voice. Tone is neutral, analytical, low emotional charge; mainly factual political horse-race reporting on elections and party dynamics."
17,d408139adfc15233,NBC News,tv,en,Trump says he’ll campaign for Republicans in 35 races ahead of the midterms,https://www.nbcnews.com/politics/2026-election/trump-says-will-campaign-republicans-35-races-ahead-midterms-rcna595807,2026-09-03T02:15:36+00:00,0.024237,0.098000,0.433333,0.00102925,6350000.000000,,2,8,3,13,democracy_elections:0.80; government_leadership:0.20,score_v2,ok,full_text,open,360,page_fetch,programme average viewers x TV_SEGMENT_SHARE (US-only by construction); flat across the outlet's items (no per-item signal),"Trump announces campaign plans and quips about candidates; largely assertion, no evidence needed. His personal authority as president drives the narrative, with light jabs and self-promotion but minimal emotional intensity or argument."
18,73e904c9b8434b15,NBC News,tv,en,Elon Musk’s super PAC dives into the midterms to bolster Republicans in battleground races,https://www.nbcnews.com/politics/2026-election/elon-musk-super-pac-midterms-republicans-rcna595909,2026-09-03T15:26:41+00:00,0.024237,0.123500,0.333333,0.00099774,6350000.000000,,5,4,1,10,democracy_elections:0.65; government_leadership:0.20; economy:0.15,score_v2,ok,full_text,open,472,page_fetch,programme average viewers x TV_SEGMENT_SHARE (US-only by construction); flat across the outlet's items (no per-item signal),"Straight factual reporting with FEC filing data, spending figures, and context on Musk's political history. No emotional language; standard news attribution gives moderate institutional credibility but no personal authority invoked."
19,cc18ce06ab3ceb66,CBS News,tv,en,Pentagon temporarily rescinds new testosterone guidelines,https://www.cbsnews.com/news/pentagon-testosterone-testing-hegseth-policy/,2026-09-03T18:15:00+00:00,0.014885,0.148000,0.400000,0.00088122,3900000.000000,,5,5,2,12,government_leadership:0.50; healthcare:0.40; other:0.10,score_v2,ok,full_text,open,486,page_fetch,programme average viewers x TV_SEGMENT_SHARE (US-only by construction); flat across the outlet's items (no per-item signal),"News report on Pentagon policy reversal, citing official statements, Hegseth quotes, and medical expert testimony on testosterone/readiness. Institutional sourcing gives moderate ethos; some evidence/reasoning present but largely descriptive; low emotional charge, mostly factual reporting."
20,a08fe3204072a735,CBS News,tv,en,DOJ charges ICE officer who shot immigrant with lying to investigators,https://www.cbsnews.com/news/ice-officer-charged-doj-christian-castro-minnesota/,2026-09-03T17:10:00+00:00,0.014885,0.107500,0.533333,0.00085344,3900000.000000,,7,5,4,16,immigration:0.55; crime:0.25; government_leadership:0.20,score_v2,ok,full_text,open,464,page_fetch,programme average viewers x TV_SEGMENT_SHARE (US-only by construction); flat across the outlet's items (no per-item signal),"Detailed factual reporting with multiple sourced accounts, DHS/FBI/lawmaker statements, and timeline of legal actions. CBS News sourcing and named officials (Lyons) provide institutional credibility. Some emotional weight from shooting, family testimony, but largely measured, evidence-driven reporting."
21,0a08fb9d8b0a8ad1,CBS News,tv,en,"Gloria Steinem, trailblazing figure in women's liberation movement, dies at age 92",https://www.cbsnews.com/news/gloria-steinem-dies-age-92-feminist-ms-magazine,2026-09-03T00:00:00+00:00,0.014885,0.085000,0.633333,0.00080134,3900000.000000,,5,8,6,19,other:0.60; government_leadership:0.15; abortion:0.15; race_relations:0.10,score_v2,ok,full_text,open,2475,transcript_page,programme average viewers x TV_SEGMENT_SHARE (US-only by construction); flat across the outlet's items (no per-item signal),"An obituary weaving biographical detail, quotes, and historical evidence of Steinem's impact (statistics, Ms. Magazine history) with tribute-driven, emotionally warm framing. High ethos from Clinton's testimony and Steinem's own established stature; moderate pathos from reflective, poignant quotes; some reasoning via cited facts."
22,42a4efcbd6433c36,CBS News,tv,en,Postal Service mail voting rules face extended block as judge presses DOJ,https://www.cbsnews.com/news/postal-service-mail-voting-rules-block/,2026-09-03T17:52:34+00:00,0.014885,0.088500,0.600000,0.00079042,3900000.000000,,8,6,4,18,democracy_elections:0.85; government_leadership:0.15,score_v2,ok,full_text,open,1016,page_fetch,programme average viewers x TV_SEGMENT_SHARE (US-only by construction); flat across the outlet's items (no per-item signal),"Detailed factual reporting on litigation, judicial questioning, executive order history, whistleblower disclosure, and procedural timelines. Ethos rests on court proceedings and named officials (judge, DOJ, states) rather than the reporter's own authority. Pathos moderate via judge's pointed rhetorical questions about disenfranchisement."
23,2a1e544b1ac12fb7,NPR News (Morning Edition / All Things Considered),radio,en,Up First from NPR,https://www.npr.org/podcasts/510318/up-first,2026-09-03T00:00:00+00:00,0.011221,0.156000,0.433333,0.00075856,2940000.000000,,4,6,3,13,foreign_policy_wars:0.50; government_leadership:0.25; other:0.15; economy:0.10,score_v2,secondary,full_text,open,818,transcript_page,weekly cume / RADIO_EPISODES_PER_WEEK (US-only by construction); cume overlap not modelled; flat across the outlet's items (no per-item signal),"Compilation of NPR Up First episode summaries covering Iran war, Venezuela deal, Pentagon, SCOTUS, and cultural news. Brief factual descriptions with minimal argumentation; NPR's institutional credibility lends moderate ethos; low emotional intensity apart from crisis framing of war and disasters."
24,225e6f9aa41c31a2,ABC News,tv,en,Missouri candidate charged with trying to plant cocaine on his political rival,https://abcnews.com/Politics/wireStory/missouri-candidate-charged-plant-cocaine-political-rival-136182044,2026-09-03T18:00:32+00:00,0.031298,0.051500,0.466667,0.00075219,8200000.000000,,6,5,3,14,crime:0.55; democracy_elections:0.35; government_leadership:0.10,score_v2,ok,full_text,open,369,page_fetch,programme average viewers x TV_SEGMENT_SHARE (US-only by construction); flat across the outlet's items (no per-item signal),"Straight news report citing court documents, FBI probable cause statement, and official quotes. No named opinion voice with special audience authority beyond standard news reporting. Facts presented without heavy emotional language, though the scandal itself is inherently dramatic."
25,27770e4dfeb2762a,Marketplace (APM),radio,en,Is there too much money in college sports?,https://www.marketplace.org/episode/2026/09/03/is-there-too-much-money-in-college-sports,2026-09-03T00:00:00+00:00,0.011298,0.174000,0.366667,0.00072079,2960000.000000,,5,4,2,11,economy:0.50; education:0.30; government_leadership:0.20,score_v2,secondary,full_text,open,460,homepage_fetch,weekly cume / RADIO_EPISODES_PER_WEEK (US-only by construction); cume overlap not modelled; flat across the outlet's items (no per-item signal),"Podcast discusses NIL rules, pay disparities, and pending legislation with some evidence (Washington Post investigation, specific figures) but relies mainly on hosts' commentary rather than rigorous argument. Hosts have niche sports-media authority, not broad institutional weight. Tone is conversational, low emotional intensity."
26,534d08507f0d9147,NPR News (Morning Edition / All Things Considered),radio,en,The NPR Politics Podcast,https://www.npr.org/podcasts/510310/npr-politics-podcast,2026-09-02T00:00:00+00:00,0.011221,0.153500,0.400000,0.00068899,2940000.000000,,4,6,2,12,democracy_elections:0.35; government_leadership:0.25; economy:0.20; foreign_policy_wars:0.20,score_v2,secondary,full_text,open,886,transcript_page,weekly cume / RADIO_EPISODES_PER_WEEK (US-only by construction); cume overlap not modelled; flat across the outlet's items (no per-item signal),"Aggregated podcast episode descriptions summarizing political news topics (elections, deficit, midterms, tariffs, foreign policy) with explanatory framing but little sustained argument. NPR's institutional brand lends moderate authority; tone is neutral, informational, low emotional intensity."
27,ab259fa949624ea5,Marketplace (APM),radio,en,What if the AI boom never turns a profit?,https://www.marketplace.org/episode/2026/09/03/what-if-the-ai-boom-never-turns-a-profit,2026-09-03T00:00:00+00:00,0.011298,0.111000,0.533333,0.00066882,2960000.000000,,7,6,3,16,ai_technology:0.55; economy:0.35; government_leadership:0.10,score_v2,secondary,full_text,open,776,homepage_fetch,weekly cume / RADIO_EPISODES_PER_WEEK (US-only by construction); cume overlap not modelled; flat across the outlet's items (no per-item signal),"Piece weaves historical case study (Akron tire industry) with multiple expert voices (economists, technologist, Nobel laureate) debating AI's tax/economic disruption, offering competing solutions. Ethos moderate via credentialed experts; pathos low, mostly analytical with some evocative historical framing rather than emotional appeal."
28,0d6c2b446161d9b0,Marketplace (APM),radio,en,"In Alaska, dipnetting for salmon is about more than what’s caught",https://www.marketplace.org/story/2026/09/02/for-alaskans-salmon-fishing-is-about-more-than-just-the-catch,2026-09-02T00:00:00+00:00,0.011298,0.158000,0.366667,0.00065451,2960000.000000,,3,3,5,11,economy:0.55; other:0.45,score_v2,secondary,full_text,open,686,homepage_fetch,weekly cume / RADIO_EPISODES_PER_WEEK (US-only by construction); cume overlap not modelled; flat across the outlet's items (no per-item signal),"Human-interest feature on Alaska dipnetting with light economic analysis from an economist; mostly anecdote and personal reflection, some data-adjacent reasoning about opportunity costs, warm emotional tone about family and place, no strong authoritative voice beyond a quoted academic."
29,fb644266612f8a3c,The Mark Levin Show,radio,en,"September 2nd, 2026",https://www.marklevinshow.com/2026/09/02/september-2nd-2026,2026-09-02T00:00:00+00:00,0.00916031,0.104500,0.633333,0.00060626,2400000.000000,,3,7,9,19,foreign_policy_wars:0.40; immigration:0.35; democracy_elections:0.10; ethics_morality:0.10; government_leadership:0.05,score_v2,secondary,full_text,open,4746,transcript_page,weekly cume / RADIO_EPISODES_PER_WEEK (US-only by construction); cume overlap not modelled; flat across the outlet's items (no per-item signal),"Levin cites reports (Real Clear Investigations, FEC filings) and Trump quotes but reasoning is thin, one-sided, heavy on assertion and conspiracy framing about Islamists and Iran. As a long-running, self-referential host with a loyal audience, his ethos is high. Language is highly charged—'slaughtered,' 'annihilate,' 'consume us'—driving strong emotional intensity throughout."
30,bd42370c6a631020,The Mark Levin Show,radio,en,"September 1st, 2026",https://www.marklevinshow.com/2026/09/01/september-1st-2026,2026-09-01T00:00:00+00:00,0.00916031,0.099000,0.666667,0.00060458,2400000.000000,,3,8,9,20,ai_technology:0.30; foreign_policy_wars:0.25; government_leadership:0.20; democracy_elections:0.15; other:0.10,score_v2,secondary,full_text,open,4802,transcript_page,weekly cume / RADIO_EPISODES_PER_WEEK (US-only by construction); cume overlap not modelled; flat across the outlet's items (no per-item signal),"Levin asserts claims with little evidence—montage clips used as proof of Islamist indoctrination, sweeping historical analogies (Reagan, Orwell, Huey Long) substitute for argument. As a long-running, highly recognized host with a loyal audience, his ethos is strong. Language is highly charged, mocking, and fear-driven throughout."
31,7002a1c0e8a38c4a,The Mark Levin Show,radio,en,09 / 01 / september-1st-2026,https://www.marklevinshow.com/2026/09/01/september-1st-2026/,2026-09-02T01:12:19+00:00,0.00916031,0.095000,0.666667,0.00058015,2400000.000000,,3,8,9,20,ai_technology:0.30; foreign_policy_wars:0.25; government_leadership:0.20; democracy_elections:0.15; ethics_morality:0.10,score_v2,secondary,full_text,open,4802,rss_fulltext,weekly cume / RADIO_EPISODES_PER_WEEK (US-only by construction); cume overlap not modelled; flat across the outlet's items (no per-item signal),"Levin uses anecdote, ridicule, and sweeping assertions (data centers, Islamists, Roberts, Iran) with little evidence or engagement with counterarguments beyond mockery. His long-standing personal authority with a loyal talk-radio audience is very high. Language is highly charged, contemptuous, and fear/anger-driven throughout, indicating strong pathos."
32,5b537ec572ed883b,The Clay Travis & Buck Sexton Show,radio,en,the-clay-travis-and-buck-sexton-show / hour-1-dont-underestimate-aoc,https://omny.fm/shows/the-clay-travis-and-buck-sexton-show/hour-1-dont-underestimate-aoc,2026-09-02T19:20:00+00:00,0.00744275,0.152500,0.500000,0.00056751,1950000.000000,,4,7,4,15,government_leadership:0.35; inflation_cost_of_living:0.25; crime:0.15; democracy_elections:0.15; other:0.10,score_v2,secondary,full_text,open,740,rss_fulltext,weekly cume / RADIO_EPISODES_PER_WEEK (US-only by construction); cume overlap not modelled; flat across the outlet's items (no per-item signal),"Talk-radio hosts offer commentary and polling anecdotes rather than rigorous evidence; some causal claims about economy/elections but thin analysis. Established syndicated hosts with loyal audience give solid ethos. Moderate emotional tone via political commentary, mockery, and speculation about AOC's authenticity and 2028 prospects."
33,57ef127599f21d73,Fox News Channel,cable,en,politics / gop-sen-thom-tillis-urges-trump-replace-pete-hegseth-blasts-pentagon-leadership,https://www.foxnews.com/politics/gop-sen-thom-tillis-urges-trump-replace-pete-hegseth-blasts-pentagon-leadership,2026-09-03T17:26:30+00:00,0.00568702,0.211000,0.466667,0.00055998,1490000.000000,,4,6,4,14,government_leadership:0.70; foreign_policy_wars:0.30,score_v2,ok,full_text,open,599,rss_fulltext,programme average viewers x TV_SEGMENT_SHARE (US-only by construction); flat across the outlet's items (no per-item signal),"Tillis, a sitting senator with Armed Services experience, makes pointed but largely assertive claims against Hegseth, citing his own committee tenure as authority. Some evidence (Driscoll's resignation, praise for George) but limited counter-engagement. White House rebuttal adds balance. Moderate emotional charge via 'fiery,' 'excoriated,' 'intimidated.'"
34,515e18196cfa38ef,Fox News Channel,cable,en,politics / lawmakers-press-dhs-letter-chinese-forced-labor-allegations-flag-popular-labubu-dolls,https://www.foxnews.com/politics/lawmakers-press-dhs-letter-chinese-forced-labor-allegations-flag-popular-labubu-dolls,2026-09-03T18:06:20+00:00,0.00568702,0.179000,0.533333,0.00054292,1490000.000000,,6,6,4,16,foreign_policy_wars:0.50; economy:0.30; government_leadership:0.20,score_v2,ok,full_text,open,898,rss_fulltext,programme average viewers x TV_SEGMENT_SHARE (US-only by construction); flat across the outlet's items (no per-item signal),"Article cites specific law, entity lists, trade impacts, and quotes Rep. Khanna's reasoning on human rights and economic harm. Khanna's committee position lends institutional authority. Moderate emotional appeal via 'slave labor' language, though largely factual/policy-focused."
35,c584128970212927,The Mark Levin Show,radio,en,09 / 02 / september-2nd-2026,https://www.marklevinshow.com/2026/09/02/september-2nd-2026/,2026-09-03T01:12:24+00:00,0.00916031,0.093500,0.633333,0.00054244,2400000.000000,,3,8,8,19,foreign_policy_wars:0.40; immigration:0.35; ethics_morality:0.15; democracy_elections:0.10,score_v2,secondary,full_text,open,4746,rss_fulltext,weekly cume / RADIO_EPISODES_PER_WEEK (US-only by construction); cume overlap not modelled; flat across the outlet's items (no per-item signal),"Levin asserts sweeping claims (arm Iranians, Islamist takeover) with selective sourcing (Sperry piece, Breitbart) but little counter-engagement. His decades-long syndicated show and personal brand give him strong ethos with his audience. Heavy use of fear, moral alarm, and vivid rhetoric ('kill Jews', 'no-go zones') drives high emotional intensity."
36,512c7cb45268cb04,NPR News (Morning Edition / All Things Considered),radio,en,"Kissing apes, anti-splash urinals: This year's Ig Nobels showcase surprising science",https://www.npr.org/2026/09/03/nx-s1-5950370/ig-nobel-awards-kissing-urinals-move-switzerland,2026-09-03T17:00:00+00:00,0.011221,0.103000,0.466667,0.00053937,2940000.000000,,5,6,3,14,ai_technology:0.30; government_leadership:0.25; other:0.25; immigration:0.20,score_v2,secondary,full_text,open,948,page_fetch,weekly cume / RADIO_EPISODES_PER_WEEK (US-only by construction); cume overlap not modelled; flat across the outlet's items (no per-item signal),"Article reports on Ig Nobel science awards with quotes from researchers and officials, touching on immigration-driven relocation of the ceremony. Light evidence via quotes, moderate credibility from named experts/editors, low emotional intensity aside from mild humor and light political commentary."
37,34c6ef420e86c7a3,Marketplace (APM),radio,en,Fewer employers are covering GLP-1 drugs for weight loss. Should they?,https://www.marketplace.org/story/2026/08/24/should-employers-cover-glp1s-for-weight-loss,2026-08-24T00:00:00+00:00,0.011298,0.078000,0.600000,0.00052873,2960000.000000,,7,6,5,18,healthcare:0.75; economy:0.20; poverty_homelessness:0.05,score_v2,secondary,full_text,open,1259,homepage_fetch,weekly cume / RADIO_EPISODES_PER_WEEK (US-only by construction); cume overlap not modelled; flat across the outlet's items (no per-item signal),"Article presents data from surveys, economists, and a personal case study, weighing employer cost-benefit tradeoffs. Multiple expert voices (economists, bioethicist, benefits researcher) lend institutional credibility. Turner's personal weight-loss story and inequity framing add moderate emotional resonance without dominating the reporting."
38,ea91656abe3af8de,Fox News Channel,cable,en,Wounded Marines relive the harrowing Kabul airport attack in explosive new Fox Nation documentary,https://www.foxnews.com/media/wounded-marines-relive-harrowing-kabul-airport-attack-explosive-fox-nation-documentary,2026-08-26T00:00:00+00:00,0.00568702,0.152500,0.600000,0.00052036,1490000.000000,,3,6,9,18,foreign_policy_wars:0.75; government_leadership:0.25,score_v2,ok,full_text,open,572,transcript_page,programme average viewers x TV_SEGMENT_SHARE (US-only by construction); flat across the outlet's items (no per-item signal),"Promotional article for a documentary, relying on graphic firsthand testimony from wounded Marines and political criticism of Biden's withdrawal, with little analysis or counter-evidence—heavy emotional weight, moderate authority from veterans and a congressman, minimal argumentation."
39,5f164c746da01f9c,CBS News,tv,en,"AI interviews rolling out for some federal government hires, sources say",https://www.cbsnews.com/news/ai-interviews-federal-government-hires/,2026-09-03T15:24:00+00:00,0.014885,0.116000,0.300000,0.00051802,3900000.000000,,4,4,1,9,ai_technology:0.55; government_leadership:0.35; economy:0.10,score_v2,ok,full_text,open,354,page_fetch,programme average viewers x TV_SEGMENT_SHARE (US-only by construction); flat across the outlet's items (no per-item signal),"Straightforward news report citing unnamed officials and describing a specific AI hiring tool/process, with some detail but limited depth or counterargument. No named authoritative speaker beyond a director quote; minimal emotional language throughout.'"
40,5a89ca12e730fcd0,The Hugh Hewitt Show,radio,en,government-by-spite-2,https://hughhewitt.com/government-by-spite-2,2026-09-03T11:37:51+00:00,0.00572519,0.152000,0.533333,0.00046412,1500000.000000,,3,6,7,16,government_leadership:0.50; democracy_elections:0.40; ethics_morality:0.10,score_v2,secondary,full_text,open,469,rss_fulltext,weekly cume / RADIO_EPISODES_PER_WEEK (US-only by construction); cume overlap not modelled; flat across the outlet's items (no per-item signal),"Opinion piece citing Geraghty's reporting on impeachment campaigns, but relies mainly on assertion and rhetorical framing ('spite, not law') rather than developed evidence. Hewitt's recognized conservative media standing gives moderate ethos; charged language ('collapse of the nation,' 'jettisoning of rule of law') drives strong emotional intensity."
41,b47d76c23fd095ce,The Clay Travis & Buck Sexton Show,radio,en,the-clay-travis-and-buck-sexton-show / daily-review-with-clay-and-buck-sep-1-2026,https://omny.fm/shows/the-clay-travis-and-buck-sexton-show/daily-review-with-clay-and-buck-sep-1-2026,2026-09-01T19:25:00+00:00,0.00744275,0.109500,0.566667,0.00046182,1950000.000000,,5,7,5,17,crime:0.35; government_leadership:0.20; foreign_policy_wars:0.20; democracy_elections:0.15; economy:0.10,score_v2,secondary,full_text,open,1136,rss_fulltext,weekly cume / RADIO_EPISODES_PER_WEEK (US-only by construction); cume overlap not modelled; flat across the outlet's items (no per-item signal),"Hosts offer analysis and some evidence-based reasoning (legal proceedings, polling, energy markets) but largely opinion and speculation. Clay and Buck are established conservative radio hosts with strong audience trust/authority. Moderate emotional tone around crime, conspiracy theories, and Trump's legacy, without extreme intensity."
42,68e79bee28b9fbe0,CBS News,tv,en,"Dr. Oz says MMR is ""not a lethal vaccine"" despite Trump's comments",https://www.cbsnews.com/news/dr-oz-mmr-vaccine-not-lethal-trump-executive-order,2026-08-23T00:00:00+00:00,0.014885,0.071500,0.433333,0.00046120,3900000.000000,,4,7,2,13,healthcare:0.85; government_leadership:0.15,score_v2,ok,full_text,open,389,transcript_page,programme average viewers x TV_SEGMENT_SHARE (US-only by construction); flat across the outlet's items (no per-item signal),"News report quoting CMS chief Oz contradicting Trump on MMR safety, with CDC vaccination statistics. Some evidence (data, quotes) but limited engagement with objections. Oz speaks with institutional authority; low emotional intensity, mostly factual/political reporting."
43,8152c5a168d8c2a7,The Clay Travis & Buck Sexton Show,radio,en,the-clay-travis-and-buck-sexton-show / hour-3-building-americas-future,https://omny.fm/shows/the-clay-travis-and-buck-sexton-show/hour-3-building-americas-future,2026-09-01T19:10:00+00:00,0.00744275,0.112500,0.533333,0.00044656,1950000.000000,,5,7,4,16,foreign_policy_wars:0.30; democracy_elections:0.25; ai_technology:0.20; economy:0.15; government_leadership:0.10,score_v2,secondary,full_text,open,916,rss_fulltext,weekly cume / RADIO_EPISODES_PER_WEEK (US-only by construction); cume overlap not modelled; flat across the outlet's items (no per-item signal),"Hosts present arguments and reasoning on Iran strategy, oil deals, midterms, and AI infrastructure, citing examples but largely one-sided and opinion-driven. Clay and Buck are established conservative talk hosts with a loyal, politically-aligned audience, giving strong ethos. Moderate emotional framing around geopolitics and partisan politics, not extreme."
44,d1e71f3fc56a5465,The Mark Levin Show,radio,en,"August 31st, 2026",https://www.marklevinshow.com/2026/08/31/august-31st-2026,2026-08-31T00:00:00+00:00,0.00916031,0.077000,0.600000,0.00042321,2400000.000000,,5,7,6,18,ai_technology:0.65; economy:0.20; foreign_policy_wars:0.10; government_leadership:0.05,score_v2,secondary,full_text,open,5263,transcript_page,weekly cume / RADIO_EPISODES_PER_WEEK (US-only by construction); cume overlap not modelled; flat across the outlet's items (no per-item signal),"Levin cites studies, polls, state legislation and examples (Loudoun County, water/electricity data) but selectively and one-sidedly, mocking opponents as 'Luddites' rather than engaging strongest counterarguments. As a long-running, widely trusted conservative host, his personal authority carries weight with his audience. Language is combative and mocking, generating moderate-high emotional intensity throughout."
45,46143b1232d8880e,The Clay Travis & Buck Sexton Show,radio,en,the-clay-travis-and-buck-sexton-show / daily-review-with-clay-and-buck-sep-2-2026,https://omny.fm/shows/the-clay-travis-and-buck-sexton-show/daily-review-with-clay-and-buck-sep-2-2026,2026-09-02T19:25:00+00:00,0.00744275,0.093000,0.566667,0.00039223,1950000.000000,,5,7,5,17,crime:0.30; inflation_cost_of_living:0.20; government_leadership:0.15; ai_technology:0.15; democracy_elections:0.10; other:0.10,score_v2,secondary,full_text,open,991,rss_fulltext,weekly cume / RADIO_EPISODES_PER_WEEK (US-only by construction); cume overlap not modelled; flat across the outlet's items (no per-item signal),"Hosts discuss polling, legal history, and technology debates with some reasoning and multiple perspectives, but mostly opinion-driven commentary. Clay and Buck have established authority with a loyal conservative talk-radio audience. Moderate emotional engagement, especially on crime/insanity defense and surveillance fears, without extreme intensity."
46,179d2f9686cd87ab,The Clay Travis & Buck Sexton Show,radio,en,the-clay-travis-and-buck-sexton-show / hour-1-trumps-legacy-project,https://omny.fm/shows/the-clay-travis-and-buck-sexton-show/hour-1-trumps-legacy-project,2026-09-01T19:20:00+00:00,0.00744275,0.111500,0.466667,0.00038727,1950000.000000,,4,6,4,14,government_leadership:0.35; democracy_elections:0.35; crime:0.30,score_v2,secondary,full_text,open,605,rss_fulltext,weekly cume / RADIO_EPISODES_PER_WEEK (US-only by construction); cume overlap not modelled; flat across the outlet's items (no per-item signal),"Hosts offer opinion-driven analysis and speculation on trial dynamics, midterms, and Senate races with some factual grounding but little hard evidence. Clay and Buck are established conservative talk hosts with a loyal, politically aligned audience, giving moderate-high ethos. Emotional framing around Clancy case and partisan politics adds moderate pathos."
47,2710243b9beea959,NPR News (Morning Edition / All Things Considered),radio,en,ICE officer faces federal charges for lying over shooting of Venezuelan immigrant,https://www.npr.org/2026/09/03/nx-s1-5955654/justice-department-charges-castro-ice-officer,2026-09-03T18:14:53+00:00,0.011221,0.071500,0.466667,0.00037442,2940000.000000,,6,4,4,14,immigration:0.60; crime:0.25; democracy_elections:0.15,score_v2,secondary,full_text,open,338,page_fetch,weekly cume / RADIO_EPISODES_PER_WEEK (US-only by construction); cume overlap not modelled; flat across the outlet's items (no per-item signal),"News report presents factual sequence, sourcing, and context on federal charges, prior incidents, and pattern of ICE shootings. No named opinion speaker, moderate institutional authority. Emotional intensity from violent details but delivered in restrained journalistic tone."
48,11ae9882c8266b6f,Marketplace (APM),radio,en,"States bet big on rural health startups, with a Silicon Valley twist",https://www.marketplace.org/story/2026/08/28/can-startups-save-rural-healthcare,2026-08-28T00:00:00+00:00,0.011298,0.074000,0.433333,0.00036228,2960000.000000,,6,5,2,13,healthcare:0.60; ai_technology:0.20; government_leadership:0.10; economy:0.10,score_v2,secondary,full_text,open,1459,homepage_fetch,weekly cume / RADIO_EPISODES_PER_WEEK (US-only by construction); cume overlap not modelled; flat across the outlet's items (no per-item signal),"Detailed reporting with data, program specifics, multiple sourced quotes from officials, consultants, and startup founders explaining a policy mechanism. Institutional sourcing (KFF Health News, CMS, Bipartisan Policy Center) gives moderate ethos; little emotional language beyond factual descriptions of rural health struggles."
49,f86f539fae0d99fb,Marketplace (APM),radio,en,"AI in banking: the good, the bad, and the efficient",https://www.marketplace.org/episode/2026/09/02/ai-in-banking-the-good-the-bad-and-the-efficient,2026-09-02T00:00:00+00:00,0.011298,0.079000,0.400000,0.00035701,2960000.000000,,6,5,1,12,ai_technology:0.60; economy:0.30; race_relations:0.10,score_v2,secondary,full_text,open,613,homepage_fetch,weekly cume / RADIO_EPISODES_PER_WEEK (US-only by construction); cume overlap not modelled; flat across the outlet's items (no per-item signal),"Piece uses multiple named sources (bank CEOs, credit officer, law professor) with concrete examples of AI use and specific concerns about bias/regulation, showing moderate evidentiary depth. Speakers have professional standing but no strong personal authority with a broad audience. Tone is neutral, informational, low emotional charge."
50,bdbcac60c89726b5,The Hugh Hewitt Show,radio,en,dollys-greatest-and-most-reaganesque-legacy,https://hughhewitt.com/dollys-greatest-and-most-reaganesque-legacy,2026-08-26T01:51:34+00:00,0.00572519,0.108500,0.566667,0.00035200,1500000.000000,,4,5,8,17,poverty_homelessness:0.45; economy:0.35; education:0.10; other:0.10,score_v2,secondary,full_text,open,717,rss_fulltext,weekly cume / RADIO_EPISODES_PER_WEEK (US-only by construction); cume overlap not modelled; flat across the outlet's items (no per-item signal),"Personal essay with anecdotal evidence (literacy stats, Dollywood growth) but no rigorous data or counterarguments. Hugh Hewitt's voice carries some authority with his conservative audience, reinforced by ideological framing ('Reaganesque'). Emotionally charged tribute with strong nostalgic, grief-tinged language throughout."
51,e54a9b637d5d7fa8,Fox News Channel,cable,en,politics / mamdani-gives-influencers-special-access-signal-use-raises-records-law-questions,https://www.foxnews.com/politics/mamdani-gives-influencers-special-access-signal-use-raises-records-law-questions,2026-09-03T17:27:14+00:00,0.00568702,0.166500,0.366667,0.00034719,1490000.000000,,5,4,2,11,government_leadership:0.60; democracy_elections:0.25; ai_technology:0.15,score_v2,ok,full_text,open,510,rss_fulltext,programme average viewers x TV_SEGMENT_SHARE (US-only by construction); flat across the outlet's items (no per-item signal),"News report citing CJR investigation, city employee sources, and direct Mamdani quotes on records compliance. Factual, evidence-based on influencer payments and Signal use, minimal emotional language; standard journalistic authority, not a strong personal ethos voice."
52,adaa1a58bbfabdbf,Fox News Channel,cable,en,politics / feds-bust-lgbt-podcaster-former-christian-reality-tv-star-alleged-threats-kill-trump,https://www.foxnews.com/politics/feds-bust-lgbt-podcaster-former-christian-reality-tv-star-alleged-threats-kill-trump,2026-09-03T18:02:00+00:00,0.00568702,0.121000,0.500000,0.00034406,1490000.000000,,4,5,6,15,government_leadership:0.40; crime:0.35; other:0.25,score_v2,ok,full_text,open,534,rss_fulltext,programme average viewers x TV_SEGMENT_SHARE (US-only by construction); flat across the outlet's items (no per-item signal),"News report citing federal indictment, U.S. Attorney statements, court documents, and White House comment; presents factual allegations with quoted evidence. Ethos rests on official sources (DOJ, White House). Pathos moderate via inflammatory quotes ('Kill Trump', 'Trump Derangement Syndrome') and dramatic arrest scene."
53,a5ec37baa2ccdef6,PBS News Hour,tv,en,Trump promises to campaign for Republicans and says they have a winning midterm message,https://www.pbs.org/newshour/politics/trump-promises-to-campaign-for-republicans-and-says-they-have-a-winning-midterm-message,2026-09-03T15:36:58+00:00,0.00336641,0.201500,0.466667,0.00031655,882000.000000,,2,8,4,14,government_leadership:0.50; economy:0.25; democracy_elections:0.15; immigration:0.10,score_v2,stale,full_text,open,619,page_fetch,programme average viewers x TV_SEGMENT_SHARE (US-only by construction); flat across the outlet's items (no per-item signal),"Trump makes assertions about economic gains and border crossings with 'significantly inflated figures,' but offers little evidence or reasoning. As sitting president speaking to his own party, his ethos with this audience is very high. Some boastful, confident rhetoric adds moderate emotional charge."
54,495f3c32e7df52bf,Brian Tyler Cohen (No Lie),podcast,en,Trump Siccs FCC on Yet Another Opponent,https://plus.briantylercohen.com/p/trump-siccs-fcc-on-yet-another-opponent,2026-09-01T00:00:00+00:00,0.00400000,0.128500,0.533333,0.00027413,1048000.000000,,4,5,7,16,democracy_elections:0.45; government_leadership:0.35; other:0.20,score_v2,ok,full_text,open,601,transcript_page,subscribers x PODCAST_EPISODE_VIEW_RATE x (1 + PODCAST_AUDIO_MULTIPLE) (UNADJUSTED: no public country split for this platform); flat across the outlet's items (no per-item signal),"Opinion piece with some legal reasoning (First Amendment, pattern of settlements) but mostly assertion and framing. Author is an independent commentator with a following but no major institutional weight. Heavy emotional language: 'unhinged,' 'henchman,' 'chilling effect,' dog metaphor."
55,fa7da7672118593c,MS NOW (formerly MSNBC),cable,en,rachel-maddow-show / maddowblog / congress-house-republican-cancel-work-schedule-midterm-elections,https://www.ms.now/rachel-maddow-show/maddowblog/congress-house-republican-cancel-work-schedule-midterm-elections,2026-09-03T17:24:21+00:00,0.00241603,0.193000,0.566667,0.00026423,633000.000000,,8,5,4,17,government_leadership:0.70; democracy_elections:0.30,score_v2,ok,full_text,open,614,rss_fulltext,programme average viewers x TV_SEGMENT_SHARE (US-only by construction); flat across the outlet's items (no per-item signal),"Cites schedule data, Punchbowl/NOTUS statistics, historical comparisons to 1948, and quotes from GOP leaders to build a documented case of unproductivity. Maddow-branded blog carries recognizable ethos with its progressive audience. Sarcastic, mocking tone ('do-nothing Congress') adds moderate pathos via ridicule rather than raw evidence alone."
56,926f4b57e401cbbb,Louder with Crowder,podcast,en,trump-goes-to-war-with-canada-and-china,https://b8d5c6ff-7fc4-4a28-b30f-99e02efd09b6.libsyn.com/trump-goes-to-war-with-canada-and-china,2026-08-27T15:42:00+00:00,0.00451145,0.129000,0.433333,0.00025219,1182000.000000,,2,5,6,13,immigration:0.40; foreign_policy_wars:0.30; economy:0.20; other:0.10,score_v2,ok,full_text,open,310,rss_fulltext,subscribers x PODCAST_EPISODE_VIEW_RATE x (1 + PODCAST_AUDIO_MULTIPLE) (UNADJUSTED: no public country split for this platform); flat across the outlet's items (no per-item signal),"Show rundown mixing mockery of 'Indian bot farms,' immigration claims from a guest, and a dismissive take on Canada-US trade tensions, with minimal evidence and heavy ad content. Host has a known partisan following but offers little argumentation, relying on ridicule and assertion."
57,83afed88f2a34beb,NPR News (Morning Edition / All Things Considered),radio,en,Here & Now Anytime,https://www.npr.org/podcasts/510051/here-x26-now,2026-09-03T00:00:00+00:00,0.011221,0.047500,0.466667,0.00024874,2940000.000000,,4,6,4,14,ai_technology:0.30; democracy_elections:0.15; healthcare:0.15; foreign_policy_wars:0.15; other:0.15; crime:0.10,score_v2,secondary,full_text,open,678,transcript_page,weekly cume / RADIO_EPISODES_PER_WEEK (US-only by construction); cume overlap not modelled; flat across the outlet's items (no per-item signal),"A multi-segment news digest with varied topics (AI in schools, surveillance tech, healthcare, voting rights, foreign policy, cultural remembrances). Each segment offers modest evidence via expert interviews but limited depth. NPR/WBUR institutional credibility lends moderate ethos; emotional moments (obituaries, personal stories) add some pathos, though overall tone is measured.'"
58,a3f1fdf829f74467,NPR News (Morning Edition / All Things Considered),radio,en,"Later in life, Gloria Steinem found herself free of the 'demands of gender'",https://www.npr.org/2026/09/03/nx-s1-5955479/gloria-steinem-fresh-air,2026-09-03T18:42:39+00:00,0.011221,0.034000,0.633333,0.00024163,2940000.000000,,4,8,7,19,abortion:0.35; other:0.35; ethics_morality:0.15; crime:0.15,score_v2,secondary,full_text,open,1543,page_fetch,weekly cume / RADIO_EPISODES_PER_WEEK (US-only by construction); cume overlap not modelled; flat across the outlet's items (no per-item signal),"Personal testimony and anecdote from Steinem, a historically authoritative feminist icon, on abortion, violence against women, and aging. Emotionally vivid recollections (illegal abortion, abuse) but little structured argument or data; mainly reflective narrative and personal experience shared with a sympathetic audience."
59,04d9024252d9f050,PBS News Hour,tv,en,"Democrats promise a big agenda if they win control of Congress, but their unity is being tested",https://www.pbs.org/newshour/politics/democrats-promise-a-big-agenda-if-they-win-control-of-congress-but-their-unity-is-being-tested,2026-09-03T17:33:43+00:00,0.00336641,0.178500,0.400000,0.00024036,882000.000000,,5,4,3,12,government_leadership:0.50; democracy_elections:0.25; economy:0.15; healthcare:0.10,score_v2,stale,full_text,open,1131,page_fetch,programme average viewers x TV_SEGMENT_SHARE (US-only by construction); flat across the outlet's items (no per-item signal),"Standard AP political reporting with multiple sourced quotes, historical comparisons, and factual context on House dynamics; balanced, low emotional charge; authority derives from institutional AP sourcing rather than a singular authoritative voice."
60,92eae3ca39d3ce56,Fox News Channel,cable,en,politics / blue-state-governor-candidate-claims-met-satan-person-resurfaced-podcast-episode,https://www.foxnews.com/politics/blue-state-governor-candidate-claims-met-satan-person-resurfaced-podcast-episode,2026-09-03T17:29:59+00:00,0.00568702,0.125500,0.333333,0.00023791,1490000.000000,,1,3,6,10,government_leadership:0.40; ethics_morality:0.35; democracy_elections:0.25,score_v2,ok,full_text,open,448,rss_fulltext,programme average viewers x TV_SEGMENT_SHARE (US-only by construction); flat across the outlet's items (no per-item signal),"Anecdotal claim about meeting Satan with no evidence beyond personal testimony; contextualizes candidate's campaign. Ethos moderate as gubernatorial nominee/ministry leader with some public standing. Pathos elevated by vivid, dramatic supernatural narrative and quoted dialogue."
61,64c63b411abd1d3f,Louder with Crowder,podcast,en,trumps-venezuela-colonialist-oil-deal-could-change-everything,https://b8d5c6ff-7fc4-4a28-b30f-99e02efd09b6.libsyn.com/trumps-venezuela-colonialist-oil-deal-could-change-everything,2026-08-31T15:35:00+00:00,0.00451145,0.120500,0.433333,0.00023557,1182000.000000,,2,6,5,13,foreign_policy_wars:0.40; immigration:0.25; economy:0.20; crime:0.15,score_v2,ok,full_text,open,371,rss_fulltext,subscribers x PODCAST_EPISODE_VIEW_RATE x (1 + PODCAST_AUDIO_MULTIPLE) (UNADJUSTED: no public country split for this platform); flat across the outlet's items (no per-item signal),"Show rundown teasing topics (trial, immigration debate, Venezuela oil deal) with sarcastic commentary, little evidence or argument developed. Host Crowder has strong personal following, giving moderate ethos. Sarcastic tone ('no way anyone could be mad') adds mild emotional charge, mostly flippant rather than intense."
62,e4849b6616f9a3cb,MS NOW (formerly MSNBC),cable,en,opinion / trump-coin-history-project-47,https://www.ms.now/opinion/trump-coin-history-project-47,2026-09-03T15:48:12+00:00,0.00241603,0.190000,0.500000,0.00022952,633000.000000,,6,5,4,15,government_leadership:0.70; democracy_elections:0.20; ethics_morality:0.10,score_v2,ok,full_text,open,1066,rss_fulltext,programme average viewers x TV_SEGMENT_SHARE (US-only by construction); flat across the outlet's items (no per-item signal),"Opinion piece with historical evidence and legal reasoning tracing coin traditions to argue Trump erodes norms. Author is unnamed opinion writer for MS NOW newsletter, moderate institutional standing. Emotional tone is critical but restrained, using irony ('a mistake,' 'flop') rather than intense pathos."
63,0bb33e4ee483289a,The Hugh Hewitt Show,radio,en,when-the-world-is-just-crazy,https://hughhewitt.com/when-the-world-is-just-crazy,2026-08-30T10:48:52+00:00,0.00572519,0.080000,0.500000,0.00022901,1500000.000000,,1,6,8,15,ethics_morality:0.60; unifying_the_country:0.20; government_leadership:0.20,score_v2,secondary,full_text,open,359,rss_fulltext,weekly cume / RADIO_EPISODES_PER_WEEK (US-only by construction); cume overlap not modelled; flat across the outlet's items (no per-item signal),"A reflective, religious musing by Hugh Hewitt on a difficult week (politics, mental health, tragedy, Dolly Parton's death), pivoting to a Psalm for comfort. No argument or evidence; relies on personal reflection and scripture, carrying emotional weight and his established voice with his audience."
64,a83f34dc906bb52b,Louder with Crowder,podcast,en,americas-rusty-carrier-the-alliance-working-to-spread-the-american-decline-narrative,https://b8d5c6ff-7fc4-4a28-b30f-99e02efd09b6.libsyn.com/americas-rusty-carrier-the-alliance-working-to-spread-the-american-decline-narrative,2026-09-03T15:50:00+00:00,0.00451145,0.101000,0.500000,0.00022783,1182000.000000,,2,6,7,15,immigration:0.40; race_relations:0.30; foreign_policy_wars:0.20; government_leadership:0.10,score_v2,ok,full_text,open,323,rss_fulltext,subscribers x PODCAST_EPISODE_VIEW_RATE x (1 + PODCAST_AUDIO_MULTIPLE) (UNADJUSTED: no public country split for this platform); flat across the outlet's items (no per-item signal),"Steven Crowder's show mocks CNN, Jemele Hill, and immigration advocacy with sarcasm and mockery rather than evidence. Ethos derives from Crowder's established, loyal audience base. Emotional language ('racial Marxism', 'manufacture stories') drives pathos; little reasoning or data offered."
65,07646ceacaaf1d08,The Clay Travis & Buck Sexton Show,radio,en,the-clay-travis-and-buck-sexton-show / hour-3-responsibility-still-matters,https://omny.fm/shows/the-clay-travis-and-buck-sexton-show/hour-3-responsibility-still-matters,2026-09-02T19:10:00+00:00,0.00744275,0.054000,0.566667,0.00022775,1950000.000000,,5,7,5,17,crime:0.45; ai_technology:0.25; government_leadership:0.15; democracy_elections:0.10; other:0.05,score_v2,secondary,full_text,open,908,rss_fulltext,weekly cume / RADIO_EPISODES_PER_WEEK (US-only by construction); cume overlap not modelled; flat across the outlet's items (no per-item signal),"Hosts discuss legal history, constitutional issues, and jury dynamics with some reasoning, but mostly opinion and speculation. Established syndicated hosts with loyal audience give solid ethos. Moderate emotional charge around crime, morality, and 'evil' discussions, plus lighter jokes on Trump naming stunts."
66,aea2b7d84df4d745,PBS News Hour,tv,en,newshour / compass-points,https://www.pbs.org/newshour/video/compass-points,2026-08-28T00:00:00+00:00,0.00336641,0.126500,0.533333,0.00022712,882000.000000,,6,7,3,16,foreign_policy_wars:0.95; government_leadership:0.05,score_v2,stale,full_text,open,754,transcript_page,programme average viewers x TV_SEGMENT_SHARE (US-only by construction); flat across the outlet's items (no per-item signal),"PBS NewsHour foreign affairs digest with named journalists/experts analyzing wars, diplomacy, geopolitics. Institutional credibility (PBS, named correspondents) supports moderate ethos; analytical framing suggests reasoning but summaries are brief; emotional language limited, mostly descriptive of conflict and authoritarian dynamics."
67,5fb1d201f61e0825,Noticias Telemundo,tv,es,Recomiendan a familias inmigrantes seguir declarando impuestos aunque limiten créditos tributarios,https://www.telemundo.com/noticias/noticias-telemundo/inmigracion/video/recomiendan-a-familias-inmigrantes-seguir-declarando-impuestos-aunque-limiten-creditos-tributarios-tmvo13220194,2026-09-03T00:00:00+00:00,0.00549618,0.132500,0.300000,0.00021847,1440000.000000,,3,4,2,9,immigration:0.75; economy:0.25,score_v2,ok,full_text,open,365,transcript_page,programme average viewers x TV_SEGMENT_SHARE (US-only by construction); flat across the outlet's items (no per-item signal),"Short segment features an immigration lawyer advising immigrant families on tax filing amid policy changes limiting credits. Some expert reasoning offered but brief and one-sided; ethos from professional credential; low emotional intensity, mostly informational."
68,fcda26a422c28022,Noticias Telemundo,tv,es,Esta psicóloga cuenta que mientras estuvo detenida por ICE pudo ayudar a otras mujeres en 'shock',https://www.telemundo.com/noticias/noticias-telemundo/inmigracion/video/esta-psicologa-cuenta-que-mientras-estuvo-detenida-por-ice-pudo-ayudar-a-otras-mujeres-en-shock-tmvo13220238,2026-09-03T00:00:00+00:00,0.00549618,0.091000,0.433333,0.00021673,1440000.000000,,2,4,7,13,immigration:0.85; healthcare:0.15,score_v2,ok,full_text,open,365,transcript_page,programme average viewers x TV_SEGMENT_SHARE (US-only by construction); flat across the outlet's items (no per-item signal),"Personal testimony of a psychologist detained by ICE, describing emotional distress of detainees. Little evidence or structured argument; authority derives from her professional background and firsthand experience; emotionally charged narrative about fear and mental health crises."
69,45d839063b5f956d,The Charlie Kirk Show,podcast,en,Trump Urges Americans To Support Data Centers In U.S.,https://salemnewschannel.com/watch/trump-urges-americans-to-support-data-centers-in-us-6a972d7e19c7686f548efc03,2026-09-01T00:00:00+00:00,0.00448855,0.087000,0.533333,0.00020827,1176000.000000,,2,8,6,16,ai_technology:0.60; economy:0.30; foreign_policy_wars:0.10,score_v2,ok,full_text,open,303,transcript_page,subscribers x PODCAST_EPISODE_VIEW_RATE x (1 + PODCAST_AUDIO_MULTIPLE) (UNADJUSTED: no public country split for this platform); flat across the outlet's items (no per-item signal),"Trump's Truth Social post asserts benefits of data centers with no evidence, using stark dichotomies ('backwards and poor' vs 'successful and rich') and China rivalry framing. High ethos as sitting president addressing supporters; moderate-high pathos via loaded language, minimal logos."
70,54fd6214603b4943,The Megyn Kelly Show,podcast,en,‘I Reject Your Sympathy’: Dad of Girl Catastrophically Injured in Crash with Illegal Migrant Unloads on Dems,https://www.megynkelly.com/2026/09/02/father-of-injured-dalilah-coleman-rips-house-democrats-over-border-policy,2026-09-02T00:00:00+00:00,0.00316794,0.109000,0.600000,0.00020718,830000.000000,,3,6,9,18,immigration:0.70; crime:0.15; government_leadership:0.15,score_v2,ok,full_text,open,796,transcript_page,subscribers x PODCAST_EPISODE_VIEW_RATE x (1 + PODCAST_AUDIO_MULTIPLE) (UNADJUSTED: no public country split for this platform); flat across the outlet's items (no per-item signal),Emotional testimony from an injured child's father dominates; policy details on Dalilah's Law offer minor reasoning. Ethos derives from Megyn Kelly's commentary and the father's personal authority as victim. Heavy pathos via graphic injury details and confrontational quotes; little counterargument engagement.
71,67c1f2e7f5032089,NPR News (Morning Edition / All Things Considered),radio,en,Wild Card with Rachel Martin,https://www.npr.org/podcasts/510379/wild-card-with-rachel-martin,2026-09-03T00:00:00+00:00,0.011221,0.046000,0.400000,0.00020647,2940000.000000,,1,5,6,12,ethics_morality:0.60; other:0.40,score_v2,secondary,full_text,open,1009,transcript_page,weekly cume / RADIO_EPISODES_PER_WEEK (US-only by construction); cume overlap not modelled; flat across the outlet's items (no per-item signal),"A podcast description and episode list of celebrity interviews about personal reflection, grief, identity—not political or civic topics. No argumentation; some emotional resonance from personal stories; moderate ethos from named celebrities and NPR/NYT branding."
72,a707cef2197bcdf7,MS NOW (formerly MSNBC),cable,en,rachel-maddow-show / maddowblog / testosterone-tests-hegseth-military-pentagon-service-members-troops-guidelines,https://www.ms.now/rachel-maddow-show/maddowblog/testosterone-tests-hegseth-military-pentagon-service-members-troops-guidelines,2026-09-03T16:16:35+00:00,0.00241603,0.170500,0.500000,0.00020597,633000.000000,,6,5,4,15,government_leadership:0.55; healthcare:0.20; foreign_policy_wars:0.15; other:0.10,score_v2,ok,full_text,open,408,rss_fulltext,programme average viewers x TV_SEGMENT_SHARE (US-only by construction); flat across the outlet's items (no per-item signal),"Article cites Pentagon documents, Reuters, NYT, and endocrinology expert Beckwith to critique Hegseth's testosterone policy. Institutional sourcing gives moderate ethos; mocking tone ('exceedingly weird,' 'odd idea') adds mild pathos via ridicule of Hegseth."
73,2df6705b72d1f49c,The Clay Travis & Buck Sexton Show,radio,en,the-clay-travis-and-buck-sexton-show / hour-2-the-case-for-flock-cameras,https://omny.fm/shows/the-clay-travis-and-buck-sexton-show/hour-2-the-case-for-flock-cameras,2026-09-02T19:15:00+00:00,0.00744275,0.051500,0.533333,0.00020443,1950000.000000,,5,6,5,16,crime:0.35; guns:0.25; government_leadership:0.15; democracy_elections:0.10; ai_technology:0.10; other:0.05,score_v2,secondary,full_text,open,837,rss_fulltext,weekly cume / RADIO_EPISODES_PER_WEEK (US-only by construction); cume overlap not modelled; flat across the outlet's items (no per-item signal),"Hosts present statistics, examples, and multi-sided reasoning on surveillance, guns, and crime, but arguments remain conversational rather than rigorous. As established syndicated radio hosts with a loyal conservative audience, they carry real authority. Emotional framing around crime, self-defense, and civil liberties adds moderate pathos throughout."
74,ca0719ea4822c4c5,The Clay Travis & Buck Sexton Show,radio,en,the-clay-travis-and-buck-sexton-show / hour-2-the-cost-of-conspiracy,https://omny.fm/shows/the-clay-travis-and-buck-sexton-show/hour-2-the-cost-of-conspiracy,2026-09-01T19:15:00+00:00,0.00744275,0.048000,0.566667,0.00020244,1950000.000000,,4,7,6,17,crime:0.50; foreign_policy_wars:0.20; democracy_elections:0.20; other:0.10,score_v2,secondary,full_text,open,884,rss_fulltext,weekly cume / RADIO_EPISODES_PER_WEEK (US-only by construction); cume overlap not modelled; flat across the outlet's items (no per-item signal),"Hosts offer opinionated analysis and some case reasoning but little hard evidence or documents; mostly assertion and framing. Clay and Buck are established, trusted conservative talk hosts with loyal audience, giving strong ethos. Emotional language on crime, victims, and conspiracy fears drives moderate-high pathos."
75,1aed0a22155e8399,Noticias Telemundo,tv,es,Jueves de inmigración: ¿Cómo se puede ayudar a un inmigrante detenido que trasladan a otro estado?,https://www.telemundo.com/noticias/noticias-telemundo/inmigracion/video/jueves-de-inmigracion-como-se-puede-ayudar-a-un-inmigrante-detenido-que-trasladan-a-otro-estado-tmvo13220246,2026-09-03T00:00:00+00:00,0.00549618,0.100000,0.366667,0.00020153,1440000.000000,,3,6,2,11,immigration:1.00,score_v2,ok,full_text,open,364,transcript_page,programme average viewers x TV_SEGMENT_SHARE (US-only by construction); flat across the outlet's items (no per-item signal),"A brief expert segment where an immigration lawyer explains practical steps for families with detained relatives transferred to another state. Some procedural guidance but little evidence/data; authority comes from her professional credential; emotional tone is low, mostly informational."
76,4b5993406f5450be,The Hugh Hewitt Show,radio,en,madness-amok,https://hughhewitt.com/madness-amok,2026-08-28T11:32:31+00:00,0.00572519,0.063000,0.533333,0.00019237,1500000.000000,,3,6,7,16,ethics_morality:0.55; ai_technology:0.20; government_leadership:0.15; other:0.10,score_v2,secondary,full_text,open,659,rss_fulltext,weekly cume / RADIO_EPISODES_PER_WEEK (US-only by construction); cume overlap not modelled; flat across the outlet's items (no per-item signal),"Hewitt uses a thermodynamics analogy, a survey statistic, and personal travel anecdotes to argue internet-driven mental disorder fuels dangerous ideologies. Reasoning is loose and one-sided; no counterarguments engaged. His established broadcast identity lends moderate authority; language is vivid, alarmed, and morally charged throughout."
77,3a9c2b89d9ff7c57,Louder with Crowder,podcast,en,lindsay-clancy-and-the-mass-psychosis-of-western-women,https://b8d5c6ff-7fc4-4a28-b30f-99e02efd09b6.libsyn.com/lindsay-clancy-and-the-mass-psychosis-of-western-women,2026-08-24T15:55:00+00:00,0.00451145,0.083000,0.500000,0.00018723,1182000.000000,,2,6,7,15,crime:0.40; other:0.25; foreign_policy_wars:0.20; government_leadership:0.15,score_v2,ok,full_text,open,360,rss_fulltext,subscribers x PODCAST_EPISODE_VIEW_RATE x (1 + PODCAST_AUDIO_MULTIPLE) (UNADJUSTED: no public country split for this platform); flat across the outlet's items (no per-item signal),"Commentary show mixing Iran policy, a murder trial framed as gender-war fodder, and mockery of a public figure; little evidence or argument, mostly assertions and jabs. Crowder's established audience and personality-driven brand give moderate ethos; charged, mocking language drives pathos."
78,28fad9b708dfff9f,The Hugh Hewitt Show,radio,en,what-we-fear,https://hughhewitt.com/what-we-fear,2026-09-01T12:18:17+00:00,0.00572519,0.057000,0.566667,0.00018492,1500000.000000,,4,6,7,17,ai_technology:0.30; foreign_policy_wars:0.30; ethics_morality:0.25; other:0.15,score_v2,secondary,full_text,open,766,rss_fulltext,weekly cume / RADIO_EPISODES_PER_WEEK (US-only by construction); cume overlap not modelled; flat across the outlet's items (no per-item signal),"Blog-style opinion piece using selective statistics on AI/nuclear energy, then pivots to condemning Hasan Piker and Democratic candidates via religious/moral framing. Little counter-engagement, some numeric claims. Hewitt's recognized conservative media voice gives moderate ethos; emotional fear-based rhetoric and scripture invoke strong pathos."
79,73c3538d44e99cd5,PBS News Hour,tv,en,Billionaire Leon Black skips Epstein deposition and sues House committee over subpoenas,https://www.pbs.org/newshour/politics/billionaire-leon-black-skips-epstein-deposition-and-sues-house-committee-over-subpoenas,2026-09-03T15:04:26+00:00,0.00336641,0.149000,0.366667,0.00018392,882000.000000,,4,4,3,11,government_leadership:0.50; democracy_elections:0.30; ethics_morality:0.20,score_v2,stale,full_text,open,507,page_fetch,programme average viewers x TV_SEGMENT_SHARE (US-only by construction); flat across the outlet's items (no per-item signal),"Straight AP news report on a legal dispute; includes quotes from both sides, factual background on subpoenas and prior testimony, but little independent analysis. Named officials and attorney lend institutional authority. Mild emotional charge from 'destroy Mr. Black' and contempt threats."
80,7af495d7dc4a3de7,The Rubin Report,podcast,en,bill-oreilly-goes-viral-w-his-dark-prediction-for-what-happens-next,https://77fe9e48-8ca5-46a1-abbf-39417174e9da.libsyn.com/bill-oreilly-goes-viral-w-his-dark-prediction-for-what-happens-next,2026-09-03T19:20:00+00:00,0.00245802,0.139500,0.500000,0.00017145,644000.000000,,2,6,7,15,government_leadership:0.30; immigration:0.25; democracy_elections:0.20; ethics_morality:0.15; economy:0.10,score_v2,ok,full_text,open,488,rss_fulltext,subscribers x PODCAST_EPISODE_VIEW_RATE x (1 + PODCAST_AUDIO_MULTIPLE) (UNADJUSTED: no public country split for this platform); flat across the outlet's items (no per-item signal),"Rubin recaps multiple charged culture-war segments (Homan/ICE, Trump/Hochul, Islam claims, capitalism debate) with little evidence or sourcing beyond assertion and 'leaked video' claims. His personal brand carries weight with his audience, but content is heavy on provocative framing and outrage rather than argument."
81,4bb81b4d5251ffc7,Louder with Crowder,podcast,en,trumps-immigration-wins-are-exposing-the-immigrants-that-hate-us,https://b8d5c6ff-7fc4-4a28-b30f-99e02efd09b6.libsyn.com/trumps-immigration-wins-are-exposing-the-immigrants-that-hate-us,2026-08-26T18:41:00+00:00,0.00451145,0.080500,0.466667,0.00016948,1182000.000000,,2,6,6,14,immigration:0.55; other:0.25; race_relations:0.20,score_v2,ok,full_text,open,333,rss_fulltext,subscribers x PODCAST_EPISODE_VIEW_RATE x (1 + PODCAST_AUDIO_MULTIPLE) (UNADJUSTED: no public country split for this platform); flat across the outlet's items (no per-item signal),"Commentary show with mocking tone on immigration and diversity claims, little evidence offered beyond assertions. Host Crowder has established personal authority/loyal audience, giving moderate ethos. Emotional, sarcastic framing drives pathos; minimal reasoning or data cited."
82,5463bf5eda394985,The Majority Report with Sam Seder,podcast,en,2721-trumps-canadian-trade-war-what-it-takes-to-win-in-florida-w-angie-nixon,https://majorityfm.libsyn.com/2721-trumps-canadian-trade-war-what-it-takes-to-win-in-florida-w-angie-nixon,2026-08-31T19:09:00+00:00,0.00159542,0.180000,0.566667,0.00016273,418000.000000,,4,6,7,17,economy:0.35; government_leadership:0.25; foreign_policy_wars:0.15; immigration:0.15; race_relations:0.10,score_v2,ok,full_text,open,498,rss_fulltext,subscribers x PODCAST_EPISODE_VIEW_RATE x (1 + PODCAST_AUDIO_MULTIPLE) (UNADJUSTED: no public country split for this platform); flat across the outlet's items (no per-item signal),"Podcast rundown mixing tariff/economy analysis, campaign interviews, and mockery of political rivals with charged, partisan language (racist rant, gotcha questions). Hosts' established audience gives moderate ethos; some factual claims (tariff costs) but mostly commentary/snark, low sustained argumentation."
83,55b74bd9f2ac0a15,N+ Univision (Noticias Univision),tv,es,temas / mexico-city,https://www.univision.com/temas/mexico-city,2026-08-30T00:00:00+00:00,0.00480916,0.112000,0.300000,0.00016159,1260000.000000,,2,3,4,9,immigration:0.55; government_leadership:0.15; crime:0.15; foreign_policy_wars:0.15,score_v2,ok,full_text,open,567,transcript_page,programme average viewers x TV_SEGMENT_SHARE (US-only by construction); flat across the outlet's items (no per-item signal),"Aggregated news index of short headlines/summaries on immigration, deportations, Sheinbaum's address, and arms trafficking; minimal argumentation, some human-interest emotional pull (family separation), moderate institutional (Univision/N+) authority."
84,d4c84da8563e4e90,NPR News (Morning Edition / All Things Considered),radio,en,It's Been a Minute,https://www.npr.org/podcasts/510317/its-been-a-minute,2026-09-02T00:00:00+00:00,0.011221,0.070000,0.200000,0.00015710,2940000.000000,,1,3,2,6,other:1.00,score_v2,secondary,full_text,open,376,transcript_page,weekly cume / RADIO_EPISODES_PER_WEEK (US-only by construction); cume overlap not modelled; flat across the outlet's items (no per-item signal),"This is a podcast promo/episode listing with no substantive argument, evidence, or emotional appeal—just show descriptions and branding. Minimal ethos from NPR affiliation and host recognition, negligible logos/pathos content."
85,4bd3ed9db76afcb3,N+ Univision (Noticias Univision),tv,es,noticias / america-latina,https://www.univision.com/noticias/america-latina,2026-09-01T00:00:00+00:00,0.00480916,0.097500,0.333333,0.00015630,1260000.000000,,3,3,4,10,foreign_policy_wars:0.30; crime:0.20; government_leadership:0.15; immigration:0.15; environment:0.10; democracy_elections:0.10,score_v2,ok,full_text,open,1022,transcript_page,programme average viewers x TV_SEGMENT_SHARE (US-only by construction); flat across the outlet's items (no per-item signal),"An aggregated digest of unrelated Latin American news briefs (attacks, Venezuela oil deals, elections, migration, hurricanes). Minimal argumentation, no single authoritative voice, but some emotionally charged anecdotes (migrant suffering, hurricane survivors) add moderate pathos amid mostly flat reporting."
86,8d79d2c46a616b9b,The Majority Report with Sam Seder,podcast,en,2716-fixing-trumps-trade-war-west-bank-under-siege-w-lori-wallach-mohammad-hesham-huraini,https://majorityfm.libsyn.com/2716-fixing-trumps-trade-war-west-bank-under-siege-w-lori-wallach-mohammad-hesham-huraini,2026-08-24T19:01:00+00:00,0.00159542,0.170500,0.566667,0.00015414,418000.000000,,5,6,6,17,economy:0.35; foreign_policy_wars:0.35; government_leadership:0.15; other:0.15,score_v2,ok,full_text,open,473,rss_fulltext,subscribers x PODCAST_EPISODE_VIEW_RATE x (1 + PODCAST_AUDIO_MULTIPLE) (UNADJUSTED: no public country split for this platform); flat across the outlet's items (no per-item signal),"Podcast mixes expert trade-policy discussion (Wallach), firsthand testimony on settler violence (Huraini), and media commentary segments. Hosts have established audience trust; guests bring expertise/witness credibility. Emotional intensity rises with violence account; moderate reasoning depth overall, limited counterargument engagement."
87,4abe91891125016d,Noticias Telemundo,tv,es,Una jueza federal bloqueó el decreto de Trump que buscaba limitar la ciudadanía por nacimiento,https://www.telemundo.com/noticias/noticias-telemundo/inmigracion/video/una-jueza-federal-bloqueo-el-decreto-de-trump-que-buscaba-limitar-la-ciudadania-por-nacimiento-tmvo13220279,2026-09-03T00:00:00+00:00,0.00549618,0.084000,0.333333,0.00015389,1440000.000000,,3,5,2,10,immigration:0.60; democracy_elections:0.40,score_v2,ok,full_text,open,353,transcript_page,programme average viewers x TV_SEGMENT_SHARE (US-only by construction); flat across the outlet's items (no per-item signal),"Short news brief citing a federal judge's ruling and constitutional reasoning (14th Amendment), with minimal elaboration. Institutional authority (court, news outlet) but no personal ethos beyond the judge's title. Low emotional language; factual tone."
88,4a9befb972655ed0,Noticias Telemundo,tv,es,Vea las dos nuevas medidas contra los inmigrantes del Gobierno de Trump,https://www.telemundo.com/noticias/noticias-telemundo/internacional/video/vea-las-dos-nuevas-medidas-contra-los-inmigrantes-del-gobierno-de-trump-tmvo13220277,2026-09-03T00:00:00+00:00,0.00549618,0.115000,0.233333,0.00014748,1440000.000000,,2,3,2,7,immigration:0.90; government_leadership:0.10,score_v2,ok,full_text,open,349,transcript_page,programme average viewers x TV_SEGMENT_SHARE (US-only by construction); flat across the outlet's items (no per-item signal),"Short news brief reporting two Trump administration immigration policy announcements with minimal detail, no named speaker authority beyond institutional attribution, and flat, factual tone without emotional language or extensive reasoning."
89,ae922313c32d4b18,Fox News Channel,cable,en,Helicopter rescue crew caught on camera saving 2 climbers trapped along popular California beach cliff,https://www.foxnews.com/us/helicopter-rescue-crew-caught-camera-saving-climbers-trapped-popular-california-beach-cliff,2026-08-25T00:00:00+00:00,0.00568702,0.070000,0.366667,0.00014597,1490000.000000,,3,4,4,11,other:1.00,score_v2,ok,full_text,open,387,transcript_page,programme average viewers x TV_SEGMENT_SHARE (US-only by construction); flat across the outlet's items (no per-item signal),"Straightforward news report on a rescue operation, citing CHP statements and details of the maneuver. No named speaker beyond institutional source; mild human-interest/emotional framing from social media quotes, but overall factual and low-intensity."
90,3bed5a96d2c7256b,N+ Univision (Noticias Univision),tv,es,noticias / estados-unidos,https://www.univision.com/noticias/estados-unidos,2026-09-01T00:00:00+00:00,0.00480916,0.077500,0.366667,0.00013666,1260000.000000,,3,3,5,11,immigration:0.55; guns:0.15; foreign_policy_wars:0.15; crime:0.10; other:0.05,score_v2,ok,full_text,open,1010,transcript_page,programme average viewers x TV_SEGMENT_SHARE (US-only by construction); flat across the outlet's items (no per-item signal),"A news aggregation of short wire-style items on immigration, crime, guns, and foreign affairs. Includes some statistics (FBI, GVA data) but little analysis; anonymous outlet voice with no personal authority; human-interest anecdotes (deaths, deportations) add moderate emotional weight."
91,8365dd849b95d2eb,The Charlie Kirk Show,podcast,en,DOJ Sues Kansas School District Over Transgender Policy,https://salemnewschannel.com/watch/doj-sues-kansas-school-district-over-transgender-policy-6a9818d32f48d9c8f5121e90,2026-09-02T00:00:00+00:00,0.00448855,0.095500,0.300000,0.00012860,1176000.000000,,4,3,2,9,education:0.45; government_leadership:0.25; democracy_elections:0.15; other:0.15,score_v2,ok,full_text,open,442,transcript_page,subscribers x PODCAST_EPISODE_VIEW_RATE x (1 + PODCAST_AUDIO_MULTIPLE) (UNADJUSTED: no public country split for this platform); flat across the outlet's items (no per-item signal),"Straight news report on a DOJ lawsuit; presents both sides briefly with factual background, minimal emotional language, and quotes an official without deep elaboration of authority or reasoning."
92,4292f14597b0c6de,MS NOW (formerly MSNBC),cable,en,news / news-analysis / hillary-clinton-gloria-steinem-was-brilliant-beautiful-funny-so-connected-to-the-world-and-she-did-it-all-with-such-grace,https://www.ms.now/news/news-analysis/hillary-clinton-gloria-steinem-was-brilliant-beautiful-funny-so-connected-to-the-world-and-she-did-it-all-with-such-grace,2026-09-03T16:30:54+00:00,0.00241603,0.088000,0.600000,0.00012757,633000.000000,,2,8,8,18,other:0.55; ethics_morality:0.20; government_leadership:0.15; unifying_the_country:0.10,score_v2,ok,full_text,open,760,rss_fulltext,programme average viewers x TV_SEGMENT_SHARE (US-only by construction); flat across the outlet's items (no per-item signal),"A tribute interview with Hillary Clinton reflecting on Gloria Steinem's legacy, feminism, and current political concerns. Little argumentation, mostly personal anecdote and emotional remembrance. Clinton's stature lends high ethos; pathos is strong via grief and admiration; minimal evidence-based reasoning."
93,e2ed244ef3652e7a,MS NOW (formerly MSNBC),cable,en,news / gloria-steinem-reactions-ruhle-clinton,https://www.ms.now/news/gloria-steinem-reactions-ruhle-clinton,2026-09-03T17:16:00+00:00,0.00241603,0.091000,0.566667,0.00012459,633000.000000,,1,8,8,17,other:0.55; unifying_the_country:0.15; government_leadership:0.15; race_relations:0.15,score_v2,ok,full_text,open,729,rss_fulltext,programme average viewers x TV_SEGMENT_SHARE (US-only by construction); flat across the outlet's items (no per-item signal),"Tribute compilation with quotes from Clinton, Harris, Pelosi, Ruhle and others praising Steinem's legacy; no argument or evidence, purely testimonial. High ethos from prominent named speakers; high emotional content via personal, heartfelt remembrances of loss and admiration."
94,a6277b9a889f99f7,CNN,cable,en,ctmo / 2026-09-03 / 01,https://transcripts.cnn.com/show/ctmo/date/2026-09-03/segment/01,2026-09-03T00:00:00+00:00,0.00176718,0.132000,0.533333,0.00012441,463000.000000,,5,6,5,16,government_leadership:0.50; crime:0.20; ai_technology:0.20; education:0.10,score_v2,ok,full_text,open,4146,transcript_page,programme average viewers x TV_SEGMENT_SHARE (US-only by construction); flat across the outlet's items (no per-item signal),"Panel discussion with named analysts, video clips, and specific claims (Tillis statement, Kendall testimony, Hegseth quotes) provides moderate evidentiary grounding but is mostly anecdotal debate. CNN anchor and recurring pundits carry professional/institutional authority. Emotional charge from military disrespect claims, shooting survivor audio, and cultural-war rhetoric raises pathos moderately."
95,ce06e8745f0de7b1,PBS News Hour,tv,en,Federal judge considers whether to extend ban against U.S. Postal Service mail voting changes,https://www.pbs.org/newshour/politics/federal-judge-considers-whether-to-extend-ban-against-u-s-postal-service-mail-voting-changes,2026-09-03T15:41:17+00:00,0.00336641,0.079000,0.466667,0.00012411,882000.000000,,7,5,2,14,democracy_elections:0.90; government_leadership:0.10,score_v2,stale,full_text,open,753,page_fetch,programme average viewers x TV_SEGMENT_SHARE (US-only by construction); flat across the outlet's items (no per-item signal),"AP straight-news account of court proceedings with quotes, procedural detail, timeline, whistleblower report evidence. Institutional wire-service authority, no personal ethos figure. Emotional tone is minimal, mostly factual and procedural reporting on litigation over mail voting rules."
96,858c425f8aa531be,CNN,cable,en,ctw / 2026-09-03 / 01,https://transcripts.cnn.com/show/ctw/date/2026-09-03/segment/01,2026-09-03T00:00:00+00:00,0.00176718,0.122500,0.566667,0.00012267,463000.000000,,6,6,5,17,foreign_policy_wars:0.35; economy:0.20; other:0.20; ai_technology:0.15; inflation_cost_of_living:0.10,score_v2,ok,full_text,open,5943,transcript_page,programme average viewers x TV_SEGMENT_SHARE (US-only by construction); flat across the outlet's items (no per-item signal),"News broadcast mixing factual reporting (oil escort figures, bond yields), expert interviews, an emotional flood survivor segment, and AI-in-schools reporting. Anchors and correspondents lend institutional CNN authority; data and expert commentary provide moderate reasoning; flood survivor interviews add strong emotional weight."
97,f787c1c9f789e518,MS NOW (formerly MSNBC),cable,en,news / kamala-harris-midterms-democrats-2028,https://www.ms.now/news/kamala-harris-midterms-democrats-2028,2026-09-03T17:19:51+00:00,0.00241603,0.117000,0.433333,0.00012249,633000.000000,,2,8,3,13,democracy_elections:0.70; government_leadership:0.30,score_v2,ok,full_text,open,436,rss_fulltext,programme average viewers x TV_SEGMENT_SHARE (US-only by construction); flat across the outlet's items (no per-item signal),"Straightforward political news reporting Harris's quote and reactions from Democratic strategy debates ahead of midterms; little evidence/argument, but Harris speaks with high personal authority as former VP/nominee to a national audience. Mild emotional framing via 'toxic' and 'lawless administration' language."
98,e324c5ab117020c2,The Majority Report with Sam Seder,podcast,en,2718-economy-slowing-rip-dolly-parton-how-police-seized-political-power-w-stuart-schrader,https://majorityfm.libsyn.com/2718-economy-slowing-rip-dolly-parton-how-police-seized-political-power-w-stuart-schrader,2026-08-26T19:12:00+00:00,0.00159542,0.153000,0.500000,0.00012205,418000.000000,,4,6,5,15,economy:0.35; government_leadership:0.20; crime:0.20; other:0.15; immigration:0.10,score_v2,ok,full_text,open,522,rss_fulltext,subscribers x PODCAST_EPISODE_VIEW_RATE x (1 + PODCAST_AUDIO_MULTIPLE) (UNADJUSTED: no public country split for this platform); flat across the outlet's items (no per-item signal),"Mixes economic data (inflation, unemployment metrics) with commentary on police history via guest interview, plus pop culture and partisan media notes. Some evidence cited but mostly framed rhetorically ('not good for Republicans'). Hosts have established podcast authority with loyal left-leaning audience; moderate emotional tone throughout, spiking with Dolly Parton tribute."
99,914bfeb52e320775,The Bulwark Podcast (now The Bulwark Daily),podcast,en,Pete Hegseth 💩 the Bed Again,https://www.thebulwark.com/p/pete-hegseth-the-bed-again,2026-09-03T00:00:00+00:00,0.00133588,0.160500,0.566667,0.00012150,350000.000000,,3,6,8,17,foreign_policy_wars:0.55; government_leadership:0.35; other:0.10,score_v2,ok,full_text,open,400,transcript_page,subscribers x PODCAST_EPISODE_VIEW_RATE x (1 + PODCAST_AUDIO_MULTIPLE) (UNADJUSTED: no public country split for this platform); flat across the outlet's items (no per-item signal),"Mostly mockery and outrage over Hegseth's tweet and management, citing Tillis quote and one anecdote; little sustained evidence. Author writes with authoritative, opinionated voice for a known outlet (Bulwark), and uses derisive, emotionally charged language throughout."
100,3577be1fd23518cc,Breaking Points,podcast,en,International Law With an Asterisk,https://breakingpoints.substack.com/p/international-law-with-an-asterisk,2026-08-23T00:00:00+00:00,0.00159542,0.133500,0.566667,0.00012069,418000.000000,,6,5,6,17,foreign_policy_wars:0.75; government_leadership:0.15; democracy_elections:0.10,score_v2,ok,full_text,open,643,transcript_page,subscribers x PODCAST_EPISODE_VIEW_RATE x (1 + PODCAST_AUDIO_MULTIPLE) (UNADJUSTED: no public country split for this platform); flat across the outlet's items (no per-item signal),"Op-ed dissects Rubio's ICC statement using legal history and precedent, engaging his argument point-by-point, but with sarcastic, mocking tone ('bumper sticker with diplomatic immunity') that carries rhetorical heat beyond neutral analysis."
101,2def6b0b121c570f,The Hugh Hewitt Show,radio,en,when-we-were-individuals-not-categories,https://hughhewitt.com/when-we-were-individuals-not-categories,2026-09-02T12:10:38+00:00,0.00572519,0.035000,0.600000,0.00012023,1500000.000000,,4,6,8,18,healthcare:0.50; education:0.25; ethics_morality:0.25,score_v2,secondary,full_text,open,555,rss_fulltext,weekly cume / RADIO_EPISODES_PER_WEEK (US-only by construction); cume overlap not modelled; flat across the outlet's items (no per-item signal),"Personal anecdote-driven op-ed about eldercare, dementia, hospice policy, and academic 'oppression' framing in gerontology courses. Blogger's own authority via lived experience and Hewitt platform gives moderate ethos; argument is mostly narrative, not structured evidence; emotional weight from mother's suffering is high."
102,7037f6071fd71b52,CNN,cable,en,cnr / 2026-09-03 / 20,https://transcripts.cnn.com/show/cnr/date/2026-09-03/segment/20,2026-09-03T00:00:00+00:00,0.00176718,0.135000,0.500000,0.00011928,463000.000000,,5,6,4,15,foreign_policy_wars:0.55; immigration:0.15; economy:0.15; other:0.10; government_leadership:0.05,score_v2,ok,full_text,open,4404,transcript_page,programme average viewers x TV_SEGMENT_SHARE (US-only by construction); flat across the outlet's items (no per-item signal),"Standard multi-story CNN newscast: factual reporting on Iran strikes, Nepal floods, Ceuta protests, Putin's forum, West Bank violence, and business news. Includes correspondent sourcing, official quotes, and data (ADP jobs, bond yields), giving moderate logos; anchor/correspondent credibility grounds ethos; emotional content from disaster/violence coverage adds moderate pathos."
103,203f3ecf4ae4b910,MS NOW (formerly MSNBC),cable,en,news / report-kennedy-intervened-to-stop-2-deaths-from-being-iin-cdc-measles-tally,https://www.ms.now/news/report-kennedy-intervened-to-stop-2-deaths-from-being-iin-cdc-measles-tally,2026-09-03T18:07:49+00:00,0.00241603,0.092500,0.533333,0.00011919,633000.000000,,6,5,5,16,healthcare:0.75; government_leadership:0.25,score_v2,ok,full_text,open,594,rss_fulltext,programme average viewers x TV_SEGMENT_SHARE (US-only by construction); flat across the outlet's items (no per-item signal),"Report cites Reuters investigation, anonymous sources, official statements, and quotes from both sides, providing evidentiary structure. MS NOW has moderate journalistic authority; Kennedy's controversial statements add emotional charge. No dominant personal ethos claimed by author, moderate pathos from conflict and death details."
104,fca51ccde42e4c93,The Charlie Kirk Show,podcast,en,Whistleblower Warns Of Problems With New Mail Ballot System,https://salemnewschannel.com/watch/whistleblower-warns-of-problems-with-new-mail-ballot-system-6a9818d22f48d9c8f5121e88,2026-09-02T00:00:00+00:00,0.00448855,0.079000,0.333333,0.00011820,1176000.000000,,4,4,2,10,democracy_elections:0.90; government_leadership:0.10,score_v2,ok,full_text,open,346,transcript_page,subscribers x PODCAST_EPISODE_VIEW_RATE x (1 + PODCAST_AUDIO_MULTIPLE) (UNADJUSTED: no public country split for this platform); flat across the outlet's items (no per-item signal),"Brief news report citing an anonymous whistleblower, a senator, and a court ruling, with competing claims from Postal Service and administration but little elaboration. Neutral tone, minimal emotional language, moderate sourcing but thin detail."
105,131e004e73cdc7e1,The Bulwark Podcast (now The Bulwark Daily),podcast,en,Jonathan V. Last: How Much Stupid Can We Possibly Take?,https://www.thebulwark.com/p/jonathan-v-last-how-much-stupid-can,2026-09-03T00:00:00+00:00,0.00133588,0.173000,0.500000,0.00011555,350000.000000,,2,6,7,15,government_leadership:0.50; foreign_policy_wars:0.25; immigration:0.15; ethics_morality:0.10,score_v2,ok,full_text,open,401,transcript_page,subscribers x PODCAST_EPISODE_VIEW_RATE x (1 + PODCAST_AUDIO_MULTIPLE) (UNADJUSTED: no public country split for this platform); flat across the outlet's items (no per-item signal),"Snarky rundown of political grievances (Hegseth, Vance, Collins, Venezuela) with minimal evidence, heavy sarcasm and mockery. Hosts are known Bulwark/anti-Trump commentators with established audience credibility, but little argumentative substance is offered—mostly assertion and ridicule."
106,3e05403d0ee69393,The Majority Report with Sam Seder,podcast,en,2723-mike-johnson-melts-down-markey-mauls-moulton-hbcu-funding-crisis-w-milton-allimadi,https://majorityfm.libsyn.com/2723-mike-johnson-melts-down-markey-mauls-moulton-hbcu-funding-crisis-w-milton-allimadi,2026-09-02T19:29:00+00:00,0.00159542,0.126000,0.566667,0.00011391,418000.000000,,4,6,7,17,government_leadership:0.30; education:0.20; democracy_elections:0.20; foreign_policy_wars:0.15; immigration:0.15,score_v2,ok,full_text,open,438,rss_fulltext,subscribers x PODCAST_EPISODE_VIEW_RATE x (1 + PODCAST_AUDIO_MULTIPLE) (UNADJUSTED: no public country split for this platform); flat across the outlet's items (no per-item signal),"Left-leaning political talk show mixing mockery of Republicans, election analysis, HBCU funding discussion, and immigration commentary. Hosts have loyal partisan audience (Sam Seder's Majority Report), some factual grounding via guest expertise, but heavy snark, ridicule, and emotional framing dominate over rigorous argument."
107,77e68ce7e19b56d5,CNN,cable,en,ctmo / 2026-09-03 / 02,https://transcripts.cnn.com/show/ctmo/date/2026-09-03/segment/02,2026-09-03T00:00:00+00:00,0.00176718,0.138000,0.466667,0.00011381,463000.000000,,4,6,4,14,government_leadership:0.45; other:0.30; ai_technology:0.15; education:0.10,score_v2,ok,full_text,open,5012,transcript_page,programme average viewers x TV_SEGMENT_SHARE (US-only by construction); flat across the outlet's items (no per-item signal),"Panel discussion mixes AI-in-classroom debate, Gallup corruption poll analysis, NBA Clippers punishment, and McConnell's absence, plus light banter. Some data cited (Gallup, financial disclosures) but mostly conversational assertion. Speakers are credentialed political commentators/journalists with recognized standing, giving moderate ethos; emotional intensity moderate via corruption outrage and hypocrisy framing."
108,b620bf56236ecd4a,CNN,cable,en,ow / 2026-09-03 / 01,https://transcripts.cnn.com/show/ow/date/2026-09-03/segment/01,2026-09-03T00:00:00+00:00,0.00176718,0.120500,0.533333,0.00011357,463000.000000,,4,6,6,16,foreign_policy_wars:0.35; immigration:0.30; government_leadership:0.15; other:0.15; abortion:0.05,score_v2,ok,full_text,open,3901,transcript_page,programme average viewers x TV_SEGMENT_SHARE (US-only by construction); flat across the outlet's items (no per-item signal),"Multi-segment news broadcast: Steinem obituary (emotional tribute), Iran war/Navy deployment reporting, Hegseth criticism, Ceuta migrant protests, DOJ immigration funding threat. Mix of correspondent reporting with some evidence/quotes but limited depth per topic; CNN anchors/correspondents carry institutional authority; emotional tribute segment raises pathos."
109,7b2a4d669d09e1aa,The Bulwark Podcast (now The Bulwark Daily),podcast,en,JD Vance Called Abdul El-Sayed ‘Evil.’ He’s One to Talk.,https://www.thebulwark.com/p/vice-president-jd-vance-called-abdul-el-sayed-evil-he-is-one-to-talk,2026-09-03T00:00:00+00:00,0.00133588,0.138500,0.600000,0.00011101,350000.000000,,6,5,7,18,government_leadership:0.35; race_relations:0.30; foreign_policy_wars:0.20; immigration:0.15,score_v2,ok,full_text,open,1503,transcript_page,subscribers x PODCAST_EPISODE_VIEW_RATE x (1 + PODCAST_AUDIO_MULTIPLE) (UNADJUSTED: no public country split for this platform); flat across the outlet's items (no per-item signal),"Opinion piece citing specific incidents, quotes, and documented statements about both Vance and El-Sayed to build a comparative argument. Author is an uncredited commentator with moderate institutional standing. Language is charged ('evil,' 'snail slime,' 'incitement') driving strong moral outrage throughout."
110,0b7adefb32cab1c0,The Bulwark Podcast (now The Bulwark Daily),podcast,en,Europe’s Gold Fled the Nazis. Now It’s Fleeing Trump.,https://www.thebulwark.com/p/europe-gold-fled-the-nazis-now-its-fleeing-trump,2026-09-04T00:00:00+00:00,0.00133588,0.166000,0.500000,0.00011088,350000.000000,,4,5,6,15,foreign_policy_wars:0.60; economy:0.30; government_leadership:0.10,score_v2,ok,full_text,open,351,transcript_page,subscribers x PODCAST_EPISODE_VIEW_RATE x (1 + PODCAST_AUDIO_MULTIPLE) (UNADJUSTED: no public country split for this platform); flat across the outlet's items (no per-item signal),"Article cites specific gold repatriation figures (Dutch, French banks) as evidence but is cut short by paywall before deeper analysis. Bulwark's institutional voice and anti-Trump framing carries some authority with its audience. Dramatic Nazi comparison and 'insane story' language add emotional charge."
111,f1f4f42d046e228b,The Bulwark Podcast (now The Bulwark Daily),podcast,en,Ex-CIA Officer: Scott Bessent Just Gave Putin One Hell of a Talking Point (w/ Marc Polymeropoulos),https://www.thebulwark.com/p/ex-cia-officer-scott-bessent-just,2026-09-02T00:00:00+00:00,0.00133588,0.150500,0.533333,0.00010723,350000.000000,,5,7,4,16,foreign_policy_wars:0.75; government_leadership:0.15; economy:0.10,score_v2,ok,full_text,open,337,transcript_page,subscribers x PODCAST_EPISODE_VIEW_RATE x (1 + PODCAST_AUDIO_MULTIPLE) (UNADJUSTED: no public country split for this platform); flat across the outlet's items (no per-item signal),"Podcast promo/description featuring a former CIA officer analyzing Russian hybrid warfare, US-Russia policy contradictions, and a Venezuela oil deal. Some analytical framing but limited detailed evidence shown; ethos boosted by insider CIA credentials and journalistic partnership."
112,0b4ef07e41937516,Louder with Crowder,podcast,en,nyc-stabbing-mentally-deranged-torta-goes-on-rampage-gets-looney-tunes-death,https://b8d5c6ff-7fc4-4a28-b30f-99e02efd09b6.libsyn.com/nyc-stabbing-mentally-deranged-torta-goes-on-rampage-gets-looney-tunes-death,2026-09-02T15:36:00+00:00,0.00451145,0.047500,0.500000,0.00010715,1182000.000000,,2,6,7,15,crime:0.45; immigration:0.20; other:0.20; unifying_the_country:0.15,score_v2,ok,full_text,open,342,rss_fulltext,subscribers x PODCAST_EPISODE_VIEW_RATE x (1 + PODCAST_AUDIO_MULTIPLE) (UNADJUSTED: no public country split for this platform); flat across the outlet's items (no per-item signal),"Opinion/commentary show with little evidence or structured argument, mostly assertions about crime, culture war, and immigration cases. Host Crowder has established authority with his loyal audience. Language is charged ('deranged', 'rampage', mockery) driving moderate-high emotional intensity."
113,c60c286f4087a2d8,The Megyn Kelly Show,podcast,en,Why Prince Harry Could Have the Upper Hand in a Child Custody Battle with Meghan Markle,https://www.megynkelly.com/2026/09/01/potential-for-international-prince-harry-meghan-markle-custody-battle,2026-09-01T00:00:00+00:00,0.00316794,0.070000,0.466667,0.00010349,830000.000000,,4,6,4,14,other:1.00,score_v2,ok,full_text,open,854,transcript_page,subscribers x PODCAST_EPISODE_VIEW_RATE x (1 + PODCAST_AUDIO_MULTIPLE) (UNADJUSTED: no public country split for this platform); flat across the outlet's items (no per-item signal),Celebrity gossip piece citing multiple reporters and a lawyer's legal explanation of custody jurisdiction rules. Megyn Kelly's authority with her audience and cited outlets provide moderate ethos; some reasoning on jurisdiction law adds logos; emotional framing of marriage collapse and custody battle adds mild pathos.
114,66fd6ba90bacafbb,Noticias Telemundo,tv,es,Un tribunal determina que el Gobierno no puede reabrir el caso penal contra Kilmar Abrego,https://www.telemundo.com/noticias/noticias-telemundo/inmigracion/video/un-tribunal-determina-que-el-gobierno-no-puede-reabrir-el-caso-penal-contra-kilmar-abrego-tmvo13220196,2026-09-03T00:00:00+00:00,0.00549618,0.079000,0.233333,0.00010131,1440000.000000,,2,3,2,7,immigration:0.60; democracy_elections:0.30; crime:0.10,score_v2,ok,full_text,open,356,transcript_page,programme average viewers x TV_SEGMENT_SHARE (US-only by construction); flat across the outlet's items (no per-item signal),"Brief news brief on a court ruling blocking DOJ from reopening a case against Abrego; minimal reasoning or emotional language, standard news outlet authority, mostly factual headline plus list of related immigration news items."
115,5c3640660438994e,The Majority Report with Sam Seder,podcast,en,2722-bernies-ai-tax-explained-the-horror-of-trumps-mass-delegalization-w-sarah-polcz-dara-lind,https://majorityfm.libsyn.com/2722-bernies-ai-tax-explained-the-horror-of-trumps-mass-delegalization-w-sarah-polcz-dara-lind,2026-09-01T18:56:00+00:00,0.00159542,0.111000,0.566667,0.00010035,418000.000000,,5,6,6,17,immigration:0.35; ai_technology:0.20; government_leadership:0.20; foreign_policy_wars:0.15; democracy_elections:0.10,score_v2,ok,full_text,open,459,rss_fulltext,subscribers x PODCAST_EPISODE_VIEW_RATE x (1 + PODCAST_AUDIO_MULTIPLE) (UNADJUSTED: no public country split for this platform); flat across the outlet's items (no per-item signal),"Podcast rundown mixing interviews with experts (Polcz on AI tax policy, Lind on TPS/immigration) offering substantive analysis, with combative commentary on political figures. Hosts have established audience loyalty; charged language ('horror,' 'gaslight') adds emotional intensity throughout."
116,5408727ddf175d97,MS NOW (formerly MSNBC),cable,en,news / doj-charges-ice-officer-christian-castro-lying-shooting-minneapolis,https://www.ms.now/news/doj-charges-ice-officer-christian-castro-lying-shooting-minneapolis,2026-09-03T17:06:27+00:00,0.00241603,0.095500,0.433333,0.00009998,633000.000000,,6,4,3,13,immigration:0.55; crime:0.30; government_leadership:0.15,score_v2,ok,full_text,open,341,rss_fulltext,programme average viewers x TV_SEGMENT_SHARE (US-only by construction); flat across the outlet's items (no per-item signal),"News report citing DOJ charges, DHS statements, video evidence, and prior legal proceedings; sourced to AP and named officials, giving moderate evidentiary structure. No named byline authority; some emotive details (shooting, deaths, fear) add mild pathos without dominating."
117,02ee5ea4c4ef3a5e,CNN,cable,en,cnr / 2026-09-03 / 19,https://transcripts.cnn.com/show/cnr/date/2026-09-03/segment/19,2026-09-03T00:00:00+00:00,0.00176718,0.115500,0.466667,0.00009525,463000.000000,,5,5,4,14,foreign_policy_wars:0.35; environment:0.20; government_leadership:0.15; immigration:0.10; crime:0.10; economy:0.10,score_v2,ok,full_text,open,6312,transcript_page,programme average viewers x TV_SEGMENT_SHARE (US-only by construction); flat across the outlet's items (no per-item signal),"Standard multi-segment news broadcast covering Iran conflict, Hegseth controversy, gas prices, coral reefs, Venezuela deals, immigration rulings, and human interest stories. Includes correspondent reporting, official statements, and expert interviews providing evidence, but each segment is brief with limited depth or counterargument engagement."
118,8434ede02f928705,The Megyn Kelly Show,podcast,en,Megyn Sets Tyler Robinson’s Lawyer Straight Over His Lies About Charlie Kirk Being ‘Hateful’,https://www.megynkelly.com/2026/09/02/tyler-robinson-pleads-not-guilty-in-charlie-kirk-case-after-judge-ruling-on-trial,2026-09-02T00:00:00+00:00,0.00316794,0.045500,0.633333,0.00009129,830000.000000,,6,7,6,19,crime:0.55; ethics_morality:0.20; democracy_elections:0.15; government_leadership:0.10,score_v2,ok,full_text,open,1212,transcript_page,subscribers x PODCAST_EPISODE_VIEW_RATE x (1 + PODCAST_AUDIO_MULTIPLE) (UNADJUSTED: no public country split for this platform); flat across the outlet's items (no per-item signal),"Details court proceedings, evidence categories, and legal arguments (logos), while Megyn Kelly's personal commentary defending Kirk carries her established authority with her audience (ethos) and emotional framing around Kirk's death and character (pathos)."
119,5e5ac6d5b79452a2,The Bulwark Podcast (now The Bulwark Daily),podcast,en,Pennsylvania Republicans: We’re Toast,https://www.thebulwark.com/p/pennsylvania-republicans-were-toast,2026-09-03T00:00:00+00:00,0.00133588,0.141500,0.466667,0.00008821,350000.000000,,6,5,3,14,democracy_elections:0.55; government_leadership:0.25; economy:0.20,score_v2,ok,full_text,open,1357,transcript_page,subscribers x PODCAST_EPISODE_VIEW_RATE x (1 + PODCAST_AUDIO_MULTIPLE) (UNADJUSTED: no public country split for this platform); flat across the outlet's items (no per-item signal),"Piece uses polling data, fundraising figures, and direct quotes from multiple GOP/Democratic lawmakers to build its case about the PA governor's race, plus brief items on ethics complaints and lobbying spending. Journalistic voice with named sources gives moderate ethos; tone is wry but not highly emotional.'"
120,a04eb3324d57ec82,The Majority Report with Sam Seder,podcast,en,2719-firing-teachers-for-speech-how-white-feminism-harms-muslim-women-w-shahed-ezaydi,https://majorityfm.libsyn.com/2719-firing-teachers-for-speech-how-white-feminism-harms-muslim-women-w-shahed-ezaydi,2026-08-27T19:05:00+00:00,0.00159542,0.102000,0.533333,0.00008679,418000.000000,,3,6,7,16,government_leadership:0.25; other:0.20; immigration:0.20; crime:0.15; education:0.10; ai_technology:0.10,score_v2,ok,full_text,open,484,rss_fulltext,subscribers x PODCAST_EPISODE_VIEW_RATE x (1 + PODCAST_AUDIO_MULTIPLE) (UNADJUSTED: no public country split for this platform); flat across the outlet's items (no per-item signal),"Podcast rundown mixing free speech firings, ICE shooting, campaign finance grift, and an author interview; mostly assertion and anecdote with little sustained evidence. Hosts have established partisan audience trust (ethos), and emotionally charged framing (outrage, injustice) drives much of the segment descriptions."
121,e8898c4065a3da97,The New York Times,print_digital,en,Rate Rise in Play as Fed Officials Await Inflation Data,https://www.nytimes.com/2026/09/03/business/interest-rates-inflation-federal-reserve.html,2026-09-03T18:19:18+00:00,0.00157548,0.206000,0.266667,0.00008655,412775.000000,,2,6,0,8,inflation_cost_of_living:0.60; economy:0.40,score_v2,ok,summary_only,paywalled,34,rss_summary,monthly visits / DIGITAL_ITEMS_PER_MONTH (already US-only (Semrush country split)); a visit is not a read; flat across the outlet's items (no per-item signal),"Brief headline/summary citing a named Fed governor's stance on rates, but no data or reasoning presented. Ethos moderate due to Waller's institutional authority; pathos absent given flat, technical framing typical of monetary policy reporting."
122,7bdd9f64a6b226ac,PBS News Hour,tv,en,EPA proposal could leave the public in the dark on data center plans,https://www.pbs.org/newshour/politics/epa-proposal-could-leave-the-public-in-the-dark-on-data-center-plans,2026-09-03T16:14:48+00:00,0.00336641,0.053500,0.466667,0.00008405,882000.000000,,6,4,4,14,environment:0.40; ai_technology:0.30; government_leadership:0.15; democracy_elections:0.15,score_v2,stale,full_text,open,1224,page_fetch,programme average viewers x TV_SEGMENT_SHARE (US-only by construction); flat across the outlet's items (no per-item signal),"AP news article presenting multiple stakeholder quotes (EPA, environmental lawyers, critics), poll data, and policy details on both sides. No dominant personal authority; some emotive language ('dark cloud,' 'cruel') but mostly measured, evidence-based reporting."
123,56aea9ec44c6a887,The Majority Report with Sam Seder,podcast,en,2720-rfk-jr-commits-perjury-trumps-meaningless-trade-stunts-w-heather-digby-parton,https://majorityfm.libsyn.com/2720-rfk-jr-commits-perjury-trumps-meaningless-trade-stunts-w-heather-digby-parton,2026-08-28T19:16:00+00:00,0.00159542,0.098500,0.533333,0.00008381,418000.000000,,3,5,8,16,healthcare:0.35; government_leadership:0.25; race_relations:0.15; democracy_elections:0.15; other:0.10,score_v2,ok,full_text,open,513,rss_fulltext,subscribers x PODCAST_EPISODE_VIEW_RATE x (1 + PODCAST_AUDIO_MULTIPLE) (UNADJUSTED: no public country split for this platform); flat across the outlet's items (no per-item signal),"A partisan podcast roundup mixing perjury allegations, healthcare politics, and culture-war sniping (Nazi imagery, sports feuds) with mockery and outrage rather than sustained argument. Hosts have loyal progressive audience but limited institutional authority; heavy sarcasm and moral outrage drive the tone."
124,b9e32ba82b6fc45b,The Majority Report with Sam Seder,podcast,en,2717-minnesota-sues-texas-environmental-racism-in-memphis-w-keith-ellison-keshaun-pearson,https://majorityfm.libsyn.com/2717-minnesota-sues-texas-environmental-racism-in-memphis-w-keith-ellison-keshaun-pearson,2026-08-25T19:14:00+00:00,0.00159542,0.095500,0.533333,0.00008126,418000.000000,,4,6,6,16,democracy_elections:0.30; immigration:0.25; environment:0.25; government_leadership:0.20,score_v2,ok,full_text,open,343,rss_fulltext,subscribers x PODCAST_EPISODE_VIEW_RATE x (1 + PODCAST_AUDIO_MULTIPLE) (UNADJUSTED: no public country split for this platform); flat across the outlet's items (no per-item signal),"Progressive talk-show rundown with guest interviews (AG Ellison, environmental activist) mixing political analysis, mockery of Trump/Jeffries, and advocacy. Some factual grounding from guests but mostly commentary/banter; hosts have established audience loyalty; moderate emotional framing throughout."
125,66f3be52a6c88f05,Breaking Points,podcast,en,Has the West Ever Had Moral Authority?,https://breakingpoints.substack.com/p/has-the-west-ever-had-moral-authority,2026-08-29T00:00:00+00:00,0.00159542,0.097500,0.500000,0.00007778,418000.000000,,6,5,4,15,foreign_policy_wars:0.75; ethics_morality:0.25,score_v2,ok,full_text,open,489,transcript_page,subscribers x PODCAST_EPISODE_VIEW_RATE x (1 + PODCAST_AUDIO_MULTIPLE) (UNADJUSTED: no public country split for this platform); flat across the outlet's items (no per-item signal),"Essay engages Mearsheimer's argument, historical examples (colonialism, Gaza, Iran) and builds a reasoned case, though largely one perspective. Author has no strong personal authority beyond citing Mearsheimer. Moderate emotional charge via moral indignation language, not extreme."
126,43dac87709d0661f,The Bulwark Podcast (now The Bulwark Daily),podcast,en,Whistleblower Exposes Trump’s Election Chaos Machine (w/ George Conway),https://www.thebulwark.com/p/whistleblower-exposes-trumps-election,2026-09-03T00:00:00+00:00,0.00133588,0.108500,0.533333,0.00007730,350000.000000,,5,6,5,16,democracy_elections:0.65; government_leadership:0.25; other:0.10,score_v2,ok,full_text,open,416,transcript_page,subscribers x PODCAST_EPISODE_VIEW_RATE x (1 + PODCAST_AUDIO_MULTIPLE) (UNADJUSTED: no public country split for this platform); flat across the outlet's items (no per-item signal),"Legal/political analysis by Conway, a known lawyer critic of Trump, discussing USPS voting changes, SCOTUS rulings, and Epstein—some reasoning about legal outcomes but mostly framing/promotion, with alarmist framing ('Chaos Machine') adding emotional charge."
127,1a7586352651d96b,The Megyn Kelly Show,podcast,en,The Latest Evidence that ‘Stone-Hearted Sociopath’ Michelle Obama Hasn’t Enjoyed Motherhood,https://www.megynkelly.com/2026/08/31/michelle-obama-complains-about-motherhood-in-podcast-with-jon-stewart,2026-08-31T00:00:00+00:00,0.00316794,0.048000,0.500000,0.00007603,830000.000000,,1,6,8,15,ethics_morality:0.55; other:0.45,score_v2,ok,full_text,open,980,transcript_page,subscribers x PODCAST_EPISODE_VIEW_RATE x (1 + PODCAST_AUDIO_MULTIPLE) (UNADJUSTED: no public country split for this platform); flat across the outlet's items (no per-item signal),"Personal attacks and speculation about Michelle Obama's character, no evidence beyond anecdotes; delivered by Megyn Kelly, a recognized commentator with a loyal audience, using highly charged, mocking, emotionally intense language throughout."
128,ce8a28b5e2b9550d,The Hugh Hewitt Show,radio,en,nor-can-we-mourn,https://hughhewitt.com/nor-can-we-mourn,2026-08-27T12:05:17+00:00,0.00572519,0.026000,0.500000,0.00007443,1500000.000000,,3,5,7,15,environment:0.50; ethics_morality:0.35; other:0.15,score_v2,secondary,full_text,open,534,rss_fulltext,weekly cume / RADIO_EPISODES_PER_WEEK (US-only by construction); cume overlap not modelled; flat across the outlet's items (no per-item signal),"Blog post uses a natural disaster to accuse climate activists of politicizing tragedy, with minimal evidence beyond anecdote and a cited quote. Moral/religious framing dominant. Author's personal blog authority is moderate; emotional appeals (mourning, dehumanization, prayer) are strong."
129,75bef18480f289a5,The New York Times,print_digital,en,JD Vance Says He Wouldn’t Call Iran Conflict a War,https://www.nytimes.com/2026/09/03/us/politics/vance-iran-press-briefing.html,2026-09-03T21:51:49+00:00,0.00157548,0.139500,0.333333,0.00007326,412775.000000,,1,7,2,10,foreign_policy_wars:0.85; government_leadership:0.15,score_v2,ok,summary_only,paywalled,38,rss_summary,monthly visits / DIGITAL_ITEMS_PER_MONTH (already US-only (Semrush country split)); a visit is not a read; flat across the outlet's items (no per-item signal),"Brief headline/summary of Vance's remark with no evidence or reasoning given, just a framing claim. Ethos reflects his standing as VP speaking at a White House briefing. Minimal emotional language; pathos low."
130,3b9e18fe6d0d952c,CNN,cable,en,cnc / 2026-09-03 / 03,https://transcripts.cnn.com/show/cnc/date/2026-09-03/segment/03,2026-09-03T00:00:00+00:00,0.00176718,0.097500,0.400000,0.00006892,463000.000000,,3,5,4,12,government_leadership:0.25; crime:0.25; ai_technology:0.15; foreign_policy_wars:0.15; democracy_elections:0.10; other:0.10,score_v2,ok,full_text,open,3504,transcript_page,programme average viewers x TV_SEGMENT_SHARE (US-only by construction); flat across the outlet's items (no per-item signal),"A multi-segment news broadcast covering AI in schools, Trump's midterm strategy, a murder trial, a mass shooting, and a naval deployment. Reporters and correspondents provide institutional authority but little deep argument; some emotional content in shooting/trial segments; largely descriptive reporting with brief interviews."
131,f82bb26d4b9f9403,CNN,cable,en,cnc / 2026-09-03 / 01,https://transcripts.cnn.com/show/cnc/date/2026-09-03/segment/01,2026-09-03T00:00:00+00:00,0.00176718,0.089500,0.433333,0.00006854,463000.000000,,3,4,6,13,crime:0.40; government_leadership:0.25; other:0.20; democracy_elections:0.15,score_v2,ok,full_text,open,3096,transcript_page,programme average viewers x TV_SEGMENT_SHARE (US-only by construction); flat across the outlet's items (no per-item signal),"Standard news anchor roundup: mass shooting details, midterm campaign strategy, murder trial, Steinem death, NBA scandal. Some evidentiary reporting (witness accounts, officials quoted) but little argumentation. Anchors/correspondents carry institutional CNN authority. Vivid, emotional shooting descriptions raise pathos; other segments flatter and neutral.”"
132,d8cc247c87802dcf,The Bulwark Podcast (now The Bulwark Daily),podcast,en,The Murder-for-Hire Plot Rocking MAGA Land,https://www.thebulwark.com/p/murder-for-hire-plot-rocking-maga-trump-brad-parscale-bolivia-fernando-cerimedo,2026-09-03T00:00:00+00:00,0.00133588,0.094500,0.500000,0.00006312,350000.000000,,4,5,6,15,crime:0.40; foreign_policy_wars:0.25; government_leadership:0.20; other:0.15,score_v2,ok,full_text,open,373,transcript_page,subscribers x PODCAST_EPISODE_VIEW_RATE x (1 + PODCAST_AUDIO_MULTIPLE) (UNADJUSTED: no public country split for this platform); flat across the outlet's items (no per-item signal),"Investigative narrative naming sources, events, and dates about an attempted murder tied to MAGA-linked operative in Bolivia; cut off by paywall before deeper evidence. Bulwark's journalistic standing gives moderate ethos; lurid, dramatic framing ('lurid scandal', 'hitmen') raises pathos."
133,8325b079dae759e4,PBS News Hour,tv,en,newshour / horizons,https://www.pbs.org/newshour/video/horizons,2026-08-28T00:00:00+00:00,0.00336641,0.031000,0.533333,0.00005566,882000.000000,,6,6,4,16,healthcare:0.40; environment:0.25; ai_technology:0.20; other:0.15,score_v2,stale,full_text,open,700,transcript_page,programme average viewers x TV_SEGMENT_SHARE (US-only by construction); flat across the outlet's items (no per-item signal),"A multi-episode PBS science/health digest summarizing evidence-based reporting on primary care, recycling, birds, fibroids, alcohol, climate/health, innovation, screens, fatherhood, and data centers. Moderate reasoning via expert framing, PBS institutional credibility, low emotional intensity, mostly descriptive summaries rather than argument or appeal."
134,c093858451a6c73c,The Megyn Kelly Show,podcast,en,Megyn Slams Leftist Knee-Jerk Instinct to Attack Young Bank Employee Stabbing Victim: ‘F-ck You’,https://www.megynkelly.com/2026/09/02/megyn-kelly-reacts-to-stabbing-death-of-erin-piacenti-in-times-square,2026-09-02T00:00:00+00:00,0.00316794,0.031000,0.566667,0.00005565,830000.000000,,3,7,7,17,crime:0.55; other:0.25; healthcare:0.20,score_v2,ok,full_text,open,576,transcript_page,subscribers x PODCAST_EPISODE_VIEW_RATE x (1 + PODCAST_AUDIO_MULTIPLE) (UNADJUSTED: no public country split for this platform); flat across the outlet's items (no per-item signal),"Recounts a violent crime with victim details and mental health background, then pivots to Megyn Kelly's angry reaction to leftist commentary. Emotional framing dominates; little argumentation beyond narrative facts. Kelly's established media authority with her audience is high."
135,b067fc05f52e5818,The New York Times,print_digital,en,Trump Taps Army Engineering Official as Acting Secretary,https://www.nytimes.com/2026/09/03/us/politics/trump-acting-army-secretary.html,2026-09-03T23:56:19+00:00,0.00157548,0.211000,0.166667,0.00005540,412775.000000,,1,3,1,5,government_leadership:0.70; foreign_policy_wars:0.30,score_v2,ok,summary_only,paywalled,36,rss_summary,monthly visits / DIGITAL_ITEMS_PER_MONTH (already US-only (Semrush country split)); a visit is not a read; flat across the outlet's items (no per-item signal),"Brief headline/summary reporting a personnel appointment with minimal context on internal conflict; no evidence or argument developed, no named authoritative voice beyond institutional reporting, and little emotional language."
136,b2bd37408b625505,Lex Fridman Podcast,podcast,en,dhh-2,https://lexfridman.com/dhh-2/?utm_source=rss&utm_medium=rss&utm_campaign=dhh-2,2026-08-26T21:47:04+00:00,0.00384733,0.028000,0.500000,0.00005386,1008000.000000,,5,7,3,15,ai_technology:0.75; other:0.15; immigration:0.10,score_v2,ok,full_text,open,308,rss_fulltext,subscribers x PODCAST_EPISODE_VIEW_RATE x (1 + PODCAST_AUDIO_MULTIPLE) (UNADJUSTED: no public country split for this platform); flat across the outlet's items (no per-item signal),"This is a podcast description/outline, not the full transcript. Topics inferred from segment titles cover AI coding, tech, fatherhood, politics/immigration. DHH has strong tech-world authority but content itself is unscored beyond outline structure."
137,650ef2e00e203e15,The New York Times,print_digital,en,Trump to Break Ground on Arch Before Getting Approval,https://www.nytimes.com/2026/09/03/us/politics/trump-triumphal-arch-plans-approval.html,2026-09-03T23:44:26+00:00,0.00157548,0.196000,0.166667,0.00005147,412775.000000,,1,3,1,5,government_leadership:0.70; other:0.30,score_v2,ok,summary_only,paywalled,35,rss_summary,monthly visits / DIGITAL_ITEMS_PER_MONTH (already US-only (Semrush country split)); a visit is not a read; flat across the outlet's items (no per-item signal),"Bare headline/summary reporting an announcement with no evidence, reasoning, or emotional language. Institutional sourcing (interior secretary) gives modest ethos; no argumentative development present given limited access.please note fragment.Actually just factual brief.done.no more"
138,57ea00f3b1ab6d11,Noticias Telemundo,tv,es,"Usar GLP-1 puede acelerar la caída de cabello en hombres, pero un estudio lo vincula a la genética",https://www.telemundo.com/noticias/noticias-telemundo/salud/video/usar-glp-1-puede-acelerar-la-caida-de-cabello-en-hombres-pero-un-estudio-lo-vincula-a-la-genetica-tmvo13220248,2026-09-03T00:00:00+00:00,0.00549618,0.040000,0.233333,0.00005130,1440000.000000,,3,3,1,7,healthcare:1.00,score_v2,ok,full_text,open,339,transcript_page,programme average viewers x TV_SEGMENT_SHARE (US-only by construction); flat across the outlet's items (no per-item signal),"Brief health news snippet citing a study linking GLP-1 drugs, hair loss, and genetics. Minimal reasoning detail, no named speaker or outlet authority emphasized, and no emotional language—purely informational."
139,965fa0dbb4148fa0,Fox Business,cable,en,"Bessent vows to 'asphyxiate' Iran economically, warns regime's offshore assets will be frozen",https://www.foxbusiness.com/politics/bessent-vows-asphyxiate-iran-economically-warns-regimes-offshore-assets-frozen,2026-09-01T00:00:00+00:00,0.00055725,0.136500,0.600000,0.00004564,146000.000000,,4,8,6,18,foreign_policy_wars:0.85; economy:0.15,score_v2,self_reported,full_text,open,539,homepage_fetch,programme average viewers x TV_SEGMENT_SHARE (US-only by construction); flat across the outlet's items (no per-item signal),"Bessent, as Treasury Secretary, speaks with institutional authority on sanctions strategy, offering specifics (IRGC assets, BVI accounts) but limited counterargument engagement. Language like 'asphyxiate' and 'either you're with us or against us' adds emotional/moral intensity typical of wartime rhetoric."
140,c0f72c2b32ee9f79,The Guardian US,print_digital,en,"In 2016, Trump pledged to erase the federal debt. It just hit $40tn | Steven Greenhouse",https://www.theguardian.com/commentisfree/2026/sep/03/trump-federal-debt-40-trillion,2026-09-03T12:00:30+00:00,0.00034098,0.227000,0.566667,0.00004386,89337.500000,,6,4,7,17,economy:0.55; government_leadership:0.25; inflation_cost_of_living:0.20,score_v2,ok,full_text,open,1132,page_fetch,monthly visits / DIGITAL_ITEMS_PER_MONTH (already US-only (Semrush country split)); a visit is not a read; flat across the outlet's items (no per-item signal),"Opinion piece with substantial data (debt figures, deficits, tax cut shares) supporting an argument, but one-sided against Trump/GOP. Author is a named journalist with subject expertise, giving moderate ethos. Language is charged ('outrage', 'demagogue', 'sold their souls'), indicating high pathos."
141,954d5d0bbe733af5,Fox Business,cable,en,Meet the man behind Trump's joint Venezuela oil venture,https://www.foxbusiness.com/politics/meet-man-behind-trumps-joint-venezuela-oil-venture,2026-09-01T00:00:00+00:00,0.00055725,0.194500,0.400000,0.00004335,146000.000000,,6,4,2,12,economy:0.50; foreign_policy_wars:0.35; government_leadership:0.15,score_v2,self_reported,full_text,open,733,homepage_fetch,programme average viewers x TV_SEGMENT_SHARE (US-only by construction); flat across the outlet's items (no per-item signal),"Article presents factual reporting with details on deal terms, financial figures, investigative background, and quoted statements from multiple parties. No single dominant authoritative voice—relies on aggregated reporting from Post, Times. Emotional tone is largely neutral/informational, minimal charged language."
142,9bff8a63bb599d52,The Hugh Hewitt Show,radio,en,human-lessons-from-ai-behavior,https://hughhewitt.com/human-lessons-from-ai-behavior,2026-08-31T11:48:02+00:00,0.00572519,0.015000,0.500000,0.00004294,1500000.000000,,5,6,4,15,ai_technology:0.75; ethics_morality:0.25,score_v2,secondary,full_text,open,697,rss_fulltext,weekly cume / RADIO_EPISODES_PER_WEEK (US-only by construction); cume overlap not modelled; flat across the outlet's items (no per-item signal),"Hugh Hewitt reflects on an AI incident, citing Tyler Cowen, historical analogies, and personal anecdote to argue against panic, framing AI flaws as reflections of human sin. Some reasoning but thin, anecdotal support; moderate emotional framing; recognized conservative commentator's voice carries authority with his audience."
143,43bb872b1fd4d8bd,Fox Business,cable,en,"Trump announces ‘biggest oil deal in world history,’ says it will substantially lower gas prices",https://www.foxbusiness.com/politics/trump-announces-biggest-oil-deal-world-history-says-substantially-lower-gas-prices,2026-08-28T00:00:00+00:00,0.00055725,0.189000,0.400000,0.00004213,146000.000000,,3,6,3,12,economy:0.50; foreign_policy_wars:0.30; inflation_cost_of_living:0.20,score_v2,self_reported,full_text,open,320,homepage_fetch,programme average viewers x TV_SEGMENT_SHARE (US-only by construction); flat across the outlet's items (no per-item signal),"Announcement-style piece relying on quoted claims from Trump, Rubio, Rodriguez with little independent evidence or scrutiny. Trump's authority as president carries weight; pathos moderate via superlative framing ('biggest oil deal in world history')."
144,8c9a54f1ea5b0842,The Charlie Kirk Show,podcast,en,3 Dead In Tucson Gay Bar Shooting,https://salemnewschannel.com/watch/3-dead-in-tucson-gay-bar-shooting-6a9818d42f48d9c8f5121e98,2026-09-02T00:00:00+00:00,0.00448855,0.028000,0.333333,0.00004189,1176000.000000,,3,4,3,10,crime:0.70; other:0.30,score_v2,ok,full_text,open,330,transcript_page,subscribers x PODCAST_EPISODE_VIEW_RATE x (1 + PODCAST_AUDIO_MULTIPLE) (UNADJUSTED: no public country split for this platform); flat across the outlet's items (no per-item signal),"Straight news report citing police statements and facts; minimal reasoning beyond reporting events. Ethos comes from official police sources. Pathos moderate due to violent hate-crime subject matter, though language remains factual and restrained.TITLE relates to guns/crime and LGBTQ community as 'other'."
145,7aa1db5123150bc9,The New York Times,print_digital,en,Judge Suggests Trump Mail-In Voting Rules Could Cause ‘Major Disenfranchisement’,https://www.nytimes.com/2026/09/03/us/politics/mail-ballots-usps-restraining-order.html,2026-09-03T22:13:38+00:00,0.00157548,0.088500,0.300000,0.00004183,412775.000000,,2,4,3,9,democracy_elections:0.85; government_leadership:0.15,score_v2,ok,summary_only,paywalled,36,rss_summary,monthly visits / DIGITAL_ITEMS_PER_MONTH (already US-only (Semrush country split)); a visit is not a read; flat across the outlet's items (no per-item signal),"Brief headline/summary citing a judge's quoted concern about disenfranchisement risk from mail-in rules; minimal argument or evidence shown, moderate institutional authority via judge's quote, mild emotional charge from 'disenfranchisement' language."
146,c22512f1b3ddfc5e,N+ Univision (Noticias Univision),tv,es,"Caminando por el desierto: así se fugó James Casady Cangro, el reo “peligroso y violento” vinculado al Cartel de Sinaloa",https://www.univision.com/noticias/estados-unidos/caminando-por-el-desierto-asi-se-fugo-james-casady-cangro-el-reo-peligroso-y-violento-vinculado-al-cartel-de-sinaloa,2026-09-03T00:00:00+00:00,0.00480916,0.019000,0.433333,0.00003960,1260000.000000,,6,4,3,13,crime:0.90; immigration:0.10,score_v2,ok,full_text,open,884,transcript_page,programme average viewers x TV_SEGMENT_SHARE (US-only by construction); flat across the outlet's items (no per-item signal),"Straightforward crime report with detailed factual timeline, dates, investigation specifics from DOJ/FBI records, no named on-record speaker beyond institutional sources. Minimal emotional language beyond descriptors like 'peligroso y violento'; mostly procedural, evidence-based reporting."
147,f55f830817f9c397,N+ Univision (Noticias Univision),tv,es,Así fueron las últimas horas de Jonathan Meléndez y su familia: cronología de la tragedia que sacude México,https://www.univision.com/noticias/america-latina/camilo-septimo-lo-que-ocurrio-durante-la-visita-que-termino-con-la-vida-de-jonathan-melendez-y-su-familia,2026-09-03T00:00:00+00:00,0.00480916,0.016000,0.500000,0.00003847,1260000.000000,,6,3,6,15,crime:0.90; other:0.10,score_v2,ok,full_text,open,1213,transcript_page,programme average viewers x TV_SEGMENT_SHARE (US-only by construction); flat across the outlet's items (no per-item signal),"Detailed chronological reconstruction with timestamps, evidence, video footage, official statements and investigative leads gives moderate logos. No named authoritative narrator beyond outlet reporting facts (low-mid ethos). Emotional weight from family tragedy, pregnant wife, child survivor drives notable pathos."
148,02df7fa6f0a59f06,The Guardian US,print_digital,en,The Guardian view on the global bond shock: Andy Burnham should take note | Editorial,https://www.theguardian.com/commentisfree/2026/sep/01/the-guardian-view-on-the-global-bond-shock-andy-burnham-should-take-note,2026-09-01T18:15:24+00:00,0.00034098,0.218500,0.500000,0.00003725,89337.500000,,7,6,2,15,economy:0.60; government_leadership:0.25; foreign_policy_wars:0.15,score_v2,ok,full_text,open,607,page_fetch,monthly visits / DIGITAL_ITEMS_PER_MONTH (already US-only (Semrush country split)); a visit is not a read; flat across the outlet's items (no per-item signal),"Guardian editorial makes a structured causal argument about bond markets, Japan-US tensions, and UK fiscal policy, citing named officials and mechanisms. Institutional editorial voice carries moderate authority. Tone is analytical, largely affectless, with minimal emotional language beyond mild alarmist framing."
149,36f5a94be5477b73,Fox Business,cable,en,"American Airlines adds $1,000 Trump Account match for workers' children",https://www.foxbusiness.com/politics/american-airlines-adds-trump-account-match-workers-children,2026-09-01T00:00:00+00:00,0.00055725,0.236000,0.266667,0.00003507,146000.000000,,3,4,1,8,economy:0.70; government_leadership:0.30,score_v2,self_reported,full_text,open,538,homepage_fetch,programme average viewers x TV_SEGMENT_SHARE (US-only by construction); flat across the outlet's items (no per-item signal),"Straightforward corporate news announcement with factual details on the benefit program, quotes from an executive, and context on similar corporate moves. No strong argumentation, emotional appeal, or personal authority beyond routine corporate/press credibility."
150,502b2c2f5bb35bdf,The Guardian US,print_digital,en,The deportation of Milo Yiannopoulos signals a rupture within Maga | Moira Donegan,https://www.theguardian.com/commentisfree/2026/sep/02/milo-yiannopoulos-deportation-maga,2026-09-02T10:00:21+00:00,0.00034098,0.170500,0.600000,0.00003488,89337.500000,,5,6,7,18,government_leadership:0.50; immigration:0.20; foreign_policy_wars:0.15; democracy_elections:0.10; ethics_morality:0.05,score_v2,ok,full_text,open,1059,page_fetch,monthly visits / DIGITAL_ITEMS_PER_MONTH (already US-only (Semrush country split)); a visit is not a read; flat across the outlet's items (no per-item signal),"Donegan uses biographical detail and reported claims (Loomer, Merlan) to build a narrative argument about MAGA infighting, but offers little rigorous evidence—mostly assertion and interpretation. As a known Guardian columnist she has moderate authority. Language is vivid, mocking, and morally charged throughout."
151,3200fa9bc7608e04,The New York Times,print_digital,en,"Hillary Clinton, Meghan Markle, Lena Dunham and Others Pay Tribute to Gloria Steinem",https://www.nytimes.com/2026/09/03/us/gloria-steinem-death-hillary-clinton-meghan-markle.html,2026-09-03T21:47:55+00:00,0.00157548,0.054000,0.400000,0.00003403,412775.000000,,0,6,6,12,other:0.60; ethics_morality:0.40,score_v2,ok,summary_only,paywalled,33,rss_summary,monthly visits / DIGITAL_ITEMS_PER_MONTH (already US-only (Semrush country split)); a visit is not a read; flat across the outlet's items (no per-item signal),"Headline-only summary; no argument present. Ethos derives from tributes by prominent figures (Clinton, Markle) and Steinem's own legacy. Pathos moderate due to tribute/eulogy framing after her death, though details are minimal given paywalled access."
152,aa23bfafd615e2d8,CNBC,cable,en,https://www.youtube.com/watch?v=CBG_i_c_VXo,https://www.youtube.com/watch?v=CBG_i_c_VXo,2026-09-03T16:33:48+00:00,0.00054580,0.178000,0.333333,0.00003238,143000.000000,,4,5,1,10,economy:0.55; inflation_cost_of_living:0.20; ai_technology:0.15; foreign_policy_wars:0.10,score_v2,ok,full_text,open,628,youtube_transcript,programme average viewers x TV_SEGMENT_SHARE (US-only by construction); flat across the outlet's items (no per-item signal),"Straightforward market/economic news roundup with figures, quotes from Fed governor and analysts, minimal argumentation or emotion. Ethos derives from CNBC's institutional standing and named experts; pathos is essentially flat, factual reporting."
153,dfbf5bdb64f4bde9,PBS News Hour,tv,en,WATCH LIVE: Lindsay Clancy jury continues deliberations as mistrial chances grow,https://www.pbs.org/newshour/nation/watch-live-lindsay-clancy-jury-continues-deliberations-as-mistrial-chances-grow,2026-09-03T00:00:00+00:00,0.00336641,0.019000,0.500000,0.00003198,882000.000000,,6,4,5,15,crime:0.75; healthcare:0.20; other:0.05,score_v2,stale,full_text,open,705,transcript_page,programme average viewers x TV_SEGMENT_SHARE (US-only by construction); flat across the outlet's items (no per-item signal),"AP news report presenting factual trial updates, competing prosecution/defense evidence, and legal outcomes without editorializing. Some emotional weight from child deaths and mental illness details, but delivered in measured journalistic tone. No personal authority beyond standard wire-service reporting."
154,2d5d0f8554c85dd9,CNBC,cable,en,https://www.youtube.com/watch?v=eqQRUKIKKBo,https://www.youtube.com/watch?v=eqQRUKIKKBo,2026-09-03T16:04:15+00:00,0.00054580,0.158000,0.366667,0.00003162,143000.000000,,6,4,1,11,economy:0.55; other:0.45,score_v2,ok,full_text,open,762,youtube_transcript,programme average viewers x TV_SEGMENT_SHARE (US-only by construction); flat across the outlet's items (no per-item signal),"Business/sports-media analysis with data on viewership, logistics, and NFL's global expansion strategy; presented by a CNBC correspondent with modest industry authority. Little emotional appeal; mostly factual/explanatory reasoning about scheduling and market rights."
155,da2cf2990973b4c6,The New York Times,print_digital,en,Proposal for White House Visitor Screening Center Advances,https://www.nytimes.com/2026/09/03/us/politics/trump-white-house-visitor-center-planning-commission.html,2026-09-03T22:05:50+00:00,0.00157548,0.196000,0.100000,0.00003088,412775.000000,,1,2,0,3,government_leadership:0.70; other:0.30,score_v2,ok,summary_only,paywalled,40,rss_summary,monthly visits / DIGITAL_ITEMS_PER_MONTH (already US-only (Semrush country split)); a visit is not a read; flat across the outlet's items (no per-item signal),"Brief headline/summary noting a federal panel's procedural approval of a White House construction project and opposition to a fencing proposal. No named speaker, no evidence or argument beyond bare facts, and no emotional language present.'"
156,c92d877804781dc4,Verdict with Ted Cruz,podcast,en,the-47-morning-update-with-ben-ferguson / 9-03-26,https://omny.fm/shows/the-47-morning-update-with-ben-ferguson/9-03-26,2026-09-03T08:15:00+00:00,0.00035191,0.170000,0.500000,0.00002991,92200.000000,,4,6,5,15,government_leadership:0.40; democracy_elections:0.30; economy:0.20; unifying_the_country:0.10,score_v2,ok,full_text,open,304,rss_fulltext,subscribers x PODCAST_EPISODE_VIEW_RATE x (1 + PODCAST_AUDIO_MULTIPLE) (UNADJUSTED: no public country split for this platform); flat across the outlet's items (no per-item signal),"Ben Ferguson recaps an intra-Democratic feud (Carville vs Piker) with commentary on ideology, branding, and electoral stakes; some analysis but mostly framing and opinion, moderate host authority with conservative talk audience, mild rhetorical charge without strong emotional appeals."
157,b3e1e546fc62bc02,Verdict with Ted Cruz,podcast,en,verdict-with-ted-cruz-1 / 9-02-26,https://omny.fm/shows/verdict-with-ted-cruz-1/9-02-26,2026-09-02T07:40:00+00:00,0.00035191,0.181000,0.466667,0.00002972,92200.000000,,4,7,3,14,economy:0.60; education:0.15; government_leadership:0.15; environment:0.10,score_v2,ok,full_text,open,300,rss_fulltext,subscribers x PODCAST_EPISODE_VIEW_RATE x (1 + PODCAST_AUDIO_MULTIPLE) (UNADJUSTED: no public country split for this platform); flat across the outlet's items (no per-item signal),"Cruz and Ferguson discuss Trump Accounts, CEO contributions, and contrast Talarico's capitalism views, offering some factual detail but largely promotional framing. Cruz's Senate standing and podcast platform give strong ethos with his conservative audience; emotional intensity is low, mostly informational/advocacy tone."
158,c3108848b264416b,Fox Business,cable,en,"Parent activist says Meta settlement is 'peanuts,' calls on Zuckerberg to speak out",https://www.foxbusiness.com/politics/parent-activist-says-meta-settlement-peanuts-calls-zuckerberg-speak-out,2026-08-27T00:00:00+00:00,0.00055725,0.088000,0.566667,0.00002779,146000.000000,,3,6,8,17,ai_technology:0.45; other:0.30; government_leadership:0.25,score_v2,self_reported,full_text,open,369,homepage_fetch,programme average viewers x TV_SEGMENT_SHARE (US-only by construction); flat across the outlet's items (no per-item signal),"Personal loss narrative drives emotional appeal; ethos from firsthand parental experience and advocacy leadership; limited data/evidence beyond anecdote and settlement figures, calling for KOSA passage."
159,4a07a4bf9353fed9,N+ Univision (Noticias Univision),tv,es,"Atados de manos, con tiros en la frente y junto a su perro asesinado: así fue el multihomicidio del músico Jonathan Meléndez, integrante de Camilo Séptimo; su esposa embarazada y su hija de 3 años en México",https://www.univision.com/noticias/america-latina/atados-de-manos-con-tiros-en-la-frente-y-junto-a-su-perro-asesinado-asi-fue-el-multihomicidio-del-musico-jonathan-melendez-integrante-de-camilo-septimo-su-esposa-embarazada-y-su-hija-de-3-anos-en-mexico,2026-09-02T00:00:00+00:00,0.00480916,0.010000,0.566667,0.00002725,1260000.000000,,6,4,7,17,crime:1.00,score_v2,ok,full_text,open,1182,transcript_page,programme average viewers x TV_SEGMENT_SHARE (US-only by construction); flat across the outlet's items (no per-item signal),"Detailed factual crime report with timeline, official statements, and investigative details (logos). Sourced to Fiscalía, a credible institution (ethos). Vivid, disturbing details—bound hands, child hiding, pregnant wife, dog killed—create strong emotional resonance (pathos)."
160,3edfc972055f3d2d,Fox Business,cable,en,DOJ plans to revive maritime prize courts to seize Iranian oil tankers as war prizes: report,https://www.foxbusiness.com/politics/doj-plans-revive-maritime-prize-courts-seize-iranian-oil-tankers-war-prizes-report,2026-08-27T00:00:00+00:00,0.00055725,0.122000,0.400000,0.00002719,146000.000000,,6,5,1,12,foreign_policy_wars:0.75; democracy_elections:0.15; economy:0.10,score_v2,self_reported,full_text,open,772,homepage_fetch,programme average viewers x TV_SEGMENT_SHARE (US-only by construction); flat across the outlet's items (no per-item signal),"Detailed factual/historical account of prize court law, statutes, precedents; includes official quotes from US Attorney Reitz giving institutional authority, but modest personal ethos. Minimal emotional language; largely procedural, legal reporting on Iran blockade policy.'"
161,e730e92b0c5dec1f,The Megyn Kelly Show,podcast,en,Here’s Why Bryan Kohberger Is Getting a New Hearing Despite His Plea Deal,https://www.megynkelly.com/2026/09/01/bryan-kohberger-granted-new-evidentiary-hearing-after-handwritten-petition-to-withdraw-plea,2026-09-01T00:00:00+00:00,0.00316794,0.017500,0.466667,0.00002587,830000.000000,,6,5,3,14,crime:0.85; democracy_elections:0.15,score_v2,ok,full_text,open,728,transcript_page,subscribers x PODCAST_EPISODE_VIEW_RATE x (1 + PODCAST_AUDIO_MULTIPLE) (UNADJUSTED: no public country split for this platform); flat across the outlet's items (no per-item signal),"Article reports legal proceedings with attorney statements and competing expert opinions (Spilbor vs. Eiglarsh) on Kohberger's plea withdrawal chances. Moderate reasoning via legal analysis; ethos from named attorneys and Megyn Kelly's platform; low-moderate pathos from murder case emotional weight, tempered by legal-procedural tone.”"
162,4261658719f911c3,The Guardian US,print_digital,en,"US commerce secretary erroneously said no Americans have died in Iran war, Trump claims",https://www.theguardian.com/world/2026/sep/03/howard-lutnick-iran-war-deaths-trump,2026-09-03T14:38:40+00:00,0.00034098,0.150500,0.500000,0.00002566,89337.500000,,6,5,4,15,foreign_policy_wars:0.75; government_leadership:0.15; economy:0.10,score_v2,ok,full_text,open,627,page_fetch,monthly visits / DIGITAL_ITEMS_PER_MONTH (already US-only (Semrush country split)); a visit is not a read; flat across the outlet's items (no per-item signal),"Article presents factual reporting with casualty figures, Pentagon data, polling, and context on strikes, citing multiple sources (CENTCOM, Iranian health ministry, Reuters verification). Institutional authority present but no dominant personal voice. Moderate emotional weight from casualty and wedding-strike details."
163,d98f1e3a88cc36b0,Associated Press,print_digital,en,Trump promises to campaign for Republicans and says they have a winning midterm message,https://apnews.com/article/trump-2026-midterms-speech-d0c3658f865fe0a7aacfca6904fb69af,2026-09-03T00:00:00+00:00,0.00029241,0.178500,0.466667,0.00002436,76612.500000,,2,8,4,14,government_leadership:0.40; democracy_elections:0.35; economy:0.25,score_v2,ok,full_text,open,461,homepage_fetch,monthly visits / DIGITAL_ITEMS_PER_MONTH (already US-only (Semrush country split)); a visit is not a read; flat across the outlet's items (no per-item signal),"Trump asserts economic and border achievements with inflated figures but no substantiation; speaks with strong personal authority to his party's base; some boastful, confident rhetoric but not highly emotional overall—mostly campaign-style assertions and predictions of victory."
164,a5d33428a58930d3,Fox News Channel,cable,en,Houston Uber driver caught in wild police chase as officers seen on dashcam video hitching a ride in his car,https://www.foxnews.com/us/houston-uber-driver-caught-wild-police-chase-officers-seen-dashcam-video-hitching-ride-his-car,2026-08-24T00:00:00+00:00,0.00568702,0.016000,0.266667,0.00002426,1490000.000000,,2,2,4,8,crime:0.90; other:0.10,score_v2,ok,full_text,open,488,transcript_page,programme average viewers x TV_SEGMENT_SHARE (US-only by construction); flat across the outlet's items (no per-item signal),"Human-interest crime anecdote with dashcam video and quotes; minimal argument or analysis, no notable authority figure, moderate emotional color from surprise/drama of the chase."
165,48bdbc118e700a77,Fox Business,cable,en,"DOJ seizes $560K in cryptocurrency allegedly intended for Hamas, disrupts online recruitment network",https://www.foxbusiness.com/politics/doj-seizes-560k-cryptocurrency-allegedly-intended-hamas-disrupts-online-recruitment-network,2026-09-02T00:00:00+00:00,0.00055725,0.087000,0.500000,0.00002424,146000.000000,,5,6,4,15,foreign_policy_wars:0.70; crime:0.20; ai_technology:0.10,score_v2,self_reported,full_text,open,491,homepage_fetch,programme average viewers x TV_SEGMENT_SHARE (US-only by construction); flat across the outlet's items (no per-item signal),"Reports factual DOJ operation details with dates, amounts, and quotes from officials, but relies mainly on official statements without independent verification. Ethos derives from DOJ/FBI institutional authority and named officials. Pathos moderate via combative rhetoric ('vise on Hamas,' 'barbaric attacks')."
166,753514c7c1f9597d,The Guardian US,print_digital,en,Trump’s threat against an NBC journalist is an attack on reality | Margaret Sullivan,https://www.theguardian.com/commentisfree/2026/sep/02/trump-nbc-fcc-kristin-welker,2026-09-02T11:00:22+00:00,0.00034098,0.124500,0.566667,0.00002406,89337.500000,,5,6,6,17,democracy_elections:0.40; government_leadership:0.35; race_relations:0.15; other:0.10,score_v2,ok,full_text,open,769,page_fetch,monthly visits / DIGITAL_ITEMS_PER_MONTH (already US-only (Semrush country split)); a visit is not a read; flat across the outlet's items (no per-item signal),"Sullivan cites specific incidents, FCC precedent, and named journalists to argue Trump's threat is press suppression. As a Guardian columnist writing on media and politics, she has professional standing. Language is charged ('freak-out', 'shameful', 'vicious'), conveying moral urgency and outrage throughout."
167,559e56c39e34fee5,Verdict with Ted Cruz,podcast,en,the-47-morning-update-with-ben-ferguson / 8-27-26,https://omny.fm/shows/the-47-morning-update-with-ben-ferguson/8-27-26,2026-08-27T08:15:00+00:00,0.00035191,0.133500,0.500000,0.00002349,92200.000000,,3,6,6,15,immigration:0.35; government_leadership:0.25; foreign_policy_wars:0.20; democracy_elections:0.20,score_v2,ok,full_text,open,303,rss_fulltext,subscribers x PODCAST_EPISODE_VIEW_RATE x (1 + PODCAST_AUDIO_MULTIPLE) (UNADJUSTED: no public country split for this platform); flat across the outlet's items (no per-item signal),"A conservative talk-radio host critiques Democratic figures' comments on leadership, Zelensky, and immigration, offering opinion and framing rather than evidence. Ben Ferguson's standing with his partisan audience gives moderate ethos; pathos comes from charged framing of national identity and safety; logos is thin, mostly assertion."
168,087d149b6f380783,Associated Press,print_digital,en,What to know about a reported US airstrike that hit a wedding in Iran,https://apnews.com/article/iran-us-war-strike-wedding-casualties-0b8dbb60863eb28e3dde59ff59e88735,2026-09-02T00:00:00+00:00,0.00029241,0.120000,0.666667,0.00002339,76612.500000,,8,6,6,20,foreign_policy_wars:1.00,score_v2,ok,full_text,open,852,homepage_fetch,monthly visits / DIGITAL_ITEMS_PER_MONTH (already US-only (Semrush country split)); a visit is not a read; flat across the outlet's items (no per-item signal),"AP news report with multiple sourced details: state media, rights group, eyewitness accounts, weapons expert analysis of fragments, and military spokesman's response. Institutional AP authority, no personal ethos figure. Vivid wounded-victim descriptions and quotes add moderate emotional intensity amid largely factual reporting."
169,6481d41eccb3ff4f,The Guardian US,print_digital,en,‘Leon Black is hiding behind litigation’: outrage after billionaire sues Congress over subpoenas for Epstein investigation – live,https://www.theguardian.com/us-news/live/2026/sep/03/donald-trump-immigration-tariffs-canada-trade-iran-jd-vance-latest-news-updates,2026-09-03T17:57:54+00:00,0.00034098,0.146500,0.466667,0.00002331,89337.500000,,3,6,5,14,government_leadership:0.30; foreign_policy_wars:0.25; democracy_elections:0.20; immigration:0.10; inflation_cost_of_living:0.10; ai_technology:0.05,score_v2,ok,full_text,open,2691,page_fetch,monthly visits / DIGITAL_ITEMS_PER_MONTH (already US-only (Semrush country split)); a visit is not a read; flat across the outlet's items (no per-item signal),"A live-blog roundup of multiple stories (Vance briefing, Lutnick gaffes, Trump posts, Epstein subpoenas, voting litigation, AI legislation). Little sustained argument, mostly quotes and claims; speakers carry institutional/political authority; emotionally charged language ('treasonous SCUM', 'heartsick') gives moderate pathos."
170,c816b9b4d8b4bb19,The New York Times,print_digital,en,Trump Administration Asks Supreme Court to Allow Mail Voting Limits,https://www.nytimes.com/2026/09/03/us/politics/trump-supreme-court-mail-ballots.html,2026-09-03T22:24:09+00:00,0.00157548,0.088500,0.166667,0.00002324,412775.000000,,1,3,1,5,democracy_elections:0.85; government_leadership:0.15,score_v2,ok,summary_only,paywalled,38,rss_summary,monthly visits / DIGITAL_ITEMS_PER_MONTH (already US-only (Semrush country split)); a visit is not a read; flat across the outlet's items (no per-item signal),"Headline/summary only, describing a legal filing with no evidence, reasoning, or emotional language. No named individual speaker; institutional context (Trump administration, Supreme Court) gives minimal ethos."
171,9f1e1d5c382f2abb,New York Post,print_digital,en,House DOGE panel calls Mayor Bass to DC over alleged $1B homeless funds scandal,https://nypost.com/2026/09/03/us-news/karen-bass-called-to-testify-in-alleged-1b-la-homeless-fund-scandal/,2026-09-03T15:53:25+00:00,0.00032080,0.142000,0.466667,0.00002126,84050.000000,,6,5,3,14,poverty_homelessness:0.50; government_leadership:0.35; economy:0.15,score_v2,ok,full_text,open,734,page_fetch,monthly visits / DIGITAL_ITEMS_PER_MONTH (already US-only (Semrush country split)); a visit is not a read; flat across the outlet's items (no per-item signal),"Article cites documents, specific dollar figures, compensation data, HUD investigation findings, and a congressional letter—substantial evidentiary detail. Ethos rests on institutional sources (House committee, HUD IG) rather than a singular authoritative voice. Emotional tone is muted, mostly factual reporting with occasional pointed details like executive pay."
172,bb722eb47f8931eb,New York Post,print_digital,en,Oman quietly rejects Iran’s pitch for Strait of Hormuz fees — despite IRGC claim of deal,https://nypost.com/2026/09/03/world-news/oman-quietly-rejects-irans-pitch-for-strait-of-hormuz-fees-despite-irgc-claim-of-deal/,2026-09-03T16:37:01+00:00,0.00032080,0.139500,0.466667,0.00002088,84050.000000,,6,5,3,14,foreign_policy_wars:0.85; government_leadership:0.15,score_v2,ok,full_text,open,488,page_fetch,monthly visits / DIGITAL_ITEMS_PER_MONTH (already US-only (Semrush country split)); a visit is not a read; flat across the outlet's items (no per-item signal),"Reports sourced information, official statements, and named/unnamed sources about Oman-Iran-US dynamics; some evidence but reliant on unnamed officials. Quotes Trump's blunt threats add moderate emotional intensity; standard journalistic ethos without a strong personal authority figure."
173,f17f87a31af8acd0,New York Post,print_digital,en,Susan Collins breaks internet with quip about Dem challenger Troy Jackson’s romance with second cousin,https://nypost.com/2026/09/03/us-news/susan-collins-breaks-the-internet-with-quip-about-dem-challenger-troy-jacksons-romance-with-his-second-cousin/,2026-09-03T15:47:36+00:00,0.00032080,0.147500,0.433333,0.00002050,84050.000000,,2,6,5,13,government_leadership:0.45; democracy_elections:0.35; other:0.20,score_v2,ok,full_text,open,490,page_fetch,monthly visits / DIGITAL_ITEMS_PER_MONTH (already US-only (Semrush country split)); a visit is not a read; flat across the outlet's items (no per-item signal),"Gossipy political item centered on Collins' quip and reactions; little evidence beyond quotes and polling figures. Collins carries institutional/political authority as sitting senator, quoted directly. Pathos moderate via scandalous personal details and viral social reactions rather than sober policy debate."
174,154bcf8441871712,BBC News (US audience),print_digital,en,US sailors go shopping before hitting the bars in Thailand after 250-day voyage,https://www.bbc.co.uk/news/articles/cj9x2k8n3y1o?at_medium=RSS&at_campaign=rss,2026-09-03T11:33:09+00:00,0.00047772,0.113500,0.366667,0.00001988,125162.500000,,3,3,5,11,foreign_policy_wars:0.55; other:0.35; economy:0.10,score_v2,ok,full_text,open,814,page_fetch,monthly visits / DIGITAL_ITEMS_PER_MONTH (already US-only (Semrush country split)); a visit is not a read; flat across the outlet's items (no per-item signal),"Descriptive human-interest report with quotes from sailors, family, locals, and a naval official; light reasoning about deployment context and economic impact on Pattaya. No dominant authoritative voice; moderate emotional color via personal anecdotes about family and deployment stress."
175,9ebe1e6d7bb11a91,Associated Press,print_digital,en,Kennedy Center disassembles Blue sculpture from its grounds,https://apnews.com/article/kennedy-center-blue-sculpture-removed-trump-shapiro-c28c6b03fa412e2a70a324ba0476d031,2026-09-02T00:00:00+00:00,0.00029241,0.169000,0.400000,0.00001977,76612.500000,,3,4,5,12,government_leadership:0.55; other:0.45,score_v2,ok,full_text,open,408,homepage_fetch,monthly visits / DIGITAL_ITEMS_PER_MONTH (already US-only (Semrush country split)); a visit is not a read; flat across the outlet's items (no per-item signal),"Straightforward news report on removal of a sculpture, framed within Trump's reshaping of Washington institutions. Includes quotes from Kennedy Center and an activist expressing sadness, but mostly descriptive with modest emotional coloring and limited argumentation or authoritative sourcing beyond quoted parties."
176,87e231c8d658a6dc,The Charlie Kirk Show,podcast,en,U.N. Says World Will Exceed Global Warming Limit,https://salemnewschannel.com/watch/un-says-world-will-exceed-global-warming-limit-6a9818d275a744783cc73d83,2026-09-02T00:00:00+00:00,0.00448855,0.010000,0.433333,0.00001945,1176000.000000,,5,6,2,13,environment:1.00,score_v2,ok,full_text,open,359,transcript_page,subscribers x PODCAST_EPISODE_VIEW_RATE x (1 + PODCAST_AUDIO_MULTIPLE) (UNADJUSTED: no public country split for this platform); flat across the outlet's items (no per-item signal),"Straight news report citing U.N. Environment Programme data and scientific findings, with modest reasoning about strategy but no counterarguments. Ethos from UN institutional authority. Low emotional language, mostly factual/technical tone."
177,1438f107db96b9c1,BBC News (US audience),print_digital,en,Judge blocks another effort by Trump to limit birthright citizenship,https://www.bbc.co.uk/news/articles/c4g58p6j72no?at_medium=RSS&at_campaign=rss,2026-09-03T15:24:53+00:00,0.00047772,0.101000,0.400000,0.00001930,125162.500000,,6,4,2,12,immigration:0.55; democracy_elections:0.35; government_leadership:0.10,score_v2,ok,full_text,open,459,page_fetch,monthly visits / DIGITAL_ITEMS_PER_MONTH (already US-only (Semrush country split)); a visit is not a read; flat across the outlet's items (no per-item signal),"Straight news report citing judge's ruling, legal history, arguments from both sides, and a White House rebuttal quote. Factual, restrained tone; no named byline authority beyond BBC/CBS attribution; minimal emotional language beyond 'activist judge' quote."
178,c35174c749401c6c,Verdict with Ted Cruz,podcast,en,verdict-with-ted-cruz-1 / 8-28-26,https://omny.fm/shows/verdict-with-ted-cruz-1/8-28-26,2026-08-28T07:40:00+00:00,0.00035191,0.096500,0.566667,0.00001924,92200.000000,,5,8,4,17,democracy_elections:0.50; government_leadership:0.20; race_relations:0.15; other:0.15,score_v2,ok,full_text,open,331,rss_fulltext,subscribers x PODCAST_EPISODE_VIEW_RATE x (1 + PODCAST_AUDIO_MULTIPLE) (UNADJUSTED: no public country split for this platform); flat across the outlet's items (no per-item signal),"A biographical/promotional discussion by Senator Cruz about his book on Justice Thomas, drawing on interviews and historical detail (some reasoning/evidence), delivered with Cruz's high standing among his political audience, and mild emotional coloring around Thomas's life story and confirmation battle."
179,e12eecc99a88cc9e,Forbes,print_digital,en,Modernizing Work Opportunity Tax Credit Admin To Maximize Outcomes,https://www.forbes.com/councils/forbesbusinesscouncil/2026/09/02/modernizing-work-opportunity-tax-credit-administration-to-maximize-workforce-outcomes/,2026-09-02T14:45:00+00:00,0.00022481,0.212000,0.400000,0.00001906,58900.000000,,6,5,1,12,economy:0.70; government_leadership:0.20; ai_technology:0.10,score_v2,ok,full_text,open,955,page_fetch,monthly visits / DIGITAL_ITEMS_PER_MONTH (already US-only (Semrush country split)); a visit is not a read; flat across the outlet's items (no per-item signal),"Practical, detailed policy/process argument with specifics on legislative status and administrative best practices, written by an industry expert. Little emotional appeal; authority is professional/institutional rather than personally charismatic; audience is business leaders via Forbes Council platform."
180,c8891999b1f579d2,Forbes,print_digital,en,How Employee Retention Influences Revenue Growth,https://www.forbes.com/councils/forbesbusinesscouncil/2026/09/03/how-employee-retention-influences-revenue-growth/,2026-09-03T14:15:00+00:00,0.00022481,0.206000,0.400000,0.00001852,58900.000000,,6,4,2,12,economy:0.85; other:0.15,score_v2,ok,full_text,open,1021,page_fetch,monthly visits / DIGITAL_ITEMS_PER_MONTH (already US-only (Semrush country split)); a visit is not a read; flat across the outlet's items (no per-item signal),"Business advice column with reasoned claims, a Gallup statistic, and causal argument linking retention to revenue, but one-sided and thin on counterevidence. Author is a CEO contributor to Forbes Council, moderate niche authority. Tone is measured, low emotional intensity."
181,f47128e8e028a5e4,New York Post,print_digital,en,Kamala Harris brutally snubbed by Dems in battleground races as she plots major campaign: ‘Bad idea’,https://nypost.com/2026/09/03/us-news/kamala-harris-snubbed-by-democrats-in-battleground-states/,2026-09-03T18:05:55+00:00,0.00032080,0.156000,0.366667,0.00001835,84050.000000,,3,4,4,11,government_leadership:0.50; democracy_elections:0.40; other:0.10,score_v2,ok,full_text,open,588,page_fetch,monthly visits / DIGITAL_ITEMS_PER_MONTH (already US-only (Semrush country split)); a visit is not a read; flat across the outlet's items (no per-item signal),"Article cites multiple named Democratic candidates' quotes rejecting Harris, plus a poll figure, giving modest evidentiary support. No personal authority beyond reported quotes and journalistic framing. Some pathos via loaded words like 'brutally snubbed' and 'curse.'"
182,9de50da05175c4e6,NPR (npr.org),print_digital,en,Inside the failed mission to eliminate FEMA,https://www.npr.org/2026/09/03/nx-s1-5943052/fema-trump-flood-wildfire-hurricane-disaster,2026-09-03T09:00:00+00:00,0.00019590,0.185500,0.500000,0.00001817,51325.000000,,7,6,2,15,government_leadership:0.65; other:0.20; democracy_elections:0.15,score_v2,ok,full_text,open,1394,page_fetch,monthly visits / DIGITAL_ITEMS_PER_MONTH (already US-only (Semrush country split)); a visit is not a read; flat across the outlet's items (no per-item signal),"NPR investigative piece with multiple named sources (Richardson, Criswell, Rumbach), documents, court cases, GAO report, and a book excerpt. Balanced reporting with institutional backing but low emotional language; focuses on policy detail and internal bureaucratic maneuvering."
183,f1c6dd5724cc725c,Verdict with Ted Cruz,podcast,en,the-47-morning-update-with-ben-ferguson / 9-01-26,https://omny.fm/shows/the-47-morning-update-with-ben-ferguson/9-01-26,2026-09-01T08:15:00+00:00,0.00035191,0.119000,0.433333,0.00001815,92200.000000,,5,6,2,13,democracy_elections:0.45; foreign_policy_wars:0.35; government_leadership:0.20,score_v2,ok,full_text,open,324,rss_fulltext,subscribers x PODCAST_EPISODE_VIEW_RATE x (1 + PODCAST_AUDIO_MULTIPLE) (UNADJUSTED: no public country split for this platform); flat across the outlet's items (no per-item signal),"Ben Ferguson explains a Supreme Court ruling on standing and a Venezuela energy deal with some factual breakdown, but little sourced evidence or opposing views. As a recognized conservative host with an established audience, his ethos is solid; emotional tone is minimal, mostly explanatory."
184,1dfaabb97b3ce41c,New York Post,print_digital,en,House GOP bill would bar food stamp recipients from using their benefits at restaurants,https://nypost.com/2026/09/03/us-news/house-gop-bill-would-bar-food-stamp-recipients-from-using-their-benefits-at-restaurants/,2026-09-03T14:08:29+00:00,0.00032080,0.141000,0.400000,0.00001809,84050.000000,,4,5,3,12,poverty_homelessness:0.50; government_leadership:0.30; economy:0.20,score_v2,ok,full_text,open,431,page_fetch,monthly visits / DIGITAL_ITEMS_PER_MONTH (already US-only (Semrush country split)); a visit is not a read; flat across the outlet's items (no per-item signal),"Article cites specific spending figures by state and legislative history, giving some evidentiary basis. Gill's quotes carry rhetorical framing ('SNAP out of it') but limited emotional intensity. Ethos moderate: named congressman with institutional backing, but limited broader public authority shown."
185,95753ab9860738f0,New York Post,print_digital,en,Billionaire Leon Black sues House Oversight Committee amid NDA fight in Jeffrey Epstein probe,https://nypost.com/2026/09/03/us-news/billionaire-leon-black-sues-house-oversight-committee-amid-nda-fight-in-jeffrey-epstein-probe/,2026-09-03T15:30:22+00:00,0.00032080,0.111500,0.500000,0.00001788,84050.000000,,5,6,4,15,democracy_elections:0.35; government_leadership:0.35; crime:0.30,score_v2,ok,full_text,open,606,page_fetch,monthly visits / DIGITAL_ITEMS_PER_MONTH (already US-only (Semrush country split)); a visit is not a read; flat across the outlet's items (no per-item signal),"Reports facts, quotes, and legal claims from named officials and lawyers, with background evidence (subpoenas, review findings, resignations). Named sources like Comer, Garcia, Estrich carry institutional authority. Moderate emotional charge via 'perverted financier,' 'destroy Mr. Black,' but largely factual reporting."
186,9a8c6a72f8d543c1,NPR (npr.org),print_digital,en,Political consultant on how the cost-of-living is affecting Trump's approval rating,https://www.npr.org/2026/09/02/nx-s1-5951679/political-consultant-on-how-the-cost-of-living-is-affecting-trumps-approval-rating,2026-09-02T08:41:54+00:00,0.00019590,0.178500,0.500000,0.00001748,51325.000000,,5,6,4,15,inflation_cost_of_living:0.40; government_leadership:0.35; democracy_elections:0.25,score_v2,ok,full_text,open,1175,page_fetch,monthly visits / DIGITAL_ITEMS_PER_MONTH (already US-only (Semrush country split)); a visit is not a read; flat across the outlet's items (no per-item signal),"Interview cites focus-group evidence, polling, and specific races (Texas, Georgia) to support claims, giving moderate logos. Longwell has recognized standing as a pollster/consultant, moderate ethos. Some charged language ('albatross', 'corruption') but mostly analytical tone, moderate pathos."
187,c75f5998b1b190a6,The Guardian US,print_digital,en,US House passes bill penalizing universities that participate in boycott of Israel,https://www.theguardian.com/us-news/2026/sep/03/israel-boycott-university-ban-bill,2026-09-03T16:15:49+00:00,0.00034098,0.108500,0.466667,0.00001727,89337.500000,,5,6,3,14,education:0.35; foreign_policy_wars:0.35; government_leadership:0.20; democracy_elections:0.10,score_v2,ok,full_text,open,465,page_fetch,monthly visits / DIGITAL_ITEMS_PER_MONTH (already US-only (Semrush country split)); a visit is not a read; flat across the outlet's items (no per-item signal),"Reports legislative facts, vote counts, and quotes from both sides with some reasoning about free speech vs antisemitism. Named officials (Walberg, Scott, Gottheimer) lend institutional authority. Emotional language is moderate, framed around discrimination and antisemitism concerns."
188,5a543daea7f7dbc9,The Washington Post,print_digital,en,Connecticut senator urges Democrats to speak up about fighting corporate power,https://www.washingtonpost.com/politics/2026/09/03/connecticut-senator-urges-democrats-speak-up-about-fighting-corporate-power/,2026-09-03T20:45:00+00:00,0.00021870,0.236000,0.333333,0.00001720,57300.000000,,1,6,3,10,economy:0.70; government_leadership:0.30,score_v2,ok,summary_only,paywalled,40,rss_summary,monthly visits / DIGITAL_ITEMS_PER_MONTH (already US-only (Semrush country split)); a visit is not a read; flat across the outlet's items (no per-item signal),"Only a headline/summary; no evidence or argument given, just an assertion attributed to Senator Murphy. His standing as a sitting senator gives moderate ethos with Democratic audiences. Some mild populist framing ('ultrarich') suggests light emotional charge, but text is too thin for strong pathos or logos."
189,b1c59589d1058356,New York Post,print_digital,en,Rep. Laura Gillen pushes bill that would make staging car crashes for insurance money a federal crime,https://nypost.com/2026/09/03/us-news/rep-laura-gillen-pushes-to-make-orchestrated-car-crashes-for-insurance-fraud-a-federal-crime/,2026-09-03T13:00:04+00:00,0.00032080,0.106000,0.500000,0.00001700,84050.000000,,6,5,4,15,crime:0.55; government_leadership:0.25; inflation_cost_of_living:0.20,score_v2,ok,full_text,open,679,page_fetch,monthly visits / DIGITAL_ITEMS_PER_MONTH (already US-only (Semrush country split)); a visit is not a read; flat across the outlet's items (no per-item signal),"Article cites statistics (NICB data, insurance costs), quotes lawmaker, victim, and industry official. Gillen has moderate institutional authority as a House member; personal anecdote from Uber driver adds emotional weight, though overall tone remains measured, policy-focused reporting."
190,20b0b3ff93bd841a,The Megyn Kelly Show,podcast,en,The San Francisco 49ers NFL Player Hoax That Swindled Over a Million Dollars from Unsuspecting Women,https://www.megynkelly.com/2026/09/01/megyn-kelly-reacts-to-daejon-love-nfl-scam,2026-09-01T00:00:00+00:00,0.00316794,0.010000,0.533333,0.00001690,830000.000000,,7,4,5,16,crime:0.85; ai_technology:0.15,score_v2,ok,full_text,open,646,transcript_page,subscribers x PODCAST_EPISODE_VIEW_RATE x (1 + PODCAST_AUDIO_MULTIPLE) (UNADJUSTED: no public country split for this platform); flat across the outlet's items (no per-item signal),"Article details specific evidence: affidavit details, purchase records, victim accounts, official denials from NFL/49ers. No named authoritative narrator beyond outlet reporting; mentions Megyn Kelly segment. Emotional elements include victim testimony, threats, betrayal narrative."
191,bbbe8061addcf81c,Verdict with Ted Cruz,podcast,en,verdict-with-ted-cruz-1 / one-on-one-w-justice-clarence-thomas-part-2,https://omny.fm/shows/verdict-with-ted-cruz-1/one-on-one-w-justice-clarence-thomas-part-2,2026-08-26T07:40:00+00:00,0.00035191,0.071000,0.666667,0.00001666,92200.000000,,7,9,4,20,democracy_elections:0.55; race_relations:0.25; government_leadership:0.10; ethics_morality:0.10,score_v2,ok,full_text,open,359,rss_fulltext,subscribers x PODCAST_EPISODE_VIEW_RATE x (1 + PODCAST_AUDIO_MULTIPLE) (UNADJUSTED: no public country split for this platform); flat across the outlet's items (no per-item signal),"Substantive discussion of constitutional philosophy, precedent, and historical cases (Kelo, Reconstruction) with reasoning throughout. Ethos is very high given Thomas's Supreme Court authority and Cruz's political standing. Pathos moderate, driven by personal anecdotes about liberty and identity rather than overt emotional appeals."
192,78c7c03a58fb136a,Verdict with Ted Cruz,podcast,en,verdict-with-ted-cruz-1 / 8-29-26-saturday,https://omny.fm/shows/verdict-with-ted-cruz-1/8-29-26-saturday,2026-08-29T07:40:00+00:00,0.00035191,0.077500,0.600000,0.00001636,92200.000000,,4,8,6,18,democracy_elections:0.40; race_relations:0.25; ethics_morality:0.20; government_leadership:0.15,score_v2,ok,full_text,open,356,rss_fulltext,subscribers x PODCAST_EPISODE_VIEW_RATE x (1 + PODCAST_AUDIO_MULTIPLE) (UNADJUSTED: no public country split for this platform); flat across the outlet's items (no per-item signal),"A sitting senator discusses his biography of Clarence Thomas, offering biographical narrative and personal interview insights rather than rigorous argument. High ethos from Cruz's authority and personal access; moderate pathos from Thomas's poverty-to-power story and confirmation battle themes."
193,a0ba6041082fa188,The Guardian US,print_digital,en,Federal judge considers whether to extend ban on USPS mail ballot changes,https://www.theguardian.com/us-news/2026/sep/03/federal-judge-usps-mail-ballot-changes,2026-09-03T14:50:58+00:00,0.00034098,0.088500,0.533333,0.00001609,89337.500000,,8,5,3,16,democracy_elections:0.85; government_leadership:0.15,score_v2,ok,full_text,open,581,page_fetch,monthly visits / DIGITAL_ITEMS_PER_MONTH (already US-only (Semrush country split)); a visit is not a read; flat across the outlet's items (no per-item signal),"Detailed factual reporting on litigation timeline, legal arguments, whistleblower report, and operational specifics. No named strong personal-authority voice beyond quoted judge/lawyer; standard news outlet standing. Emotional tone restrained, mostly procedural with some urgency language ('70 days')."
194,7f361cb64ad36f83,Verdict with Ted Cruz,podcast,en,verdict-with-ted-cruz-1 / the-chinese-communists-caught-spending-big-bucks-trying-to-make-you-hate-data-centers-plus-trump-s-venezuela-oil-deal,https://omny.fm/shows/verdict-with-ted-cruz-1/the-chinese-communists-caught-spending-big-bucks-trying-to-make-you-hate-data-centers-plus-trump-s-venezuela-oil-deal,2026-08-31T07:40:00+00:00,0.00035191,0.098000,0.466667,0.00001609,92200.000000,,4,6,4,14,ai_technology:0.45; foreign_policy_wars:0.30; economy:0.25,score_v2,ok,full_text,open,384,rss_fulltext,subscribers x PODCAST_EPISODE_VIEW_RATE x (1 + PODCAST_AUDIO_MULTIPLE) (UNADJUSTED: no public country split for this platform); flat across the outlet's items (no per-item signal),"Podcast discussion with claims about Chinese bot farms, AI infrastructure, and Venezuela oil deal; some reasoning offered but largely assertion-driven. Cruz brings recognizable political authority and audience trust; moderate emotional framing around national security threats from China."
195,f5db47368a838785,Business Insider,print_digital,en,recession-outlook-warning-signs-us-consumer-spending-economy-gary-shilling-2026-9,https://www.businessinsider.com/recession-outlook-warning-signs-us-consumer-spending-economy-gary-shilling-2026-9,2026-09-03T16:46:18+00:00,0.00012739,0.210000,0.600000,0.00001605,33375.000000,,8,7,3,18,economy:0.50; inflation_cost_of_living:0.50,score_v2,ok,full_text,open,827,rss_fulltext,monthly visits / DIGITAL_ITEMS_PER_MONTH (already US-only (Semrush country split)); a visit is not a read; flat across the outlet's items (no per-item signal),"Data-heavy piece citing retail sales, consumer sentiment, debt, savings rates, and retailer performance from a named economist with strong credentials (dot-com, 2008 calls). Minimal emotional language; mostly statistical evidence supporting a recession forecast."
196,3e32018cb4af7456,NPR (npr.org),print_digital,en,"How will tariffs affect the midterms? In this Michigan border town, it's complicated",https://www.npr.org/2026/09/02/nx-s1-5947963/tariffs-tariffs-voters-michigan-upper-peninsula-trump,2026-09-02T09:00:00+00:00,0.00019590,0.169500,0.466667,0.00001550,51325.000000,,6,4,4,14,economy:0.40; inflation_cost_of_living:0.25; democracy_elections:0.20; foreign_policy_wars:0.15,score_v2,ok,full_text,open,1073,page_fetch,monthly visits / DIGITAL_ITEMS_PER_MONTH (already US-only (Semrush country split)); a visit is not a read; flat across the outlet's items (no per-item signal),"Report blends economic data (export figures, bridge traffic losses) with local voter interviews illustrating tariff impacts on midterms. No dominant authoritative voice; journalistic, moderately evidence-based, with some emotional color from personal frustration but largely measured tone."
197,135ba37aedc8c8e8,BBC News (US audience),print_digital,en,"Vance's Antichrist comments are a 'common belief', his friend tells BBC",https://www.bbc.co.uk/news/articles/cn4kwzr8gd9o?at_medium=RSS&at_campaign=rss,2026-09-03T13:07:02+00:00,0.00047772,0.080000,0.400000,0.00001529,125162.500000,,2,6,4,12,ethics_morality:0.65; government_leadership:0.20; other:0.15,score_v2,ok,full_text,open,522,page_fetch,monthly visits / DIGITAL_ITEMS_PER_MONTH (already US-only (Semrush country split)); a visit is not a read; flat across the outlet's items (no per-item signal),"Article reports Vance's religious remarks and a friend's defense, with little evidence or argument beyond assertion of common belief. Ethos derives from Vance's office and Dreher's insider connection; pathos moderate via apocalyptic, faith-driven language and cultural stakes."
198,ca58672fbc860fb8,BBC News (US audience),print_digital,en,"Feminist activist and journalist Gloria Steinem dies, aged 92",https://www.bbc.co.uk/news/articles/clyeq3ngwe4o?at_medium=RSS&at_campaign=rss,2026-09-03T18:04:34+00:00,0.00047772,0.068000,0.466667,0.00001516,125162.500000,,2,6,6,14,ethics_morality:0.35; abortion:0.25; other:0.25; government_leadership:0.15,score_v2,ok,full_text,open,760,page_fetch,monthly visits / DIGITAL_ITEMS_PER_MONTH (already US-only (Semrush country split)); a visit is not a read; flat across the outlet's items (no per-item signal),"An obituary recounting Steinem's life, activism, and tributes. Minimal argumentation—mostly biographical facts and quoted tributes. Ethos derives from her established public standing and quotes from prominent figures (Clinton, Markle). Pathos moderate via emotional tributes and reflections on her legacy."
199,72c11cd766c94c5a,New York Post,print_digital,en,Trump blocked again from restricting birthright citizenship by Biden judge: ‘Almost certainly unconstitutional’,https://nypost.com/2026/09/03/us-news/trump-blocked-again-from-restricting-birthright-citizenship/,2026-09-03T13:52:15+00:00,0.00032080,0.101000,0.466667,0.00001512,84050.000000,,6,5,3,14,immigration:0.55; democracy_elections:0.35; government_leadership:0.10,score_v2,ok,full_text,open,477,page_fetch,monthly visits / DIGITAL_ITEMS_PER_MONTH (already US-only (Semrush country split)); a visit is not a read; flat across the outlet's items (no per-item signal),"Reports legal ruling with quotes from judge's opinion, constitutional text, AG, and White House statements; factual news structure with some reasoning but no deep analysis. Named officials give moderate ethos; language like 'activist judge' adds mild emotional charge."
200,41fed8554b1ac011,Breaking Points,podcast,en,contracts / fulfillment_policy,https://breakingpoints.supercast.com/contracts/fulfillment_policy,,0.00159542,0.070000,0.133333,0.00001489,418000.000000,,2,2,0,4,other:1.00,score_v2,ok,full_text,open,333,homepage_fetch,subscribers x PODCAST_EPISODE_VIEW_RATE x (1 + PODCAST_AUDIO_MULTIPLE) (UNADJUSTED: no public country split for this platform); flat across the outlet's items (no per-item signal),"A purely informational policy document about subscription terms, cancellation, and refunds. No persuasive intent, argumentation, emotional appeal, or identifiable authoritative speaker addressing an audience; it's procedural/legal text unrelated to Gallup topic categories."
201,6e94b15ca7000d64,Noticias Telemundo,tv,es,Esta es la crónica del tiroteo mortal en Minneapolis donde tres policías resultaron heridos,https://www.telemundo.com/noticias/noticias-telemundo/crimen-y-violencia/video/esta-es-la-cronica-del-tiroteo-mortal-en-minneapolis-donde-tres-policias-resultaron-heridos-tmvo13220275,2026-09-03T00:00:00+00:00,0.00549618,0.010000,0.266667,0.00001466,1440000.000000,,2,3,3,8,crime:1.00,score_v2,ok,full_text,open,366,transcript_page,programme average viewers x TV_SEGMENT_SHARE (US-only by construction); flat across the outlet's items (no per-item signal),"Brief news brief reporting facts of a shooting incident; minimal reasoning, no named authoritative speaker beyond news outlet, moderate emotional weight from violent subject matter but flat delivery."
202,c130653105dab00c,BBC News (US audience),print_digital,en,"'Beautiful, vibrant' Disney star Carla Jeffery dies aged 33",https://www.bbc.co.uk/news/articles/ceq8r5gjygno?at_medium=RSS&at_campaign=rss,2026-09-03T09:37:34+00:00,0.00047772,0.070000,0.433333,0.00001449,125162.500000,,1,4,8,13,other:1.00,score_v2,ok,full_text,open,473,page_fetch,monthly visits / DIGITAL_ITEMS_PER_MONTH (already US-only (Semrush country split)); a visit is not a read; flat across the outlet's items (no per-item signal),"Celebrity obituary with tributes from agent, family, and co-stars; no argument or evidence, just emotional remembrance. Ethos moderate from named industry sources; pathos high due to grief-laden quotes and personal messages."
203,bf81d005df40df64,Associated Press,print_digital,en,"Iran targets Kuwait in retaliation for US bombardments, and other Mideast news",https://apnews.com/article/mideast-iran-hormuz-washington-september-3-2026-6b5f8c2e6153fa199cbdb567acef6806,2026-09-03T00:00:00+00:00,0.00029241,0.114000,0.433333,0.00001445,76612.500000,,5,4,4,13,foreign_policy_wars:0.90; democracy_elections:0.10,score_v2,ok,full_text,open,1119,homepage_fetch,monthly visits / DIGITAL_ITEMS_PER_MONTH (already US-only (Semrush country split)); a visit is not a read; flat across the outlet's items (no per-item signal),"News roundup of Iran-Israel-Gaza conflict developments, citing officials, hospitals, and data sources like Lloyd's List, but with minimal analysis. Wire-service style reporting gives moderate institutional credibility. Descriptions of deaths, funerals, and strikes add emotional weight without overt rhetorical framing."
204,b74e1e0465a94746,Breitbart,print_digital,en,Protectionist and Feminist: Gloria Steinem Agreed With Donald Trump on Trade,https://www.breitbart.com/economy/2026/09/03/protectionist-and-feminist-gloria-steinem-joined-pat-buchanan-to-oppose-the-wto/,2026-09-03T13:56:04+00:00,0.00013268,0.217000,0.500000,0.00001440,34762.500000,,7,6,2,15,economy:0.75; government_leadership:0.15; other:0.10,score_v2,ok,full_text,open,771,page_fetch,monthly visits / DIGITAL_ITEMS_PER_MONTH (already US-only (Semrush country split)); a visit is not a read; flat across the outlet's items (no per-item signal),"Article traces documented historical record—letters, quotes, essays—to build a reasoned case about Steinem's trade views. Ethos rests on citing named historical figures and Steinem's own established authority. Pathos is low; tone is analytical, historical, mostly affectless."
205,e4d2e7766483db65,Forbes,print_digital,en,DiSC Isn't The Problem: How It's Used Sometimes Is,https://www.forbes.com/councils/forbescoachescouncil/2026/09/03/disc-isnt-the-problem-how-its-used-sometimes-is/,2026-09-03T14:15:00+00:00,0.00022481,0.134000,0.466667,0.00001406,58900.000000,,6,6,2,14,other:0.60; economy:0.40,score_v2,ok,full_text,open,660,page_fetch,monthly visits / DIGITAL_ITEMS_PER_MONTH (already US-only (Semrush country split)); a visit is not a read; flat across the outlet's items (no per-item signal),"Author, a coaching founder, presents structured reasoning and practical recommendations about DiSC misuse, drawing on professional experience rather than data or studies. Ethos rests on her credentialed niche authority (Forbes Coaches Council). Emotional tone is measured, professional, low intensity."
206,2c9e8b4224606f20,NPR (npr.org),print_digital,en,Trump attempts to combat high gas prices as affordability crisis looms over midterms,https://www.npr.org/2026/09/02/nx-s1-5951976/trump-attempts-to-combat-high-gas-prices-as-affordability-crisis-looms-over-midterms,2026-09-02T08:42:26+00:00,0.00019590,0.175000,0.400000,0.00001371,51325.000000,,5,5,2,12,inflation_cost_of_living:0.50; government_leadership:0.20; foreign_policy_wars:0.20; democracy_elections:0.10,score_v2,ok,full_text,open,820,page_fetch,monthly visits / DIGITAL_ITEMS_PER_MONTH (already US-only (Semrush country split)); a visit is not a read; flat across the outlet's items (no per-item signal),"NPR interview format with correspondent citing polling, experts, and named sources (McHenry, Heye) analyzing gas prices and Trump's political response. Measured, analytical tone with little emotional language; moderate institutional authority via NPR and named political operatives, but no dominant personal ethos figure driving persuasion."
207,5f88ba91dfc06354,BBC News (US audience),print_digital,en,How Gloria Steinem changed the lives of generations of women,https://www.bbc.co.uk/news/articles/cqv5wxyp5xwo?at_medium=RSS&at_campaign=rss,2026-09-03T11:26:07+00:00,0.00047772,0.047000,0.600000,0.00001347,125162.500000,,4,8,6,18,other:0.55; abortion:0.25; ethics_morality:0.20,score_v2,ok,full_text,open,2017,page_fetch,monthly visits / DIGITAL_ITEMS_PER_MONTH (already US-only (Semrush country split)); a visit is not a read; flat across the outlet's items (no per-item signal),"Biographical obituary narrating Steinem's life, activism, and legacy through anecdotes and quotes rather than argument. Ethos high due to her established authority as a feminist icon. Pathos moderate from emotional life events (abuse, harassment, illness); logos low as it's narrative, not evidentiary."
208,69b648f72015bb72,NPR (npr.org),print_digital,en,Ex-National Security Council director on administration's plan for Venezuela oil,https://www.npr.org/2026/09/03/nx-s1-5954063/ex-national-security-council-director-on-administrations-plan-for-venezuela-oil,2026-09-03T08:08:17+00:00,0.00019590,0.133000,0.500000,0.00001303,51325.000000,,7,6,2,15,foreign_policy_wars:0.65; economy:0.20; democracy_elections:0.15,score_v2,ok,full_text,open,1012,page_fetch,monthly visits / DIGITAL_ITEMS_PER_MONTH (already US-only (Semrush country split)); a visit is not a read; flat across the outlet's items (no per-item signal),"NPR interview with a former NSC official and think-tank expert, offering reasoned analysis of Venezuela oil deals, risks, and geopolitical implications. Measured, low-emotion tone; credibility rests on institutional/professional background rather than personal fame or audience loyalty."
209,51fc948d866d2cd1,NPR (npr.org),print_digital,en,Veteran political journalist on division among Democrats over democratic socialism,https://www.npr.org/2026/09/03/nx-s1-5910644/veteran-political-journalist-on-division-among-democrats-over-democratic-socialism,2026-09-03T08:08:56+00:00,0.00019590,0.132000,0.500000,0.00001293,51325.000000,,6,7,2,15,government_leadership:0.40; democracy_elections:0.40; healthcare:0.20,score_v2,ok,full_text,open,1362,page_fetch,monthly visits / DIGITAL_ITEMS_PER_MONTH (already US-only (Semrush country split)); a visit is not a read; flat across the outlet's items (no per-item signal),"Analytical NPR interview with CNN's Ron Brownstein offering reasoned analysis, historical comparisons (2018, 2020, 2016), and electoral data. Brownstein's recognized expertise gives solid ethos. Tone is measured and dispassionate, low emotional intensity despite discussing party division and anger."
210,8f05a7284777bd3c,Associated Press,print_digital,en,USS Lincoln crew hits the streets of Thai beach city after lengthy Middle East deployment,https://apnews.com/article/thailand-pattaya-abraham-lincoln-carrier-crew-ce9febd3795164e9743f22f1daa5c681,2026-09-03T00:00:00+00:00,0.00029241,0.112500,0.366667,0.00001206,76612.500000,,4,4,3,11,foreign_policy_wars:0.85; other:0.15,score_v2,ok,full_text,open,715,homepage_fetch,monthly visits / DIGITAL_ITEMS_PER_MONTH (already US-only (Semrush country split)); a visit is not a read; flat across the outlet's items (no per-item signal),"Straightforward AP news report with quotes from sailors, vendors, and an onlooker; some factual detail on deployment length and mental health concerns. Institutional AP authorship gives moderate ethos; mild human-interest color adds light emotional texture but overall tone is neutral reportage."
211,0a2b8323d98cfcfe,HuffPost,print_digital,en,Canadian PM Mark Carney Tells Trump Team To ‘Stop Throwing Shade’ In Blunt Takedown,https://www.huffpost.com/entry/mark-carney-message-trump-america_n_6a97b193e4b087cf7f006f41,2026-09-02T05:30:03+00:00,0.00011846,0.178000,0.566667,0.00001195,31037.500000,,4,7,6,17,foreign_policy_wars:0.50; economy:0.35; government_leadership:0.15,score_v2,ok,full_text,open,604,page_fetch,monthly visits / DIGITAL_ITEMS_PER_MONTH (already US-only (Semrush country split)); a visit is not a read; flat across the outlet's items (no per-item signal),"Article reports Carney's blunt rhetoric and trade dispute details, citing tariff figures, election results, and quotes from officials. Carney speaks as sitting PM with domestic political backing, giving him high ethos with Canadian audience. Emotional, combative language ('wiped out,' 'beneath their office') drives moderate pathos; limited deep economic analysis."
212,a9d876d59e1925d5,Fox Business,cable,en,Mamdani bans generative AI for students until 9th grade in nation's largest school district,https://www.foxbusiness.com/politics/mamdani-bans-generative-ai-students-until-9th-grade-nations-largest-school-district,2026-09-02T00:00:00+00:00,0.00055725,0.057000,0.366667,0.00001165,146000.000000,,3,6,2,11,education:0.55; ai_technology:0.30; government_leadership:0.15,score_v2,self_reported,full_text,open,582,homepage_fetch,programme average viewers x TV_SEGMENT_SHARE (US-only by construction); flat across the outlet's items (no per-item signal),"Mostly reports Mamdani's policy announcement with quotes, no independent data on AI's effects, plus a tangential union dispute. Mamdani's mayoral authority carries weight; emotional tone is low, largely factual reporting with limited rhetorical flourish."
213,184dc4763cc62e9d,HuffPost,print_digital,en,Two Democrats Just Bailed Out Mike Johnson — And Hakeem Jeffries Is Furious,https://www.huffpost.com/entry/jared-golden-hakeem-jeffries-rule-vote_n_6a9775e5e4b0a45256171635,2026-09-02T01:50:34+00:00,0.00011846,0.210000,0.466667,0.00001161,31037.500000,,5,6,3,14,government_leadership:0.70; democracy_elections:0.20; economy:0.10,score_v2,ok,full_text,open,493,page_fetch,monthly visits / DIGITAL_ITEMS_PER_MONTH (already US-only (Semrush country split)); a visit is not a read; flat across the outlet's items (no per-item signal),"Reports procedural vote details, quotes from Jeffries, Golden, Johnson explaining motives and consequences. Some factual context on rule votes but limited counter-evidence. Named political figures carry institutional authority; moderate emotional tone via 'furious', 'blindside', 'breach of trust'."
214,a49276583974111e,Associated Press,print_digital,en,"Gloria Steinem, a potent voice of US feminism and co-founder of Ms. Magazine, dies at 92",https://apnews.com/article/gloria-steinem-dies-724836935f6547fda60f361c15238d14,2026-09-03T00:00:00+00:00,0.00029241,0.070000,0.566667,0.00001160,76612.500000,,2,9,6,17,other:0.50; abortion:0.15; ethics_morality:0.15; government_leadership:0.10; race_relations:0.10,score_v2,ok,full_text,open,2127,homepage_fetch,monthly visits / DIGITAL_ITEMS_PER_MONTH (already US-only (Semrush country split)); a visit is not a read; flat across the outlet's items (no per-item signal),"An obituary narrating Steinem's life, quotes, and legacy rather than argument; minimal reasoning or evidence beyond biographical anecdote. Ethos is very high as Steinem's own authority as a feminist icon is central. Pathos is moderate—emotional anecdotes but reportorial tone overall."
215,14d1082165d82fe8,CNBC,cable,en,https://www.youtube.com/watch?v=2z9g4YevtJY,https://www.youtube.com/watch?v=2z9g4YevtJY,2026-09-03T16:45:33+00:00,0.00054580,0.045000,0.466667,0.00001146,143000.000000,,5,7,2,14,ai_technology:0.75; economy:0.15; education:0.10,score_v2,ok,full_text,open,6242,youtube_transcript,programme average viewers x TV_SEGMENT_SHARE (US-only by construction); flat across the outlet's items (no per-item signal),"Business news transcript featuring CEOs Jensen Huang and Clement Delangue discussing Nvidia's Hugging Face acquisition, plus segments on NBA discipline and NYC AI school policy. Moderate reasoning about open vs closed AI models; high speaker authority given CEO status; low emotional intensity, mostly factual/business tone."
216,b36e573c667b2de6,Politico,print_digital,en,09 / 03 / kamala-harris-midterms-democrats-01063010,https://www.politico.com/news/2026/09/03/kamala-harris-midterms-democrats-01063010,2026-09-03T09:55:00+00:00,0.00012309,0.174000,0.533333,0.00001142,32250.000000,,8,6,2,16,government_leadership:0.60; democracy_elections:0.40,score_v2,ok,full_text,open,1473,rss_fulltext,monthly visits / DIGITAL_ITEMS_PER_MONTH (already US-only (Semrush country split)); a visit is not a read; flat across the outlet's items (no per-item signal),"Detailed political reporting with multiple named sources, quotes, polling data, and specific race examples supporting claims about intra-party tensions. Journalistic voice (POLITICO) carries institutional authority but no personal ethos. Emotional content is minimal, mostly factual/strategic discussion."
217,bccfdda138f30cda,HuffPost,print_digital,en,Trump Wants To Freeze Pay For Federal Workers — But Not For ICE Officers,https://www.huffpost.com/entry/trump-proposes-pay-freeze-federal-workers-ice-raise_n_6a985401e4b0a4525618548e,2026-09-02T19:26:35+00:00,0.00011846,0.206000,0.466667,0.00001139,31037.500000,,5,4,5,14,government_leadership:0.40; economy:0.25; immigration:0.20; inflation_cost_of_living:0.15,score_v2,ok,full_text,open,575,page_fetch,monthly visits / DIGITAL_ITEMS_PER_MONTH (already US-only (Semrush country split)); a visit is not a read; flat across the outlet's items (no per-item signal),"Uses quotes, letter text, and statistics (7%, 3.8%, $400 gas costs) to support claims, with union and lawmaker reactions. No named independent expert analysis. Moderate emotional framing ('slap in the face,' 'trauma') without heavy rhetorical excess. HuffPost byline carries modest institutional authority."
218,b96ebb05d9b38038,Forbes,print_digital,en,Why The AI Race Will Be Won On The Factory Floor,https://www.forbes.com/councils/forbestechcouncil/2026/09/03/why-the-ai-race-will-be-won-on-the-factory-floor/,2026-09-03T11:00:00+00:00,0.00022481,0.093000,0.533333,0.00001115,58900.000000,,7,6,3,16,ai_technology:0.55; economy:0.35; other:0.10,score_v2,ok,full_text,open,1083,page_fetch,monthly visits / DIGITAL_ITEMS_PER_MONTH (already US-only (Semrush country split)); a visit is not a read; flat across the outlet's items (no per-item signal),"CEO of a robotics firm cites CSIS, AWS, Goldman Sachs statistics and industry examples to argue physical AI/manufacturing capacity is the real bottleneck. Reasoning is structured with data but one-sided, promoting his industry. Ethos moderate as a founder with direct experience; Forbes platform adds some standing."
219,f1f7077ee709f62a,NPR (npr.org),print_digital,en,Democrats demand Homeland Security officials fund election security ahead of midterms,https://www.npr.org/2026/09/03/nx-s1-5954541/election-security-midterms-dhs-democrats,2026-09-03T09:00:00+00:00,0.00019590,0.104000,0.533333,0.00001087,51325.000000,,6,6,4,16,democracy_elections:0.70; government_leadership:0.20; foreign_policy_wars:0.10,score_v2,ok,full_text,open,771,page_fetch,monthly visits / DIGITAL_ITEMS_PER_MONTH (already US-only (Semrush country split)); a visit is not a read; flat across the outlet's items (no per-item signal),"News article citing a letter from named lawmakers, specific funding figures, legislative history, and quotes from officials (Padilla, Morelle, Fontes). Some emotionally charged language ('sabotaging elections') but mostly factual reporting with institutional sourcing and moderate authority from named officials."
220,6ba8e54171edb3a9,BBC News (US audience),print_digital,en,Dolly Parton gets new star on Hollywood Walk of Fame after vandalism,https://www.bbc.co.uk/news/articles/cvgypl1gyzro?at_medium=RSS&at_campaign=rss,2026-09-03T11:47:51+00:00,0.00047772,0.070000,0.300000,0.00001003,125162.500000,,2,2,5,9,other:1.00,score_v2,ok,full_text,open,435,page_fetch,monthly visits / DIGITAL_ITEMS_PER_MONTH (already US-only (Semrush country split)); a visit is not a read; flat across the outlet's items (no per-item signal),"Straightforward news report on Dolly Parton's Walk of Fame star replacement and Dollywood tributes; minimal argument, no identifiable persuasive speaker, moderate emotional resonance from fan tributes and death context."
221,66baa87ea22a1306,The Ezra Klein Show,podcast,en,10 / opinion / ezra-klein-podcast-rick-rubin.html,https://www.nytimes.com/2023/02/10/opinion/ezra-klein-podcast-rick-rubin.html,2026-09-01T09:00:00+00:00,0.00042443,0.058000,0.400000,0.00000985,111200.000000,,2,7,3,12,other:0.80; ai_technology:0.20,score_v2,ok,full_text,open,418,rss_fulltext,subscribers x PODCAST_EPISODE_VIEW_RATE x (1 + PODCAST_AUDIO_MULTIPLE) (UNADJUSTED: no public country split for this platform); flat across the outlet's items (no per-item signal),"This is a podcast description about creativity and music production, not political content. Rubin's fame as an influential producer lends ethos with his audience; little argumentation (logos) or emotional intensity (pathos) present, mostly promotional/descriptive text.The score reflects light substantive content overall.'"
222,73e813b33a724e92,Politico,print_digital,en,08 / 31 / working-class-voters-midterms-poll-01054992,https://www.politico.com/news/2026/08/31/working-class-voters-midterms-poll-01054992,2026-08-31T09:00:00+00:00,0.00012309,0.178000,0.433333,0.00000949,32250.000000,,6,5,2,13,economy:0.45; democracy_elections:0.30; government_leadership:0.15; inflation_cost_of_living:0.10,score_v2,ok,full_text,open,1179,rss_fulltext,monthly visits / DIGITAL_ITEMS_PER_MONTH (already US-only (Semrush country split)); a visit is not a read; flat across the outlet's items (no per-item signal),"Reports polling data, quotes multiple named politicians and strategists, and analyzes electoral dynamics with some causal reasoning. Institutional backing (Politico/Public First poll) but no single dominant authoritative voice. Tone is analytical and low on emotional intensity, mostly descriptive political reporting."
223,ca36b1342b71ea6f,Politico,print_digital,en,09 / 01 / republican-jewish-coalition-jd-vance-tucker-carlson-01060877,https://www.politico.com/news/2026/09/01/republican-jewish-coalition-jd-vance-tucker-carlson-01060877,2026-09-02T00:15:24+00:00,0.00012309,0.162500,0.466667,0.00000933,32250.000000,,4,6,4,14,government_leadership:0.45; foreign_policy_wars:0.35; race_relations:0.20,score_v2,ok,full_text,open,1330,rss_fulltext,monthly visits / DIGITAL_ITEMS_PER_MONTH (already US-only (Semrush country split)); a visit is not a read; flat across the outlet's items (no per-item signal),"Reports quotes from named GOP donors, officials, and Carlson evaluating Vance's speech and antisemitism concerns. Multiple named sources with real standing (senators, donors, RJC officials) lend authority, but little independent evidence or data—mostly reported quotes and reactions with moderate emotional charge over antisemitism allegations."
224,64ecd5ad1bee011a,Breitbart,print_digital,en,JD Vance to Hold First White House Briefing Since Leavitt's Departure,https://www.breitbart.com/politics/2026/09/03/jd-vance-to-hold-first-white-house-briefing-since-leavitts-departure/,2026-09-03T15:27:45+00:00,0.00013268,0.232000,0.300000,0.00000923,34762.500000,,3,5,1,9,government_leadership:0.90; other:0.10,score_v2,ok,full_text,open,325,page_fetch,monthly visits / DIGITAL_ITEMS_PER_MONTH (already US-only (Semrush country split)); a visit is not a read; flat across the outlet's items (no per-item signal),"Straightforward factual news report on a White House staffing/briefing logistics story, with quotes from an official. Minimal argumentation, no emotional language, moderate institutional authority from named officials cited."
225,615c86123f0a28ed,Forbes,print_digital,en,"A Perfect Storm Is Hitting SMB Security—For MSPs, It's An Opportunity",https://www.forbes.com/councils/forbestechcouncil/2026/09/03/a-perfect-storm-is-hitting-smb-security-for-msps-its-a-defining-opportunity/,2026-09-03T14:15:00+00:00,0.00022481,0.077000,0.533333,0.00000923,58900.000000,,7,6,3,16,ai_technology:0.55; economy:0.25; other:0.20,score_v2,ok,full_text,open,1018,page_fetch,monthly visits / DIGITAL_ITEMS_PER_MONTH (already US-only (Semrush country split)); a visit is not a read; flat across the outlet's items (no per-item signal),"CEO of a relevant SaaS firm marshals multiple statistics (Verizon, NAIC, Cynomi, WatchGuard) to argue MSPs must adapt to AI-driven threats, giving solid evidentiary structure. Ethos rests on industry credentials via Forbes Technology Council. Emotional tone is measured, using urgency ('perfect storm') but largely analytical."
226,35917788c3dd90fe,Business Insider,print_digital,en,uber-employee-laid-off-second-time-worst-fear-2026-9,https://www.businessinsider.com/uber-employee-laid-off-second-time-worst-fear-2026-9,2026-09-03T17:02:11+00:00,0.00012739,0.155000,0.466667,0.00000921,33375.000000,,3,4,7,14,economy:0.55; ai_technology:0.35; government_leadership:0.10,score_v2,ok,full_text,open,703,rss_fulltext,monthly visits / DIGITAL_ITEMS_PER_MONTH (already US-only (Semrush country split)); a visit is not a read; flat across the outlet's items (no per-item signal),"First-person layoff account with personal anecdotes and emotional reaction ('wanted to throw my phone at the wall'), light on data beyond severance details. Authority rests on lived experience, not institutional standing. Speculation about AI replacing jobs and criticism of CEO's rationale offered without evidence."
227,d9bace8831c97393,Politico,print_digital,en,09 / 02 / gop-midterm-convention-attendance-01061286,https://www.politico.com/news/2026/09/02/gop-midterm-convention-attendance-01061286,2026-09-02T08:45:00+00:00,0.00012309,0.181500,0.400000,0.00000894,32250.000000,,6,4,2,12,government_leadership:0.55; democracy_elections:0.35; economy:0.10,score_v2,ok,full_text,open,1260,rss_fulltext,monthly visits / DIGITAL_ITEMS_PER_MONTH (already US-only (Semrush country split)); a visit is not a read; flat across the outlet's items (no per-item signal),"News report with survey data, multiple named sources, quotes from lawmakers, RNC spokesperson, and specifics like donation tiers; balanced reporting with no personal authority voice—standard journalistic sourcing rather than a singular ethos figure; low emotional charge, mostly factual."
228,9b0ceb9471dfe4a8,NPR (npr.org),print_digital,en,Whistleblower's lawyer warns USPS plan for Trump's order could keep ballots from voters,https://www.npr.org/2026/09/02/nx-s1-5952211/usps-whistleblower-lawyer-reaction-mail-ballots,2026-09-02T08:43:19+00:00,0.00019590,0.088500,0.500000,0.00000867,51325.000000,,6,6,3,15,democracy_elections:0.85; government_leadership:0.15,score_v2,ok,full_text,open,390,page_fetch,monthly visits / DIGITAL_ITEMS_PER_MONTH (already US-only (Semrush country split)); a visit is not a read; flat across the outlet's items (no per-item signal),"Interview presents whistleblower attorney's detailed technical claims about USPS system flaws, with some evidence (0% failure rate, testing crashes). Ethos derives from lawyer's role representing whistleblower and NPR's institutional platform. Moderate emotional tone around voter disenfranchisement, but mostly measured, procedural language."
229,9b1141e5889bdd1c,Politico,print_digital,en,09 / 03 / stephen-smith-2028-plans-01062872,https://www.politico.com/news/2026/09/03/stephen-smith-2028-plans-01062872,2026-09-03T09:00:00+00:00,0.00012309,0.147000,0.466667,0.00000844,32250.000000,,3,7,4,14,government_leadership:0.45; democracy_elections:0.40; other:0.15,score_v2,ok,full_text,open,614,rss_fulltext,monthly visits / DIGITAL_ITEMS_PER_MONTH (already US-only (Semrush country split)); a visit is not a read; flat across the outlet's items (no per-item signal),"Smith offers personal opinions and predictions on 2028 candidates and party strategy, with little evidence beyond assertion. His ethos derives from his prominent media platform and following, not formal political authority. Blunt, colorful language ('sit their ass down') adds moderate emotional charge."
230,d87b0d5c52e7aecc,The Washington Post,print_digital,en,Secret Service is getting the fortified White House that past presidents resisted,https://www.washingtonpost.com/politics/2026/09/03/trump-backs-secret-service-push-fortify-white-house-complex/,2026-09-03T21:21:17+00:00,0.00021870,0.193000,0.200000,0.00000844,57300.000000,,1,3,2,6,government_leadership:0.70; democracy_elections:0.30,score_v2,ok,summary_only,paywalled,35,rss_summary,monthly visits / DIGITAL_ITEMS_PER_MONTH (already US-only (Semrush country split)); a visit is not a read; flat across the outlet's items (no per-item signal),"Headline/summary only, minimal reasoning or evidence beyond a bare claim about fencing plans. No named speaker beyond Trump referenced third-person. Mild emotional undertone via 'People's House' framing but largely factual and terse."
231,5ee94c8d6fea4c7a,HuffPost,print_digital,en,Harry Enten Knows Exactly What Dems Need Boost Their Midterm Chances,https://www.huffpost.com/entry/harry-enten-democrats-begging-midterms-about-trump_n_6a980e28e4b0a45256182814,2026-09-02T14:57:41+00:00,0.00011846,0.117000,0.600000,0.00000832,31037.500000,,8,7,3,18,democracy_elections:0.70; government_leadership:0.30,score_v2,ok,full_text,open,319,page_fetch,monthly visits / DIGITAL_ITEMS_PER_MONTH (already US-only (Semrush country split)); a visit is not a read; flat across the outlet's items (no per-item signal),"Enten presents multiple polling data points, percentages, and reasoning about voter motivation to support his claim, showing strong logos. As CNN's chief data analyst, he has recognized authority on polling. Pathos is moderate, driven by dramatized quotes like Democrats 'begging.'"
232,1815e9418eb6d854,The Daily Beast,print_digital,en,nobel-prize-winning-psychiatrist-delivers-disturbing-warning-about-trumps-mind,https://www.thedailybeast.com/nobel-prize-winning-psychiatrist-delivers-disturbing-warning-about-trumps-mind/,2026-09-03T17:33:12+00:00,0.00008616,0.192500,0.500000,0.00000829,22575.000000,,3,6,6,15,government_leadership:0.65; foreign_policy_wars:0.20; healthcare:0.15,score_v2,scope_global,full_text,open,449,rss_fulltext,"monthly visits / DIGITAL_ITEMS_PER_MONTH (UNADJUSTED: worldwide visits, no US split published); a visit is not a read; flat across the outlet's items (no per-item signal)","Relies on one psychiatrist's authority and alarming claims about Trump's mental fitness and nuclear risk, with little clinical evidence beyond anecdote and analogy. Includes a sharply dismissive White House rebuttal, adding conflict but not argumentative depth."
233,aa43cacc251d363c,Newsweek,print_digital,en,Pete Hegseth's chances of being removed as Republican demands firing,https://www.newsweek.com/pete-hegseth-chances-army-firing-dan-driscoll-secretary-12396919,2026-09-03T04:45:00+00:00,0.00008822,0.182500,0.500000,0.00000805,23112.500000,,7,5,3,15,government_leadership:0.55; foreign_policy_wars:0.30; democracy_elections:0.15,score_v2,scope_global,full_text,paywalled,1679,page_fetch,"monthly visits / DIGITAL_ITEMS_PER_MONTH (UNADJUSTED: worldwide visits, no US split published); a visit is not a read; flat across the outlet's items (no per-item signal)","Article cites named senators, reps, prediction markets, resignation timeline, and specific firings/dismissals as evidence. No single dominant speaker gives it moderate ethos; it's institutional journalism aggregating quotes. Emotional language is present in quotes ('inept management') but overall tone is measured."
234,af9d7012b18475ef,Los Angeles Times,print_digital,en,Trump backs a federal film tax credit. What that could mean for Hollywood,https://www.latimes.com/entertainment-arts/business/story/2026-09-03/trump-backs-federal-film-tax-credit-what-that-could-mean-for-hollywood,2026-09-03T10:00:00+00:00,0.00007490,0.212000,0.500000,0.00000794,19625.000000,,7,5,3,15,economy:0.70; government_leadership:0.20; ai_technology:0.10,score_v2,ok,full_text,open,1380,page_fetch,monthly visits / DIGITAL_ITEMS_PER_MONTH (already US-only (Semrush country split)); a visit is not a read; flat across the outlet's items (no per-item signal),"Article uses data (45% overseas shoots, funding caps, quarterly declines), multiple expert quotes, and bipartisan political detail to explain the film tax credit push. Authority comes from named officials, industry insiders, journalistic sourcing rather than a singular persuasive voice. Emotional tone is mild, mostly hopeful/urgent language from stakeholders."
235,165b9fc6279c2536,Forbes,print_digital,en,How To Build Trust With Younger Generations After A Cyber Incident,https://www.forbes.com/councils/forbesbusinesscouncil/2026/09/03/how-to-build-trust-with-younger-generations-after-a-cyber-incident/,2026-09-03T14:15:00+00:00,0.00022481,0.088000,0.400000,0.00000791,58900.000000,,4,6,2,12,ai_technology:0.50; economy:0.30; other:0.20,score_v2,ok,full_text,open,1104,page_fetch,monthly visits / DIGITAL_ITEMS_PER_MONTH (already US-only (Semrush country split)); a visit is not a read; flat across the outlet's items (no per-item signal),"A crowdsourced business-advice roundup with numbered tips from named executives; light reasoning, no data. Ethos derives from multiple credentialed contributors and Forbes branding. Pathos is low—practical, measured tone despite references to 'trust' and 'suspicion.'"
236,92e0059cf02ca340,Politico,print_digital,en,09 / 01 / jd-vance-republican-jewish-coalition-01058782,https://www.politico.com/news/2026/09/01/jd-vance-republican-jewish-coalition-01058782,2026-09-01T04:48:42+00:00,0.00012309,0.137500,0.466667,0.00000790,32250.000000,,4,7,3,14,foreign_policy_wars:0.55; government_leadership:0.25; democracy_elections:0.10; ethics_morality:0.10,score_v2,ok,full_text,open,832,rss_fulltext,monthly visits / DIGITAL_ITEMS_PER_MONTH (already US-only (Semrush country split)); a visit is not a read; flat across the outlet's items (no per-item signal),"Reports Vance's speech and reactions with quotes and context, but offers little independent evidence or analysis. Ethos derives from Vance's political standing and the credibility of quoted insiders (Brooks, Fleischer, Schostak). Emotional tone is moderate—references to antisemitism and 'corrosive to the soul' add some pathos."
237,33b9b4352c842085,Business Insider,print_digital,en,youtube-group-dude-perfect-ceo-andrew-yaffe-out-2026-9,https://www.businessinsider.com/youtube-group-dude-perfect-ceo-andrew-yaffe-out-2026-9,2026-09-03T18:05:33+00:00,0.00012739,0.204000,0.300000,0.00000780,33375.000000,,4,4,1,9,economy:0.50; government_leadership:0.30; other:0.20,score_v2,ok,full_text,open,503,rss_fulltext,monthly visits / DIGITAL_ITEMS_PER_MONTH (already US-only (Semrush country split)); a visit is not a read; flat across the outlet's items (no per-item signal),"Straightforward business news report on a CEO departure, citing statements, revenue growth, funding history, and context. Mostly factual with quotes; low emotional charge; moderate sourcing but no deep investigative analysis or conflicting evidence."
238,ce362c9307873e1d,The Hill,print_digital,en,Trump announces Telle as acting Army secretary following Driscoll’s resignation,https://thehill.com/homenews/administration/6070592-trump-adam-telle-army-secretary-announcement/,2026-09-03T23:10:01+00:00,0.00011460,0.224000,0.300000,0.00000770,30025.000000,,1,6,2,9,government_leadership:0.80; foreign_policy_wars:0.20,score_v2,ok,summary_only,paywalled,65,rss_summary,monthly visits / DIGITAL_ITEMS_PER_MONTH (already US-only (Semrush country split)); a visit is not a read; flat across the outlet's items (no per-item signal),"Brief factual headline/summary of a personnel announcement, with a short Trump quote praising Telle. No evidence or argument; ethos derives from presidential authority; minimal emotional language beyond 'Great Patriot.'"
239,e41522c77a573299,Breitbart,print_digital,en,Report: House Minority Leader Hakeem Jeffries Faces Pressure After Two Democrats Vote with Republicans,https://www.breitbart.com/midterm-election/2026/09/03/report-house-minority-leader-hakeem-jeffries-faces-pressure-two-democrats-vote-republicans/,2026-09-03T15:09:19+00:00,0.00013268,0.165500,0.333333,0.00000732,34762.500000,,3,4,3,10,government_leadership:0.55; democracy_elections:0.35; other:0.10,score_v2,ok,full_text,open,407,page_fetch,monthly visits / DIGITAL_ITEMS_PER_MONTH (already US-only (Semrush country split)); a visit is not a read; flat across the outlet's items (no per-item signal),"Reports internal Democratic party tensions with quotes from Golden and Johnson, but offers little evidentiary analysis. Sourced from Breitbart/The Hill aggregation, moderate institutional ethos. Some charged language ('extremism,' 'radical') adds mild emotional coloring without strong pathos."
240,995ee60d42eb2bae,Newsweek,print_digital,en,Map shows Trump's approval rating in every state 2 months until midterms,https://www.newsweek.com/map-donald-trump-approval-rating-every-state-2-months-midterms-12390675,2026-09-03T15:15:00+00:00,0.00008822,0.174500,0.466667,0.00000718,23112.500000,,7,5,2,14,government_leadership:0.40; democracy_elections:0.35; economy:0.15; inflation_cost_of_living:0.10,score_v2,scope_global,full_text,paywalled,1128,page_fetch,"monthly visits / DIGITAL_ITEMS_PER_MONTH (UNADJUSTED: worldwide visits, no US split published); a visit is not a read; flat across the outlet's items (no per-item signal)","Data-driven analysis using Civiqs polling, state-by-state figures, demographic breakdowns, and historical comparisons. Ethos rests on named polling source and White House rebuttal quotes rather than the author's own authority. Pathos is low; language is factual and numerical, with minimal emotional framing."
241,164bf992f18b0c84,The Washington Post,print_digital,en,Trump officials say work will start on triumphal arch within two weeks,https://www.washingtonpost.com/politics/2026/09/03/construction-trump-giant-arch-dc-begin-within-two-weeks/,2026-09-03T21:06:10+00:00,0.00021870,0.196000,0.166667,0.00000714,57300.000000,,1,3,1,5,government_leadership:0.70; other:0.30,score_v2,ok,summary_only,paywalled,28,rss_summary,monthly visits / DIGITAL_ITEMS_PER_MONTH (already US-only (Semrush country split)); a visit is not a read; flat across the outlet's items (no per-item signal),"Brief factual headline/summary about a construction announcement; no evidence or reasoning offered, minimal emotional language, and only generic institutional sourcing ('Trump officials') without personal authority claims."
242,a4426c728b4c20ad,CNBC,cable,en,https://www.youtube.com/watch?v=E07Uzx2SnZw,https://www.youtube.com/watch?v=E07Uzx2SnZw,2026-09-03T16:00:30+00:00,0.00054580,0.032000,0.400000,0.00000699,143000.000000,,6,4,2,12,ai_technology:0.90; economy:0.10,score_v2,ok,full_text,open,354,youtube_transcript,programme average viewers x TV_SEGMENT_SHARE (US-only by construction); flat across the outlet's items (no per-item signal),"Explains Nvidia's Hugging Face deal with reasoning about strategy, competitors, China dynamics, and historical analogy (Microsoft/GitHub). Includes a Jensen Huang quote but no dominant named analyst; low emotional language, mostly analytical, factual tech reporting tone."
243,99bb51a0129e46b6,Politico,print_digital,en,09 / 02 / trump-invites-battleground-republicans-to-rose-garden-dinner-01061406,https://www.politico.com/news/2026/09/02/trump-invites-battleground-republicans-to-rose-garden-dinner-01061406,2026-09-02T13:32:27+00:00,0.00012309,0.189000,0.300000,0.00000698,32250.000000,,4,4,1,9,government_leadership:0.50; democracy_elections:0.30; economy:0.20,score_v2,ok,full_text,open,504,rss_fulltext,monthly visits / DIGITAL_ITEMS_PER_MONTH (already US-only (Semrush country split)); a visit is not a read; flat across the outlet's items (no per-item signal),"Straightforward political reporting citing anonymous sources, naming lawmakers, donors and ad spending figures. No named speaker with personal authority; standard journalistic sourcing. Emotionally flat, factual recounting of campaign logistics and midterm strategy with minimal charged language."
244,0c35e0f15cd9b3e0,HuffPost,print_digital,en,Sean Duffy's Wife Says He Got Transportation Post Because 'That Was All That's Left',https://www.huffpost.com/entry/sean-duffy-rachel-campos-duffy-katie-miller_n_6a97ea39e4b0f5af04117506,2026-09-02T11:46:13+00:00,0.00011846,0.196000,0.300000,0.00000697,31037.500000,,2,3,4,9,government_leadership:0.70; other:0.30,score_v2,ok,full_text,open,306,page_fetch,monthly visits / DIGITAL_ITEMS_PER_MONTH (already US-only (Semrush country split)); a visit is not a read; flat across the outlet's items (no per-item signal),"Anecdotal gossip about a cabinet appointment, minimal evidence or reasoning, relies on quoted remarks. Speakers (Duffy, wife, media critics) have modest name recognition but limited persuasive authority here. Mild humor/mockery adds some emotional color without strong intensity."
245,7b589a2167525a3f,The Daily Beast,print_digital,en,maga-house-republicans-give-themselves-even-more-vacation,https://www.thedailybeast.com/maga-house-republicans-give-themselves-even-more-vacation/,2026-09-03T17:36:53+00:00,0.00008616,0.184500,0.433333,0.00000689,22575.000000,,6,4,3,13,government_leadership:0.65; democracy_elections:0.25; other:0.10,score_v2,scope_global,full_text,open,537,rss_fulltext,"monthly visits / DIGITAL_ITEMS_PER_MONTH (UNADJUSTED: worldwide visits, no US split published); a visit is not a read; flat across the outlet's items (no per-item signal)","Uses schedule data, historical comparisons across years, and direct quotes from Johnson and Massie to substantiate claims of hypocrisy. No major outlet authority emphasized beyond reporting; framing ('MAGA', 'vacation') carries mild mocking tone but overall measured, evidence-driven piece."
246,1dcaa1cfcd4d72b6,Los Angeles Times,print_digital,en,California lawmakers kill wildfire bill after utility complaints,https://www.latimes.com/business/story/2026-09-01/state-lawmakers-kill-wildfire-bill-after-utility-complaints,2026-09-01T21:59:58+00:00,0.00007490,0.162000,0.566667,0.00000688,19625.000000,,7,6,4,17,government_leadership:0.45; environment:0.35; economy:0.20,score_v2,ok,full_text,open,921,page_fetch,monthly visits / DIGITAL_ITEMS_PER_MONTH (already US-only (Semrush country split)); a visit is not a read; flat across the outlet's items (no per-item signal),"Detailed reporting with quotes from officials, executives, victims, stock data, and investigation findings on multiple sides. Named institutional speakers (governor, legislators, executives, advocacy groups) give moderate authority. Some emotional charge from victims' frustration and fire deaths, but mostly factual, measured tone."
247,77eaac50a07315aa,HuffPost,print_digital,en,MapQuest Tops Chart After Defying Trump’s Lake Ontario Edict,https://www.huffpost.com/entry/lake-ontario-mapquest-google-apple_n_6a982618e4b0a452561835be,2026-09-02T15:42:27+00:00,0.00011846,0.144500,0.400000,0.00000685,31037.500000,,4,4,4,12,government_leadership:0.40; foreign_policy_wars:0.35; ai_technology:0.25,score_v2,ok,full_text,open,424,page_fetch,monthly visits / DIGITAL_ITEMS_PER_MONTH (already US-only (Semrush country split)); a visit is not a read; flat across the outlet's items (no per-item signal),"Reports factual chain of events—executive order, corporate responses, trade dispute—with quotes and context, but little deep analysis. MapQuest exec and Carney lend some institutional authority. Tone is wry, mildly amused rather than emotionally charged, though satire ('Lake Are We Doing This Again?') adds light humor."
248,d22d3d99ad23c2eb,HuffPost,print_digital,en,Member Of Government Says He Has A ‘Hard Time Believing The Government Anymore’,https://www.huffpost.com/entry/sean-duffy-hard-time-believing-the-government-anymore_n_6a984521e4b0a45256184e4c,2026-09-02T20:59:53+00:00,0.00011846,0.172000,0.333333,0.00000679,31037.500000,,1,4,5,10,government_leadership:0.60; healthcare:0.20; other:0.20,score_v2,ok,full_text,open,368,page_fetch,monthly visits / DIGITAL_ITEMS_PER_MONTH (already US-only (Semrush country split)); a visit is not a read; flat across the outlet's items (no per-item signal),"Anecdotal, no evidence beyond assertions; irony highlighted by juxtaposing Duffy's cabinet role with distrust claims. Ethos moderate—he's a sitting official, but statements undercut his authority. Some emotional charge via mockery, social media reactions, and inflammatory conspiracy talk."
249,c24f4974ce7dca24,The Washington Post,print_digital,en,GOP-led House scraps two weeks of work ahead of midterms,https://www.washingtonpost.com/politics/2026/09/03/gop-led-house-scraps-two-weeks-work-ahead-midterms/,2026-09-03T18:38:58+00:00,0.00021870,0.174000,0.166667,0.00000634,57300.000000,,2,2,1,5,government_leadership:0.60; democracy_elections:0.40,score_v2,ok,summary_only,paywalled,34,rss_summary,monthly visits / DIGITAL_ITEMS_PER_MONTH (already US-only (Semrush country split)); a visit is not a read; flat across the outlet's items (no per-item signal),"Brief headline/summary with minimal reasoning, no named authoritative speaker, and flat neutral tone. Fragment nature limits scoring; reflects factual report on House schedule change ahead of midterms."
250,ba9839c8b7072a63,The Hill,print_digital,en,Auto companies call for ban on Chinese-made cars,https://thehill.com/policy/transportation/6070614-auto-companies-congress-letter-chinese-car-ban/,2026-09-03T23:57:49+00:00,0.00011460,0.199000,0.266667,0.00000608,30025.000000,,2,4,2,8,economy:0.60; foreign_policy_wars:0.30; government_leadership:0.10,score_v2,ok,summary_only,paywalled,63,rss_summary,monthly visits / DIGITAL_ITEMS_PER_MONTH (already US-only (Semrush country split)); a visit is not a read; flat across the outlet's items (no per-item signal),"Brief summary reports a trade group's letter with a quoted accusation but no data or detailed argument. Bozzella has institutional standing as an industry CEO, moderate authority. Language like 'unfair trade' and 'theft' adds mild emotional charge, but overall the piece is a short factual news brief."
251,8d9b9330e481e022,Axios,print_digital,en,09 / 03 / labor-unions-record-influence-gallup,https://www.axios.com/2026/09/03/labor-unions-record-influence-gallup,2026-09-03T17:57:33+00:00,0.00005940,0.219000,0.466667,0.00000607,15562.500000,,8,5,1,14,economy:0.60; government_leadership:0.30; democracy_elections:0.10,score_v2,ok,full_text,open,669,rss_fulltext,monthly visits / DIGITAL_ITEMS_PER_MONTH (already US-only (Semrush country split)); a visit is not a read; flat across the outlet's items (no per-item signal),"Data-driven Axios piece citing Gallup polling, historical trends, NLRB statistics, and legislative history. No identifiable personal voice beyond outlet's journalistic authority. Tone is analytical and neutral, minimal emotional language, focused on numbers and policy context rather than persuasion via feeling."
252,ca963e945367241a,Breitbart,print_digital,en,President Donald Trump's Face Officially on U.S. Currency,https://www.breitbart.com/pre-viral/2026/09/03/president-donald-trumps-face-officially-on-u-s-currency/,2026-09-03T15:07:36+00:00,0.00013268,0.196000,0.233333,0.00000607,34762.500000,,2,3,2,7,government_leadership:0.70; other:0.30,score_v2,ok,full_text,open,313,page_fetch,monthly visits / DIGITAL_ITEMS_PER_MONTH (already US-only (Semrush country split)); a visit is not a read; flat across the outlet's items (no per-item signal),"Straight news report describing coin's design, pricing, and historical context. No argument or debate, minimal speaker authority beyond Mint statements, low emotional charge—mostly factual description of a commemorative product."
253,12fb6a0f64a49f00,Los Angeles Times,print_digital,en,"Coverage for smoke damage, money for protecting homes passed to help wildfire victims",https://www.latimes.com/california/story/2026-09-01/coverage-for-smoke-damage-money-for-protecting-homes-passed-to-help-wildfire-victims,2026-09-01T23:35:58+00:00,0.00007490,0.172000,0.466667,0.00000601,19625.000000,,7,4,3,14,government_leadership:0.40; environment:0.30; economy:0.30,score_v2,ok,full_text,open,1020,page_fetch,monthly visits / DIGITAL_ITEMS_PER_MONTH (already US-only (Semrush country split)); a visit is not a read; flat across the outlet's items (no per-item signal),"Detailed policy reporting with specifics on bills, funding amounts, and quotes from legislators and advocates. Institutional sourcing (Sacramento reporting) but no dominant personal authority. Some emotional color via survivor quotes ('Wild West') but mostly factual, procedural tone."
254,b6d030b4b1471599,Forbes,print_digital,en,How To Tell A Real Publication From A Content Farm Before You Pitch,https://www.forbes.com/councils/forbesagencycouncil/2026/09/02/how-to-tell-a-real-publication-from-a-content-farm-before-you-pitch/,2026-09-02T14:45:00+00:00,0.00022481,0.049000,0.533333,0.00000588,58900.000000,,7,6,3,16,ai_technology:0.75; economy:0.15; other:0.10,score_v2,ok,full_text,open,833,page_fetch,monthly visits / DIGITAL_ITEMS_PER_MONTH (already US-only (Semrush country split)); a visit is not a read; flat across the outlet's items (no per-item signal),"Practical, evidence-based advice with cited stats (NewsGuard, Graphite) and concrete verification steps. Ethos from author's PR/SEO industry role and Forbes Council platform. Low-moderate pathos via 'void' and 'hollow' framing, mostly measured tone."
255,6d209bf7b133743d,The Atlantic,print_digital,en,08 / german-election-afd-far-right / 688389,https://www.theatlantic.com/international/2026/08/german-election-afd-far-right/688389/?utm_source=feed,2026-08-26T10:00:00+00:00,0.00006598,0.155000,0.566667,0.00000580,17287.500000,,7,5,5,17,government_leadership:0.40; immigration:0.25; democracy_elections:0.20; foreign_policy_wars:0.15,score_v2,ok,full_text,paywalled,2033,rss_fulltext,monthly visits / DIGITAL_ITEMS_PER_MONTH (already US-only (Semrush country split)); a visit is not a read; flat across the outlet's items (no per-item signal),"Long-form Atlantic analysis with historical context, expert quotes (Rödder, Gürth, Tillschneider), polling data, and scenario evidence from an NGO report. No single named author authority beyond magazine reporting; some vivid, alarmist framing (Nazi-era comparisons, dystopian scenario) adds moderate emotional charge."
256,14d095c47749b773,Newsweek,print_digital,en,How Trump's approval rating has changed with white voters this summer,https://www.newsweek.com/how-trumps-approval-rating-has-changed-with-white-voters-this-summer-12397716,2026-09-03T04:45:00+00:00,0.00008822,0.151000,0.433333,0.00000577,23112.500000,,7,4,2,13,government_leadership:0.50; democracy_elections:0.30; race_relations:0.20,score_v2,scope_global,full_text,paywalled,825,page_fetch,"monthly visits / DIGITAL_ITEMS_PER_MONTH (UNADJUSTED: worldwide visits, no US split published); a visit is not a read; flat across the outlet's items (no per-item signal)","Data-heavy piece citing multiple polls, statistics, and expert commentary on Trump's approval among white voters. Institutional sourcing (Newsweek, ActiVote, YouGov, Pew) but no dominant personal authority driving persuasion. Emotional tone is low except Trump's own charged quotes on 'fake polls.'"
257,2e16b41ee280f473,Axios,print_digital,en,09 / 03 / oil-bonds-stocks-iran,https://www.axios.com/2026/09/03/oil-bonds-stocks-iran,2026-09-03T09:25:07+00:00,0.00005940,0.191000,0.500000,0.00000567,15562.500000,,8,5,2,15,economy:0.55; foreign_policy_wars:0.30; inflation_cost_of_living:0.15,score_v2,ok,full_text,open,616,rss_fulltext,monthly visits / DIGITAL_ITEMS_PER_MONTH (already US-only (Semrush country split)); a visit is not a read; flat across the outlet's items (no per-item signal),"Data-driven Axios-style analysis with figures on oil, bond yields, and correlations; institutional but not personally authoritative voice; minimal emotional language, mostly neutral financial reporting on Iran war's market effects."
258,48d5c10622d079d6,Associated Press,print_digital,en,2 people killed and suspect is dead in downtown Minneapolis shooting,https://apnews.com/article/minneapolis-shooting-police-wounded-a000f091cc267a303352d7c770f72b27,2026-09-02T00:00:00+00:00,0.00029241,0.034000,0.566667,0.00000563,76612.500000,,6,6,5,17,crime:0.90; government_leadership:0.10,score_v2,ok,full_text,open,577,homepage_fetch,monthly visits / DIGITAL_ITEMS_PER_MONTH (already US-only (Semrush country split)); a visit is not a read; flat across the outlet's items (no per-item signal),"AP news report with factual details, official quotes, timeline of events. Ethos from police chief, officials, FBI director statements. Pathos from eyewitness accounts of gunfire, fear, screaming, though delivered in measured journalistic tone."
259,e661177519570a8d,Axios,print_digital,en,09 / 03 / rates-waller-jobs-inflation-policy,https://www.axios.com/2026/09/03/rates-waller-jobs-inflation-policy,2026-09-03T16:01:26+00:00,0.00005940,0.216000,0.433333,0.00000556,15562.500000,,6,6,1,13,economy:0.50; inflation_cost_of_living:0.40; government_leadership:0.10,score_v2,ok,full_text,open,596,rss_fulltext,monthly visits / DIGITAL_ITEMS_PER_MONTH (already US-only (Semrush country split)); a visit is not a read; flat across the outlet's items (no per-item signal),"Reports Fed officials' data-driven statements and market indicators (FedWatch odds), explaining institutional roles and reasoning. Sources are named Fed officials with clear institutional authority, but analysis is technical, procedural, and largely affectless, with no emotional appeals beyond a baseball metaphor."
260,41c41d405e1169b6,The Hill,print_digital,en,Vance ‘extremely skeptical’ of Iran wedding attack reports,https://thehill.com/newsletters/defense-national-security/6070569-vance-extremely-skeptical-of-iran-wedding-attack-reports/,2026-09-03T22:52:45+00:00,0.00011460,0.139500,0.333333,0.00000533,30025.000000,,2,6,2,10,foreign_policy_wars:0.85; government_leadership:0.15,score_v2,ok,summary_only,paywalled,62,rss_summary,monthly visits / DIGITAL_ITEMS_PER_MONTH (already US-only (Semrush country split)); a visit is not a read; flat across the outlet's items (no per-item signal),"Brief headline/summary noting VP Vance's skepticism of Iran strike reports; minimal evidence or reasoning given, but Vance's official position lends some authority. Low emotional intensity, mostly factual framing typical of a newsletter blurb."
261,9e1c3f933fb610e7,Politico,print_digital,en,08 / 31 / ken-paxton-ad-campaign-01057911,https://www.politico.com/news/2026/08/31/ken-paxton-ad-campaign-01057911,2026-08-31T21:55:45+00:00,0.00012309,0.129000,0.333333,0.00000529,32250.000000,,3,3,4,10,democracy_elections:0.50; government_leadership:0.30; foreign_policy_wars:0.20,score_v2,ok,full_text,open,524,rss_fulltext,monthly visits / DIGITAL_ITEMS_PER_MONTH (already US-only (Semrush country split)); a visit is not a read; flat across the outlet's items (no per-item signal),"News report on Senate race ad campaigns, quoting PAC and campaign spokespeople with attack claims and rebuttals, plus polling and fundraising data. Little independent analysis; mostly reports partisan claims and campaign statements verbatim without evaluating them."
262,bc514219638c841a,The Atlantic,print_digital,en,08 / trump-iran-war-midterms-sanctions / 688412,https://www.theatlantic.com/politics/2026/08/trump-iran-war-midterms-sanctions/688412/?utm_source=feed,2026-08-26T16:07:00+00:00,0.00006598,0.148000,0.533333,0.00000521,17287.500000,,7,6,3,16,foreign_policy_wars:0.55; government_leadership:0.20; democracy_elections:0.15; economy:0.10,score_v2,ok,full_text,paywalled,1486,rss_fulltext,monthly visits / DIGITAL_ITEMS_PER_MONTH (already US-only (Semrush country split)); a visit is not a read; flat across the outlet's items (no per-item signal),"Detailed reporting with named sources, quotes, contract figures, military assessments, and political analysis of midterm dynamics. Anonymous sourcing is common but attributed to credentialed insiders (White House officials, advisers). Tone is analytical, not emotionally charged, with restrained language throughout."
263,8c67ae7278df1a91,HuffPost,print_digital,en,Stephen Lynch Defeats Patrick Roath In Massachusetts Democratic Primary,https://www.huffpost.com/entry/stephen-lynch-patrick-roath-massachusetts-8th-district_n_6a972feae4b0a4525616bd0b,2026-09-02T03:42:19+00:00,0.00011846,0.109500,0.400000,0.00000519,31037.500000,,6,4,2,12,democracy_elections:0.55; government_leadership:0.25; immigration:0.10; healthcare:0.10,score_v2,ok,full_text,open,419,page_fetch,monthly visits / DIGITAL_ITEMS_PER_MONTH (already US-only (Semrush country split)); a visit is not a read; flat across the outlet's items (no per-item signal),"Straight news report on a primary race, citing quotes, voting records, and generational debate framing. No dominant personal voice; factual tone with minimal emotional language beyond quoted campaign rhetoric."
264,2a8f8bcee4a4a617,Newsweek,print_digital,en,"Republican governor says he ""failed"" to get Trump to change",https://www.newsweek.com/republican-spencer-cox-says-he-failed-to-get-trump-to-change-12396669,2026-09-03T04:45:00+00:00,0.00008822,0.097500,0.600000,0.00000516,23112.500000,,4,7,7,18,unifying_the_country:0.55; government_leadership:0.25; crime:0.20,score_v2,scope_global,full_text,paywalled,1041,page_fetch,"monthly visits / DIGITAL_ITEMS_PER_MONTH (UNADJUSTED: worldwide visits, no US split published); a visit is not a read; flat across the outlet's items (no per-item signal)","Cox, a sitting governor with a book, recounts personal anecdotes and reflections on political violence and unity efforts. Heavy emotional content (assassination attempts, forgiveness, dread) with limited structured argument beyond personal narrative and quoted letters/statements.'"
265,02bcba714fb72471,Breitbart,print_digital,en,Nolte — JD Vance’s Mom Blasts Abdul El-Sayed Over Racial Smears About Her Family: 'That Man's an Idiot',https://www.breitbart.com/politics/2026/09/03/nolte-jd-vances-mom-blasts-abdul-el-sayed-over-racial-smears-about-her-family-that-mans-an-idiot/,2026-09-03T13:21:01+00:00,0.00013268,0.083000,0.466667,0.00000514,34762.500000,,1,5,8,14,race_relations:0.45; government_leadership:0.20; ethics_morality:0.20; democracy_elections:0.15,score_v2,ok,full_text,open,689,page_fetch,monthly visits / DIGITAL_ITEMS_PER_MONTH (already US-only (Semrush country split)); a visit is not a read; flat across the outlet's items (no per-item signal),"Mostly personal anecdote, family defense, and sweeping unevidenced claims about cities/race with no data. Ethos from Vance's mother's personal authority and Nolte's opinion-writer standing with Breitbart readers. Pathos high: anger, family loyalty, moral outrage, insults."
266,8eada1459c759189,The Atlantic,print_digital,en,09 / moulton-markey-primary-massachusetts / 688492,https://www.theatlantic.com/politics/2026/09/moulton-markey-primary-massachusetts/688492/?utm_source=feed,2026-09-02T01:01:28+00:00,0.00006598,0.155000,0.500000,0.00000511,17287.500000,,6,6,3,15,government_leadership:0.50; democracy_elections:0.35; unifying_the_country:0.15,score_v2,ok,full_text,paywalled,976,rss_fulltext,monthly visits / DIGITAL_ITEMS_PER_MONTH (already US-only (Semrush country split)); a visit is not a read; flat across the outlet's items (no per-item signal),"Journalistic analysis with polling data, historical comparisons, and quoted strategists explaining Markey's win over Moulton. Reasonably evidenced but one-sided narrative framing; moderate emotional coloring around age/generational themes; standard reporter authority via named sources, not personal charisma."
267,6f3d61edf75f7aa6,The Daily Beast,print_digital,en,billionaire-epstein-pal-faces-backlash-after-suing-congress,https://www.thedailybeast.com/billionaire-epstein-pal-faces-backlash-after-suing-congress/,2026-09-03T17:45:34+00:00,0.00008616,0.118500,0.500000,0.00000511,22575.000000,,5,6,4,15,government_leadership:0.40; crime:0.35; democracy_elections:0.25,score_v2,scope_global,full_text,open,481,rss_fulltext,"monthly visits / DIGITAL_ITEMS_PER_MONTH (UNADJUSTED: worldwide visits, no US split published); a visit is not a read; flat across the outlet's items (no per-item signal)","Reports factual details, quotes, and legal arguments from both congressional leaders and Black's lawsuit, showing bipartisan authority (Comer, Garcia). Moderate emotional charge via terms like 'unacceptable' and 'disappointed,' but mostly straightforward reporting of institutional conflict and legal reasoning."
268,554eab0753f62a2f,The Atlantic,print_digital,en,09 / eric-swalwell-air-marshals-fbi / 688489,https://www.theatlantic.com/politics/2026/09/eric-swalwell-air-marshals-fbi/688489/?utm_source=feed,2026-09-02T11:00:00+00:00,0.00006598,0.125000,0.600000,0.00000495,17287.500000,,8,6,4,18,government_leadership:0.40; crime:0.25; democracy_elections:0.20; other:0.15,score_v2,ok,full_text,paywalled,1560,rss_fulltext,monthly visits / DIGITAL_ITEMS_PER_MONTH (already US-only (Semrush country split)); a visit is not a read; flat across the outlet's items (no per-item signal),"Detailed investigative piece with documents, named sources, quotes, and context on FBI surveillance of Swalwell; author cites records obtained firsthand, lending credibility. Emotional intensity moderate—serious allegations and political conflict—but tone remains measured, evidence-driven journalism rather than overt appeal to emotion."
269,c2aeb4beaf2dae75,The Hill,print_digital,en,"Pentagon sought to divert NIH funds for defense use, top House Appropriations Democrat says",https://thehill.com/homenews/house/6070508-pentagon-nih-diverts-funds-democrats-statement/,2026-09-03T22:48:08+00:00,0.00011460,0.183000,0.233333,0.00000489,30025.000000,,2,4,1,7,government_leadership:0.50; healthcare:0.30; economy:0.20,score_v2,ok,summary_only,paywalled,70,rss_summary,monthly visits / DIGITAL_ITEMS_PER_MONTH (already US-only (Semrush country split)); a visit is not a read; flat across the outlet's items (no per-item signal),"Brief headline/summary reporting a claim by Rep. DeLauro about Pentagon diverting NIH funds; minimal evidence beyond attribution, some institutional authority from her committee role, little emotional language."
270,25b18a096f78ccd5,The Hill,print_digital,en,Benchmark mortgage rate hits highest mark in more than a year,https://thehill.com/business/6070374-mortgage-rates-hit-yearly-high/,2026-09-03T22:29:27+00:00,0.00011460,0.210000,0.200000,0.00000481,30025.000000,,2,3,1,6,economy:0.50; inflation_cost_of_living:0.50,score_v2,ok,summary_only,paywalled,66,rss_summary,monthly visits / DIGITAL_ITEMS_PER_MONTH (already US-only (Semrush country split)); a visit is not a read; flat across the outlet's items (no per-item signal),"Brief factual summary citing Freddie Mac data on mortgage rates; minimal reasoning, no named speaker with audience authority, and flat, technical tone with no emotional framing."
271,42283c0858f78dfc,Bloomberg,print_digital,en,JD Vance on Iran: ‘I Wouldn’t Call It a War',https://www.bloomberg.com/news/videos/2026-09-03/balance-of-power-late-edition-09-03-2026-video,2026-09-03T23:42:57+00:00,0.00008597,0.167000,0.333333,0.00000479,22525.000000,,2,6,2,10,foreign_policy_wars:0.50; inflation_cost_of_living:0.30; government_leadership:0.20,score_v2,ok,summary_only,paywalled,99,rss_summary,monthly visits / DIGITAL_ITEMS_PER_MONTH (already US-only (Semrush country split)); a visit is not a read; flat across the outlet's items (no per-item signal),"Headline/summary only, listing statements by officials (Vance, McGovern, Vlasiuk) with little argument detail. Ethos moderate due to named political figures with institutional standing; pathos low given flat factual tone; logos minimal since no evidence or reasoning is elaborated in this fragment."
272,0aecac82b7a95aa0,The Atlantic,print_digital,en,10 / birthright-citizenship-trump-barbara-supreme-court / 688342,https://www.theatlantic.com/magazine/2026/10/birthright-citizenship-trump-barbara-supreme-court/688342/?utm_source=feed,2026-08-31T11:00:00+00:00,0.00006598,0.114000,0.633333,0.00000476,17287.500000,,8,6,5,19,immigration:0.40; democracy_elections:0.40; government_leadership:0.20,score_v2,ok,full_text,paywalled,2536,rss_fulltext,monthly visits / DIGITAL_ITEMS_PER_MONTH (already US-only (Semrush country split)); a visit is not a read; flat across the outlet's items (no per-item signal),"Detailed legal history, court rulings, expert interviews, and multiple named sources support a structured argument tracing the birthright-citizenship fight. Author draws on Atlantic reporting authority and expert citations; personal narrative of Liza adds emotional weight, though overall tone remains analytical rather than highly charged."
273,387b12f14442c517,Axios,print_digital,en,09 / 03 / alaska-oil-revival-warming-future,https://www.axios.com/2026/09/03/alaska-oil-revival-warming-future,2026-09-03T09:15:06+00:00,0.00005940,0.147000,0.533333,0.00000466,15562.500000,,7,5,4,16,environment:0.40; economy:0.35; government_leadership:0.25,score_v2,ok,full_text,open,720,rss_fulltext,monthly visits / DIGITAL_ITEMS_PER_MONTH (already US-only (Semrush country split)); a visit is not a read; flat across the outlet's items (no per-item signal),"Axios-style report with data, named officials, industry figures, and expert quotes on Alaska's oil expansion vs. glacier retreat. Balanced, evidence-driven; moderate emotional resonance from climate imagery; sourced but not deeply argued with objections engaged."
274,aa663c68f76886f7,The Hill,print_digital,en,Trump administration warns agencies could stop helping Smithsonian,https://thehill.com/homenews/administration/6070543-trump-administration-warns-agencies-could-stop-helping-smithsonian/,2026-09-03T23:47:03+00:00,0.00011460,0.152000,0.266667,0.00000465,30025.000000,,2,3,3,8,government_leadership:0.50; other:0.30; ethics_morality:0.20,score_v2,ok,summary_only,paywalled,63,rss_summary,monthly visits / DIGITAL_ITEMS_PER_MONTH (already US-only (Semrush country split)); a visit is not a read; flat across the outlet's items (no per-item signal),"Brief headline/summary with minimal detail; only asserts administration's accusation without evidence or counterargument. No named speaker beyond institutional actors (administration, Interior Secretary). Some emotionally charged language ('ideological activism') but overall flat, factual tone typical of a news brief."
275,0d197dbb0c9b6851,Business Insider,print_digital,en,airlink-2-planes-flew-shockingly-close-to-stadium-roof-2026-9,https://www.businessinsider.com/airlink-2-planes-flew-shockingly-close-to-stadium-roof-2026-9,2026-09-03T16:14:22+00:00,0.00012739,0.097000,0.366667,0.00000453,33375.000000,,4,3,4,11,other:0.85; government_leadership:0.15,score_v2,ok,full_text,open,524,rss_fulltext,monthly visits / DIGITAL_ITEMS_PER_MONTH (already US-only (Semrush country split)); a visit is not a read; flat across the outlet's items (no per-item signal),"Straightforward news report with factual details, quotes from officials, data citations (Flightradar24), and context on regulations. No dominant personal voice driving authority; moderate emotional charge from dramatic footage and reactions, but mostly reportorial tone."
276,ff27dd56cb3d03ba,The Washington Post,print_digital,en,ICE agent charged with lying to investigators in nonfatal Minneapolis shooting,https://www.washingtonpost.com/national-security/2026/09/03/ice-agent-charged-with-making-false-statements-minneapolis-shooting/,2026-09-03T21:25:01+00:00,0.00021870,0.103000,0.200000,0.00000451,57300.000000,,2,3,1,6,immigration:0.50; crime:0.30; government_leadership:0.20,score_v2,ok,summary_only,paywalled,36,rss_summary,monthly visits / DIGITAL_ITEMS_PER_MONTH (already US-only (Semrush country split)); a visit is not a read; flat across the outlet's items (no per-item signal),"Brief headline/summary stating charges against an ICE agent; minimal evidence or reasoning, no named speaker, low emotional language. Score reflects limited access to full article.”"
277,faeb795bca67fca6,The Atlantic,print_digital,en,08 / naturalized-citizens-ban-elected-office-trump / 688415,https://www.theatlantic.com/politics/2026/08/naturalized-citizens-ban-elected-office-trump/688415/?utm_source=feed,2026-08-27T10:00:00+00:00,0.00006598,0.110500,0.600000,0.00000437,17287.500000,,7,5,6,18,immigration:0.55; democracy_elections:0.30; government_leadership:0.15,score_v2,ok,full_text,paywalled,2521,rss_fulltext,monthly visits / DIGITAL_ITEMS_PER_MONTH (already US-only (Semrush country split)); a visit is not a read; flat across the outlet's items (no per-item signal),"Deeply reported Atlantic piece with named sources, legal analysis (Karlan), legislative details, and countervailing Republican voice (Brooks); no single dominant speaker, moderate emotional weight via personal anecdotes and inflammatory quotes from Miller, Tuberville, Mace."
278,79eba8f6f62fc834,Los Angeles Times,print_digital,en,"Convicted Trump Media-linked fraudster funded pro-Trump film in hopes of pardon, lawsuit says",https://www.latimes.com/politics/story/2026-09-03/trump-media-linked-fraudster-funded-pro-trump-film-in-hopes-of-pardon-suit-says,2026-09-03T10:00:00+00:00,0.00007490,0.125000,0.466667,0.00000437,19625.000000,,6,4,4,14,government_leadership:0.40; crime:0.25; democracy_elections:0.20; other:0.15,score_v2,ok,full_text,open,1034,page_fetch,monthly visits / DIGITAL_ITEMS_PER_MONTH (already US-only (Semrush country split)); a visit is not a read; flat across the outlet's items (no per-item signal),"Detailed factual reporting citing court filings, lawsuit allegations, and named sources, with documented sums and timeline. No prominent personal authority voice; standard journalistic byline. Emotional intensity moderate via extortion, threats, and pardon-chasing narrative, but tone remains largely factual and measured."
279,608a9487eb92791c,BBC News (US audience),print_digital,en,Could Lindsay Clancy trial end in a mistrial? Here are the jury's options,https://www.bbc.co.uk/news/articles/c93vgv4kr49o?at_medium=RSS&at_campaign=rss,2026-09-02T23:56:29+00:00,0.00047772,0.016000,0.566667,0.00000433,125162.500000,,8,5,4,17,crime:0.80; healthcare:0.20,score_v2,ok,full_text,open,1160,page_fetch,monthly visits / DIGITAL_ITEMS_PER_MONTH (already US-only (Semrush country split)); a visit is not a read; flat across the outlet's items (no per-item signal),"Explanatory legal analysis detailing verdict options, legal standards, and expert commentary from named attorneys/professors. No dominant personal voice; authority comes from cited legal experts and BBC reporting. Emotional content is present but restrained given the subject matter (child murders, insanity defense)."
280,fd733286e96554f4,Bloomberg,print_digital,en,"Rep. McGovern: Cuba Becoming a ""Slow-Moving Gaza""",https://www.bloomberg.com/news/videos/2026-09-03/rep-mcgovern-cuba-becoming-a-slow-moving-gaza-video,2026-09-03T22:39:16+00:00,0.00008597,0.123000,0.400000,0.00000423,22525.000000,,2,6,4,12,foreign_policy_wars:0.40; inflation_cost_of_living:0.30; democracy_elections:0.30,score_v2,ok,summary_only,paywalled,122,rss_summary,monthly visits / DIGITAL_ITEMS_PER_MONTH (already US-only (Semrush country split)); a visit is not a read; flat across the outlet's items (no per-item signal),"Summary only; brief claims on Cuba policy, cost of living, and voting rights with little evidence given. McGovern's position as a senior House Democrat lends some ethos; pathos from 'human rights violation' and 'Gaza' framing, but overall thin argumentation due to fragment nature."
281,a695256cbfa362cd,Axios,print_digital,en,09 / 03 / older-adults-outnumber-youngest-children-globally,https://www.axios.com/2026/09/03/older-adults-outnumber-youngest-children-globally,2026-09-03T09:20:07+00:00,0.00005940,0.125000,0.533333,0.00000396,15562.500000,,8,6,2,16,economy:0.40; healthcare:0.30; other:0.30,score_v2,ok,full_text,open,624,rss_fulltext,monthly visits / DIGITAL_ITEMS_PER_MONTH (already US-only (Semrush country split)); a visit is not a read; flat across the outlet's items (no per-item signal),"Data-heavy Axios analysis citing Census projections, statistics, and expert commentary on global aging trends, Social Security, and economic implications. Institutional/journalistic authority (Axios, Census) but no personal voice. Minimal emotional language; mostly factual, analytical tone with 'stunning stat' framing."
282,ddbc49c0ec78007c,Bloomberg,print_digital,en,Ukraine's Vlasiuk Says Russia Sanctions Bill Will Send 'Strong Signal',https://www.bloomberg.com/news/videos/2026-09-03/russia-sanctions-bill-will-send-strong-signal-vlasiuk-video,2026-09-03T22:01:35+00:00,0.00008597,0.136500,0.333333,0.00000391,22525.000000,,2,6,2,10,foreign_policy_wars:0.85; economy:0.15,score_v2,ok,summary_only,paywalled,50,rss_summary,monthly visits / DIGITAL_ITEMS_PER_MONTH (already US-only (Semrush country split)); a visit is not a read; flat across the outlet's items (no per-item signal),Brief summary of an official's call for sanctions; minimal argument beyond assertion of need. Vlasiuk's institutional role as Ukraine's sanctions commissioner gives moderate authority; little emotional language present in this short excerpt.
283,1f20d7a4d03473ba,Los Angeles Times,print_digital,en,"Fox cuts ties with Maria Bartiromo, weeks after she vanished from her own shows",https://www.latimes.com/entertainment-arts/business/story/2026-09-03/maria-bartiromo-is-out-at-fox-news,2026-09-03T17:43:33+00:00,0.00007490,0.129500,0.400000,0.00000388,19625.000000,,4,5,3,12,government_leadership:0.35; democracy_elections:0.35; other:0.30,score_v2,ok,full_text,open,390,page_fetch,monthly visits / DIGITAL_ITEMS_PER_MONTH (already US-only (Semrush country split)); a visit is not a read; flat across the outlet's items (no per-item signal),"News report on Bartiromo's Fox exit, citing dates, statements, Dominion settlement, and career history. Some evidence-based reasoning but mostly factual recounting. No personal authoritative voice speaking directly; institutional (LA Times) reporting standing only. Moderate emotional undertone via loaded phrases like 'discredited attempt.'"
284,5da5c3660ce15a06,The Washington Post,print_digital,en,Trump administration asks Supreme Court to allow mail-in ballot restrictions,https://www.washingtonpost.com/politics/2026/09/03/trump-administration-asks-supreme-court-allow-mail-in-ballot-restrictions/,2026-09-03T22:38:30+00:00,0.00021870,0.088500,0.200000,0.00000387,57300.000000,,2,3,1,6,democracy_elections:0.85; government_leadership:0.15,score_v2,ok,summary_only,paywalled,39,rss_summary,monthly visits / DIGITAL_ITEMS_PER_MONTH (already US-only (Semrush country split)); a visit is not a read; flat across the outlet's items (no per-item signal),"Headline/summary only, reporting a legal filing with minimal detail. No evidence or argument beyond noting a 'dizzying legal battle.' No named speaker's personal authority invoked. Low emotional language, mostly factual/legal framing."
285,e4899b8e13e3cab3,Slate,print_digital,en,"Even for Trump, This Latest Theft Is Pretty Brazen",https://slate.com/news-and-politics/2026/08/trump-venezuela-oil-deal.html?via=rss,2026-08-31T21:39:08+00:00,0.00004308,0.156000,0.566667,0.00000381,11287.500000,,6,5,6,17,foreign_policy_wars:0.70; economy:0.15; government_leadership:0.15,score_v2,scope_global,full_text,open,1231,page_fetch,"monthly visits / DIGITAL_ITEMS_PER_MONTH (UNADJUSTED: worldwide visits, no US split published); a visit is not a read; flat across the outlet's items (no per-item signal)","Slate's news explainer presents documented history, quotes, and named sources (NYT, WSJ) with analytical framing, but is openly opinionated. Ethos derives from Slate's institutional credibility and explanatory voice, not personal authority. Pathos moderate via charged language like 'brazen resource grab' and 'stolen.'"
286,e023251ecd68db9d,The Epoch Times,print_digital,en,Dutch Central Bank Relocates 86 Tonnes of Gold,https://www.theepochtimes.com/world/dutch-central-bank-moves-86-tonnes-of-gold-to-london-from-new-york-ottawa-6082996,2026-09-03T17:21:59+00:00,0.00003850,0.197000,0.500000,0.00000379,10087.500000,,8,6,1,15,economy:0.70; foreign_policy_wars:0.30,score_v2,scope_global,full_text,open,480,page_fetch,"monthly visits / DIGITAL_ITEMS_PER_MONTH (UNADJUSTED: worldwide visits, no US split published); a visit is not a read; flat across the outlet's items (no per-item signal)","Factual, data-dense report on gold reserve transfers with percentages, tonnage, and market context. Institutional sourcing (DNB, WGC) gives moderate ethos; no personal voice. Emotionally flat, purely informational reporting on economic/financial policy with geopolitical framing."
287,ad7323c6ad181416,Time,print_digital,en,09 / 03 / how-9-11-shaped-my-life,https://time.com/article/2026/09/03/how-9-11-shaped-my-life/,2026-09-03T12:00:06+00:00,0.00005878,0.106500,0.600000,0.00000376,15400.000000,,4,6,8,18,foreign_policy_wars:0.40; unifying_the_country:0.15; other:0.15; government_leadership:0.10; immigration:0.10; healthcare:0.10,score_v2,scope_global,full_text,open,6921,rss_fulltext,"monthly visits / DIGITAL_ITEMS_PER_MONTH (UNADJUSTED: worldwide visits, no US split published); a visit is not a read; flat across the outlet's items (no per-item signal)","Oral-history collage of personal 9/11 accounts; heavy on vivid anecdote and emotion, light on structured argument. Speakers have first-hand experiential authority but not broad institutional/public standing beyond their individual stories, giving moderate ethos and strong pathos throughout."
288,eaec617773916ca9,Slate,print_digital,en,The GOP Made a Huge Miscalculation. Republican Voters Are Furious.,https://slate.com/news-and-politics/2026/09/republicans-texas-weed-joe-rogan.html?via=rss,2026-09-02T17:37:34+00:00,0.00004308,0.163000,0.533333,0.00000375,11287.500000,,6,4,6,16,government_leadership:0.40; democracy_elections:0.30; economy:0.15; other:0.15,score_v2,scope_global,full_text,open,1065,page_fetch,"monthly visits / DIGITAL_ITEMS_PER_MONTH (UNADJUSTED: worldwide visits, no US split published); a visit is not a read; flat across the outlet's items (no per-item signal)","Article marshals specific state/federal policy details, polling context, and named political figures to argue GOP hemp restrictions will backfire electorally. Author is an unnamed Slate writer (moderate institutional ethos), uses vivid, opinionated language ('reefer madness', 'burned') conveying moderate emotional charge and partisan framing throughout."
289,62868ffd55f8b334,The Epoch Times,print_digital,en,"HUD Repeals, Replaces Obama-Era Housing Design Guidance Over Affordability",https://www.theepochtimes.com/us/hud-repeals-replaces-obama-era-housing-design-guidance-over-affordability-6083039,2026-09-03T18:00:22+00:00,0.00003850,0.232000,0.400000,0.00000357,10087.500000,,6,5,1,12,government_leadership:0.50; economy:0.30; inflation_cost_of_living:0.20,score_v2,scope_global,full_text,open,630,page_fetch,"monthly visits / DIGITAL_ITEMS_PER_MONTH (UNADJUSTED: worldwide visits, no US split published); a visit is not a read; flat across the outlet's items (no per-item signal)","Article reports HUD policy change with statistics ($110M costs, 40% regulation share, Redfin data) and quotes officials, but relies on HUD's own framing without opposing views. Ethos rests on official titles (HUD Secretary) rather than personal authority. Minimal emotional language; largely factual/technical."
290,661e2624ad85f95e,Los Angeles Times,print_digital,en,Tribes could co-manage ancestral forests under bill heading to Newsom's desk,https://www.latimes.com/environment/story/2026-09-02/california-ab2494-demonstration-forests-logging-tribes,2026-09-02T17:28:45+00:00,0.00007490,0.094000,0.500000,0.00000352,19625.000000,,6,5,4,15,environment:0.55; government_leadership:0.20; economy:0.15; race_relations:0.10,score_v2,ok,full_text,open,851,page_fetch,monthly visits / DIGITAL_ITEMS_PER_MONTH (already US-only (Semrush country split)); a visit is not a read; flat across the outlet's items (no per-item signal),"Article presents multiple stakeholders' arguments—legislators, tribal advocates, loggers, Cal Fire—with quotes and factual context on funding and history, but no independent data analysis. Named sources lend moderate institutional/professional authority. Emotional resonance comes from cultural/sacred framing and historic conflict, but overall tone remains measured journalism."
291,8e223e1e61bffcb5,Bloomberg,print_digital,en,Farage’s Bid to Reset Reform UK Fortunes Hit By Undercover Sting,https://www.bloomberg.com/news/articles/2026-09-03/farage-says-britain-running-out-of-time-to-correct-course,2026-09-03T21:00:00+00:00,0.00008597,0.174000,0.233333,0.00000349,22525.000000,,2,3,2,7,government_leadership:0.60; democracy_elections:0.40,score_v2,ok,summary_only,paywalled,53,rss_summary,monthly visits / DIGITAL_ITEMS_PER_MONTH (already US-only (Semrush country split)); a visit is not a read; flat across the outlet's items (no per-item signal),"Headline/summary only, no evidence or reasoning provided beyond bare claims about a sting; limited authority signal from outlet name; some intensity from words like 'sting' and 'upended' but largely factual tone."
292,9b7d6a8a628fafe9,Newsweek,print_digital,en,One Democrat votes to keep Supreme Court at 9 justices,https://www.newsweek.com/supreme-court-amendment-don-david-democrat-12397231,2026-09-03T00:45:00+00:00,0.00008822,0.107500,0.366667,0.00000348,23112.500000,,6,3,2,11,democracy_elections:0.75; government_leadership:0.25,score_v2,scope_global,full_text,paywalled,649,page_fetch,"monthly visits / DIGITAL_ITEMS_PER_MONTH (UNADJUSTED: worldwide visits, no US split published); a visit is not a read; flat across the outlet's items (no per-item signal)","Straightforward news report explaining vote mechanics, historical context, and competing arguments with quotes from both parties. Neutral tone, no dominant personal authority, moderate reasoning via historical/legal detail, low emotional charge beyond partisan framing quotes."
293,dbf316e4027476aa,Bloomberg,print_digital,en,Lula-Backed Bill to Trim Workweek Delayed in Fresh Setback,https://www.bloomberg.com/news/articles/2026-09-03/lula-backed-bill-to-trim-brazil-workweek-delayed-in-new-setback,2026-09-03T15:27:20+00:00,0.00008597,0.238000,0.166667,0.00000341,22525.000000,,1,3,1,5,economy:0.60; government_leadership:0.40,score_v2,ok,summary_only,paywalled,50,rss_summary,monthly visits / DIGITAL_ITEMS_PER_MONTH (already US-only (Semrush country split)); a visit is not a read; flat across the outlet's items (no per-item signal),"Headline/summary only, no evidence or reasoning presented, just a factual statement of a legislative delay. Minimal institutional authority (news outlet), no named quotes or emotional language beyond neutral political framing.Score reflects sparse content.<>Best judgement given fragment.</>"
294,bb97f06ac35a504b,Breitbart,print_digital,en,"Exclusive: Democrat Roy Cooper Says Criminals Need 'Health Care, Not Handcuffs'",https://www.breitbart.com/politics/2026/09/03/exclusive-democrat-roy-cooper-says-criminals-need-healthcare-not-handcuffs/,2026-09-03T16:07:03+00:00,0.00013268,0.050500,0.500000,0.00000335,34762.500000,,4,4,7,15,crime:0.70; government_leadership:0.15; race_relations:0.10; healthcare:0.05,score_v2,ok,full_text,open,562,page_fetch,monthly visits / DIGITAL_ITEMS_PER_MONTH (already US-only (Semrush country split)); a visit is not a read; flat across the outlet's items (no per-item signal),"Article cites specific policies, quotes, endorsements to build a critical case against Cooper, but is one-sided advocacy journalism with charged language ('woke,' 'bizarrely'). Breitbart's institutional standing gives moderate ethos; heavy emotional framing around crime victims drives pathos."
295,2f3e77f919ab8b65,Slate,print_digital,en,The Supreme Court Is Letting Trump Get His White House Ballroom on a Technicality,https://slate.com/news-and-politics/2026/09/supreme-court-trump-ballroom-john-roberts-technicality.html?via=rss,2026-09-01T18:34:54+00:00,0.00004308,0.136000,0.566667,0.00000332,11287.500000,,8,6,3,17,democracy_elections:0.60; government_leadership:0.40,score_v2,scope_global,full_text,open,1501,page_fetch,"monthly visits / DIGITAL_ITEMS_PER_MONTH (UNADJUSTED: worldwide visits, no US split published); a visit is not a read; flat across the outlet's items (no per-item signal)","Detailed legal analysis of standing doctrine, quotes from majority and dissent, procedural history, and reasoning on both sides. Speaker authority comes from Slate's legal reporting and quoted justices. Emotional tone is measured, though the crocodile line adds mild rhetorical color."
296,2d6227066feebc76,The New Yorker,print_digital,en,What Happened in Minneapolis,https://www.newyorker.com/magazine/2026/09/07/what-happened-in-minneapolis,2026-08-31T10:00:00+00:00,0.00003922,0.112500,0.733333,0.00000324,10275.000000,,8,6,8,22,immigration:0.65; government_leadership:0.15; democracy_elections:0.10; race_relations:0.10,score_v2,scope_global,full_text,paywalled,11418,page_fetch,"monthly visits / DIGITAL_ITEMS_PER_MONTH (UNADJUSTED: worldwide visits, no US split published); a visit is not a read; flat across the outlet's items (no per-item signal)","Long-form New Yorker investigative narrative with extensive on-the-record sourcing, court records, data on detentions/costs, and multiple firsthand testimonies. Institutional (magazine) authority but no single dominant personal voice. Heavy use of vivid anecdote, grief, and emotionally charged detail throughout drives strong pathos."
297,6264c80f7f6c2fe3,Los Angeles Times,print_digital,en,"Gloria Steinem, charismatic feminist and co-founder of Ms. Magazine, dies at 92",https://www.latimes.com/world-nation/story/2026-09-03/gloria-steinem-dead,2026-09-03T11:26:18+00:00,0.00007490,0.073000,0.566667,0.00000310,19625.000000,,3,8,6,17,other:0.35; ethics_morality:0.30; abortion:0.20; government_leadership:0.15,score_v2,ok,full_text,open,1917,page_fetch,monthly visits / DIGITAL_ITEMS_PER_MONTH (already US-only (Semrush country split)); a visit is not a read; flat across the outlet's items (no per-item signal),"An obituary narrating Steinem's life, anecdotes, and legacy; light on argument, but her personal authority as a feminist icon is central, and warm, emotionally colored storytelling pervades the piece throughout its biographical arc."
298,3a972efe86f9e402,Slate,print_digital,en,Voters Are Rejecting Elderly Politicians. So What’s This 80-Year-Old Senator’s Secret?,https://slate.com/news-and-politics/2026/09/ed-markey-seth-moulton-massachusetts-senate-primary-age.html?via=rss,2026-09-01T19:38:06+00:00,0.00004308,0.165500,0.433333,0.00000309,11287.500000,,6,4,3,13,government_leadership:0.55; democracy_elections:0.35; other:0.10,score_v2,scope_global,full_text,open,1284,page_fetch,"monthly visits / DIGITAL_ITEMS_PER_MONTH (UNADJUSTED: worldwide visits, no US split published); a visit is not a read; flat across the outlet's items (no per-item signal)","Q&A-style explainer citing polls (UMass Amherst, Suffolk/Globe), editorial endorsements, debate quotes, and comparisons to other races, showing reasoning and evidence. Author is a newsletter writer with no strong personal authority beyond insider local knowledge. Tone is light, wry, mostly analytical with mild personal color."
299,745d50378f3e06fd,The Epoch Times,print_digital,en,House Democratic Leaders Weigh Consequences for 2 Members Who Voted With GOP,https://www.theepochtimes.com/us/house-democratic-leaders-weigh-consequences-for-2-members-who-voted-with-gop-6082949,2026-09-03T16:37:32+00:00,0.00003850,0.197500,0.400000,0.00000304,10087.500000,,5,4,3,12,government_leadership:0.75; democracy_elections:0.15; environment:0.10,score_v2,scope_global,full_text,open,641,page_fetch,"monthly visits / DIGITAL_ITEMS_PER_MONTH (UNADJUSTED: worldwide visits, no US split published); a visit is not a read; flat across the outlet's items (no per-item signal)","Straight news report with quotes from Jeffries, Golden, Gluesenkamp Perez; factual vote counts and context given. No dominant authoritative voice, moderate emotional language in quotes ('blindsided', 'breach of trust'), otherwise measured reporting style."
300,c7a79e608327e5b3,The Daily Beast,print_digital,en,richard-e-grant-mourns-wife-of-35-years-in-emotional-video,https://www.thedailybeast.com/richard-e-grant-mourns-wife-of-35-years-in-emotional-video/,2026-09-03T17:43:41+00:00,0.00008616,0.070000,0.500000,0.00000302,22575.000000,,0,6,9,15,other:1.00,score_v2,scope_global,full_text,open,629,rss_fulltext,"monthly visits / DIGITAL_ITEMS_PER_MONTH (UNADJUSTED: worldwide visits, no US split published); a visit is not a read; flat across the outlet's items (no per-item signal)","Personal, emotional tribute by a well-known actor mourning his late wife; no argument or evidence, purely narrative and feeling. Ethos derives from Grant's celebrity status and public recognition, not expertise or institutional backing."
301,ea5a962c318a096d,The Atlantic,print_digital,en,09 / conservative-hijack-social-media / 688447,https://www.theatlantic.com/politics/2026/09/conservative-hijack-social-media/688447/?utm_source=feed,2026-09-02T10:00:00+00:00,0.00006598,0.080500,0.566667,0.00000301,17287.500000,,8,6,3,17,democracy_elections:0.45; ai_technology:0.35; government_leadership:0.20,score_v2,ok,full_text,paywalled,2476,rss_fulltext,monthly visits / DIGITAL_ITEMS_PER_MONTH (already US-only (Semrush country split)); a visit is not a read; flat across the outlet's items (no per-item signal),"Investigative journalism with documented evidence: Discord access, budgets, named individuals, expert quotes, corporate statements. Author's authority stems from direct investigation (The Atlantic). Emotional intensity is moderate—content is unsettling but presented analytically rather than through appeals to fear or outrage directly."
302,6b9e294a64c661c2,Slate,print_digital,en,Trump Just Asked the Supreme Court to Back One of His Cruelest Policies,https://slate.com/news-and-politics/2026/09/trump-supreme-court-trans-military-cruelty.html?via=rss,2026-09-01T09:40:00+00:00,0.00004308,0.109500,0.633333,0.00000299,11287.500000,,8,5,6,19,democracy_elections:0.55; government_leadership:0.25; other:0.20,score_v2,scope_global,full_text,open,694,page_fetch,"monthly visits / DIGITAL_ITEMS_PER_MONTH (UNADJUSTED: worldwide visits, no US split published); a visit is not a read; flat across the outlet's items (no per-item signal)","Detailed legal analysis with case history, judicial reasoning, testimony, and procedural specifics (high logos). No named opinion authority beyond reporting (moderate ethos). Language like 'cruelest,' 'soaked in animus,' emphasizes moral stakes, giving moderate-high pathos despite legalistic tone."
303,362a5958ec3c874c,Time,print_digital,en,09 / 03 / gloria-steinem-dead-time-history,https://time.com/article/2026/09/03/gloria-steinem-dead-time-history/,2026-09-03T11:51:55+00:00,0.00005878,0.094500,0.533333,0.00000296,15400.000000,,4,6,6,16,other:0.40; government_leadership:0.20; race_relations:0.15; ethics_morality:0.15; unifying_the_country:0.10,score_v2,scope_global,full_text,open,1500,rss_fulltext,"monthly visits / DIGITAL_ITEMS_PER_MONTH (UNADJUSTED: worldwide visits, no US split published); a visit is not a read; flat across the outlet's items (no per-item signal)","A biographical retrospective on Gloria Steinem's life and activism, drawing on TIME's own archives, quotes, and historical episodes rather than argument. Ethos derives from TIME's institutional authority and Steinem's own stature. Pathos moderate via warm anecdotes, humor, and reflections on mortality."
304,0ea68da2aa387408,The Washington Post,print_digital,en,What to watch for when voting in the midterms,https://www.washingtonpost.com/politics/2026/09/03/what-watch-when-voting-midterms/,2026-09-03T18:04:35+00:00,0.00021870,0.079000,0.166667,0.00000288,57300.000000,,1,3,1,5,democracy_elections:0.90; government_leadership:0.10,score_v2,ok,summary_only,paywalled,31,rss_summary,monthly visits / DIGITAL_ITEMS_PER_MONTH (already US-only (Semrush country split)); a visit is not a read; flat across the outlet's items (no per-item signal),"Brief headline/summary only, no argument or evidence beyond bare facts about monitors and mail voting. No identifiable personal voice, only institutional framing. Minimal emotional language; largely informational and procedural.eer"
305,1a4628452751b071,The Daily Beast,print_digital,en,obsessed / dolly-partons-cousin-richie-owens-reveals-new-details-about-final-wishes,https://www.thedailybeast.com/obsessed/dolly-partons-cousin-richie-owens-reveals-new-details-about-final-wishes/,2026-09-03T17:51:04+00:00,0.00008616,0.070000,0.466667,0.00000281,22575.000000,,2,6,6,14,other:1.00,score_v2,scope_global,full_text,open,356,rss_fulltext,"monthly visits / DIGITAL_ITEMS_PER_MONTH (UNADJUSTED: worldwide visits, no US split published); a visit is not a read; flat across the outlet's items (no per-item signal)","Celebrity human-interest piece; cousin's firsthand account gives moderate ethos, little argumentation, mild emotional warmth about Parton's death and legacy. No Gallup topic fits well besides 'other'."
306,df6c4e80a7de41aa,The New Yorker,print_digital,en,Smokejumpers Leap Out of Planes to Fight Wildfires,https://www.newyorker.com/magazine/2026/09/07/the-art-of-leaping-out-of-planes-to-fight-wildfires,2026-08-31T10:00:00+00:00,0.00003922,0.113000,0.633333,0.00000281,10275.000000,,6,6,7,19,other:0.55; government_leadership:0.20; environment:0.15; economy:0.10,score_v2,scope_global,full_text,paywalled,6618,page_fetch,"monthly visits / DIGITAL_ITEMS_PER_MONTH (UNADJUSTED: worldwide visits, no US split published); a visit is not a read; flat across the outlet's items (no per-item signal)","Long-form narrative journalism rich with anecdote, historical detail, and interviews (evidence-based, logos moderate-high); relies on named sources' testimony and reporter's firsthand access for credibility; vivid, emotionally charged storytelling about danger, camaraderie, and loss drives strong pathos throughout."
307,308dbb537474da2a,Time,print_digital,en,09 / 03 / how-democrats-are-pushing-for-a-supreme-court-overhaul,https://time.com/article/2026/09/03/how-democrats-are-pushing-for-a-supreme-court-overhaul/,2026-09-03T18:02:55+00:00,0.00005878,0.107500,0.433333,0.00000274,15400.000000,,7,4,2,13,democracy_elections:0.75; government_leadership:0.25,score_v2,scope_global,full_text,open,1051,rss_fulltext,"monthly visits / DIGITAL_ITEMS_PER_MONTH (UNADJUSTED: worldwide visits, no US split published); a visit is not a read; flat across the outlet's items (no per-item signal)","News report detailing multiple legislative proposals, historical context, poll data, and quoted officials on both sides. No single dominant speaker; institutional/journalistic authority only. Tone is factual and measured, with minor emotional language via quoted political rhetoric ('power grab')."
308,95b6c9cd0c594d64,Business Insider,print_digital,en,who-is-stella-lefty-nepo-baby-billionaire-dad-groupon-music-career-2026-9,https://www.businessinsider.com/who-is-stella-lefty-nepo-baby-billionaire-dad-groupon-music-career-2026-9,2026-09-03T17:11:20+00:00,0.00012739,0.070000,0.300000,0.00000268,33375.000000,,4,3,2,9,other:1.00,score_v2,ok,full_text,open,1324,rss_fulltext,monthly visits / DIGITAL_ITEMS_PER_MONTH (already US-only (Semrush country split)); a visit is not a read; flat across the outlet's items (no per-item signal),"Entertainment-culture piece analyzing nepo-baby discourse around a pop-country singer, using industry expert quotes and comparisons (Swift, Rodrigo) as evidence. No political topics apply. Low ethos beyond quoted marketer; mild emotional color from viral tweets and quotes."
309,73043526f494e9a5,Business Insider,print_digital,en,amelia-dimoldenberg-chicken-shop-date-youtube-show-ending-2026-9,https://www.businessinsider.com/amelia-dimoldenberg-chicken-shop-date-youtube-show-ending-2026-9,2026-09-03T16:13:48+00:00,0.00012739,0.070000,0.300000,0.00000268,33375.000000,,2,4,3,9,other:1.00,score_v2,ok,full_text,open,496,rss_fulltext,monthly visits / DIGITAL_ITEMS_PER_MONTH (already US-only (Semrush country split)); a visit is not a read; flat across the outlet's items (no per-item signal),"A straightforward entertainment/business news piece about a YouTube creator ending her show, with quotes and industry context but little argument or emotional intensity; no political topic applies."
310,28327aa70134384e,The Epoch Times,print_digital,en,US Says More Than 17 Million Barrels of Oil Passed Through Strait of Hormuz on Monday,https://www.theepochtimes.com/world/us-says-more-than-17-million-barrels-of-oil-passed-through-strait-of-hormuz-on-monday-6082988,2026-09-03T16:03:29+00:00,0.00003850,0.148500,0.466667,0.00000267,10087.500000,,6,5,3,14,foreign_policy_wars:0.65; inflation_cost_of_living:0.25; economy:0.10,score_v2,scope_global,full_text,open,507,page_fetch,"monthly visits / DIGITAL_ITEMS_PER_MONTH (UNADJUSTED: worldwide visits, no US split published); a visit is not a read; flat across the outlet's items (no per-item signal)","Reports specific figures on oil volumes, prices, and military actions from officials (Wright, Trump) and news sources like UK Maritime Trade Operations. Factual, statistic-driven reporting with moderate emotional charge from war/attack descriptions but largely measured, informational tone."
311,f08ff22b47bb46f9,Time,print_digital,en,09 / 03 / gloria-steinem-remembrance-meg-wolitzer,https://time.com/article/2026/09/03/gloria-steinem-remembrance-meg-wolitzer/,2026-09-03T15:48:39+00:00,0.00005878,0.075000,0.566667,0.00000250,15400.000000,,2,7,8,17,other:0.40; abortion:0.20; race_relations:0.10; immigration:0.10; unifying_the_country:0.10; government_leadership:0.10,score_v2,scope_global,full_text,open,1550,rss_fulltext,"monthly visits / DIGITAL_ITEMS_PER_MONTH (UNADJUSTED: worldwide visits, no US split published); a visit is not a read; flat across the outlet's items (no per-item signal)","A eulogistic personal essay on Gloria Steinem's life and legacy, heavy on anecdote and emotional reflection, light on argument or evidence. Author's personal connection lends credibility; the piece is affect-driven, celebrating feminism, activism, and personal history rather than reasoning through claims."
312,40dc4207a2e6a914,The Stephen A. Smith Show,podcast,en,"LAURA LOOMER’S UNHINGED COMMENTS ABOUT BLACK WOMEN; DR. ABDUL EL-SAYED, SETH BODNAR",https://www.siriusxm.com,2026-09-03T08:00:00+00:00,0.00106870,0.070000,0.033333,0.00000249,280000.000000,,0,0,1,1,other:1.00,score_v2,ok,full_text,open,397,page_fetch,subscribers x PODCAST_EPISODE_VIEW_RATE x (1 + PODCAST_AUDIO_MULTIPLE) (UNADJUSTED: no public country split for this platform); flat across the outlet's items (no per-item signal),"The supplied text is generic SiriusXM promotional/marketing boilerplate about channels and programming, unrelated to the title's political content. No argument, authority, or emotional appeal regarding the stated topic is present; scored at floor levels reflecting fragment nature."
313,c639e5266a75bf6e,Axios,print_digital,en,09 / 03 / gloria-steinem-dies-92-feminist-icon,https://www.axios.com/2026/09/03/gloria-steinem-dies-92-feminist-icon,2026-09-03T12:23:35+00:00,0.00005940,0.083500,0.500000,0.00000248,15562.500000,,3,6,6,15,other:0.35; abortion:0.30; government_leadership:0.20; race_relations:0.15,score_v2,ok,full_text,open,371,rss_fulltext,monthly visits / DIGITAL_ITEMS_PER_MONTH (already US-only (Semrush country split)); a visit is not a read; flat across the outlet's items (no per-item signal),"An obituary recounting Steinem's biography and activism; light argumentation, mostly factual narrative. Ethos derives from her established reputation as feminist icon. Moderate emotional tone via tributes and reflections on her death and legacy."
314,c2f9e60768715ff3,Time,print_digital,en,09 / 01 / love-island-usa-black-women,https://time.com/article/2026/09/01/love-island-usa-black-women/,2026-09-03T13:00:06+00:00,0.00005878,0.069500,0.600000,0.00000245,15400.000000,,6,5,7,18,race_relations:0.55; other:0.35; economy:0.10,score_v2,scope_global,full_text,open,1910,rss_fulltext,"monthly visits / DIGITAL_ITEMS_PER_MONTH (UNADJUSTED: worldwide visits, no US split published); a visit is not a read; flat across the outlet's items (no per-item signal)","Article cites named experts (Peele, Taylor), industry sources, and specific examples (Carthen, KC Chandler) to build a case about racism against Black Islanders, blending reporting with emotionally charged descriptions of harassment, death threats, and vicarious trauma."
315,d9a30350a8aed202,Slate,print_digital,en,Trump Is About to Get the Mail-Ballot Chaos He’s Been Looking For,https://slate.com/news-and-politics/2026/09/2026-midterms-trump-mail-ballot-chaos.html?via=rss,2026-09-03T09:40:00+00:00,0.00004308,0.088500,0.633333,0.00000241,11287.500000,,8,6,5,19,democracy_elections:0.85; government_leadership:0.15,score_v2,scope_global,full_text,open,1792,page_fetch,"monthly visits / DIGITAL_ITEMS_PER_MONTH (UNADJUSTED: worldwide visits, no US split published); a visit is not a read; flat across the outlet's items (no per-item signal)","Detailed legal/procedural analysis with quotes, case law, state-by-state breakdown, and court rulings. Author is a named Slate journalist with expertise, moderate authority. Language is charged ('sowing chaos,' 'dizzying') conveying urgency and alarm about election integrity."
316,c4d7a8768aca449b,The Daily Beast,print_digital,en,obsessed / sandra-bullock-reveals-bizarre-alien-encounter,https://www.thedailybeast.com/obsessed/sandra-bullock-reveals-bizarre-alien-encounter/,2026-09-03T17:57:41+00:00,0.00008616,0.070000,0.400000,0.00000241,22575.000000,,2,4,6,12,other:1.00,score_v2,scope_global,full_text,open,489,rss_fulltext,"monthly visits / DIGITAL_ITEMS_PER_MONTH (UNADJUSTED: worldwide visits, no US split published); a visit is not a read; flat across the outlet's items (no per-item signal)","Celebrity anecdote about a UFO sighting, no policy relevance. Bullock recounts personal story with vivid detail (some pathos), minimal evidence beyond anecdote and reference to government hearings, moderate celebrity authority with her fan audience."
317,1ca8a392d619a2ee,Bloomberg,print_digital,en,FCC Tells Judge Trump Clash With ABC Isn’t About Free Speech,https://www.bloomberg.com/news/articles/2026-09-03/trump-clash-with-abc-isn-t-about-free-speech-fcc-tells-judge,2026-09-03T21:53:23+00:00,0.00008597,0.139000,0.200000,0.00000239,22525.000000,,2,3,1,6,government_leadership:0.40; democracy_elections:0.30; other:0.30,score_v2,ok,summary_only,paywalled,45,rss_summary,monthly visits / DIGITAL_ITEMS_PER_MONTH (already US-only (Semrush country split)); a visit is not a read; flat across the outlet's items (no per-item signal),"Brief headline/summary reporting FCC's legal filing against ABC's lawsuit; minimal argument detail, institutional but unnamed sourcing, largely factual and affectless tone typical of a news brief.'"
318,003944d4b382ce79,The New Yorker,print_digital,en,The Floods Nepal Didn’t Cause,https://www.newyorker.com/news/the-lede/the-floods-nepal-didnt-cause,2026-08-29T10:00:00+00:00,0.00003922,0.091000,0.666667,0.00000238,10275.000000,,6,6,8,20,environment:0.45; government_leadership:0.25; foreign_policy_wars:0.15; poverty_homelessness:0.15,score_v2,scope_global,full_text,paywalled,1218,page_fetch,"monthly visits / DIGITAL_ITEMS_PER_MONTH (UNADJUSTED: worldwide visits, no US split published); a visit is not a read; flat across the outlet's items (no per-item signal)","Combines scientific explanation (glacial collapse, USGS), political context, and quotes from officials/journalists with vivid personal testimony and mythological framing. Author's own reporting and named sources lend credibility; heavy emotional weight from survivor accounts and family loss narratives drives pathos high."
319,b15a0d8b78fcd57b,Time,print_digital,en,09 / 03 / gloria-steinem-dead-at-92-feminist-activist-icon-tributes,https://time.com/article/2026/09/03/gloria-steinem-dead-at-92-feminist-activist-icon-tributes/,2026-09-03T11:09:46+00:00,0.00005878,0.077500,0.500000,0.00000228,15400.000000,,3,6,6,15,other:0.90; race_relations:0.05; government_leadership:0.05,score_v2,scope_global,full_text,open,1040,rss_fulltext,"monthly visits / DIGITAL_ITEMS_PER_MONTH (UNADJUSTED: worldwide visits, no US split published); a visit is not a read; flat across the outlet's items (no per-item signal)","An obituary recounting Steinem's biography, achievements, and tributes from public figures. Little argumentation beyond biographical facts; emotional tributes and legacy statements provide moderate pathos; authority derives from quoted notable figures (Obama, Clinton, Biden) rather than the outlet itself."
320,cb34dd1b14313e19,The New Yorker,print_digital,en,How Alex Eala Became a Symbol of the Philippines,https://www.newyorker.com/culture/the-lede/how-alex-eala-became-a-symbol-of-the-philippines,2026-08-29T10:00:00+00:00,0.00003922,0.101500,0.566667,0.00000226,10275.000000,,4,6,7,17,other:0.55; unifying_the_country:0.25; government_leadership:0.10; economy:0.10,score_v2,scope_global,full_text,paywalled,2434,page_fetch,"monthly visits / DIGITAL_ITEMS_PER_MONTH (UNADJUSTED: worldwide visits, no US split published); a visit is not a read; flat across the outlet's items (no per-item signal)","Profile of tennis star Alex Eala relies on anecdotes, interviews, and historical context rather than argument; author has journalistic standing but no personal authority; emotionally resonant depictions of national pride, fandom, and identity carry the piece. Topics touch unity, diaspora economics, and political co-optation."
321,b839f2afafbc3b64,Daily Kos,print_digital,en,Trump’s midterm convention grift is humming along nicely,https://www.dailykos.com/stories/2026/9/3/800093186/elections/trumps-midterm-convention-grift-is-humming-along-nicely/,2026-09-03T14:30:00+00:00,0.00002047,0.191000,0.566667,0.00000222,5362.500000,,5,4,8,17,government_leadership:0.60; democracy_elections:0.30; economy:0.10,score_v2,scope_global,full_text,open,638,page_fetch,"monthly visits / DIGITAL_ITEMS_PER_MONTH (UNADJUSTED: worldwide visits, no US split published); a visit is not a read; flat across the outlet's items (no per-item signal)","Uses specific figures (FEC limits, ticket prices, PAC spending) to argue the convention is a grift, but wraps it in sarcastic, mocking commentary ('Dear Leader', 'tiny ego') rather than balanced analysis. Strong opinion voice, moderate evidentiary backing, high derisive emotional charge."
322,8e8246990bd19663,Time,print_digital,en,09 / 03 / the-missing-pieces-we-carry-after-9-11,https://time.com/article/2026/09/03/the-missing-pieces-we-carry-after-9-11/,2026-09-03T11:00:04+00:00,0.00005878,0.070000,0.533333,0.00000219,15400.000000,,2,5,9,16,other:0.55; foreign_policy_wars:0.15; unifying_the_country:0.15; ethics_morality:0.15,score_v2,scope_global,full_text,open,1372,rss_fulltext,"monthly visits / DIGITAL_ITEMS_PER_MONTH (UNADJUSTED: worldwide visits, no US split published); a visit is not a read; flat across the outlet's items (no per-item signal)","Personal essay reflecting on 9/11's 25th anniversary, grief, and memory, drawing on interviews with a survivor-chef and personal loss. Little argument or evidence; relies on anecdote, emotion, and the author's authorial/journalistic standing rather than institutional authority or persuasive reasoning."
323,f17c090867d888c5,The Washington Post,print_digital,en,"Court throws out Missouri congressional map, helping Democrats keep seat",https://www.washingtonpost.com/politics/2026/09/03/court-throws-out-missouri-congressional-map-helping-democrats-keep-seat/,2026-09-04T00:34:10+00:00,0.00021870,0.098000,0.100000,0.00000214,57300.000000,,1,2,0,3,democracy_elections:0.80; government_leadership:0.20,score_v2,ok,summary_only,paywalled,36,rss_summary,monthly visits / DIGITAL_ITEMS_PER_MONTH (already US-only (Semrush country split)); a visit is not a read; flat across the outlet's items (no per-item signal),"Bare headline/summary reporting court rulings on redistricting; no evidence, argument, or emotional language present. No identifiable speaker or byline authority beyond generic news reporting. Access limited to summary, scored accordingly."
324,5292df12aa61b1c1,The Epoch Times,print_digital,en,"Putin Says There’s a Chance of Ukraine Peace Deal, Wants to Restore Full US Relations",https://www.theepochtimes.com/world/putin-says-theres-a-chance-of-ukraine-peace-deal-wants-to-restore-full-us-relations-6082995,2026-09-03T17:37:22+00:00,0.00003850,0.133000,0.400000,0.00000205,10087.500000,,4,6,2,12,foreign_policy_wars:0.90; government_leadership:0.10,score_v2,scope_global,full_text,open,523,page_fetch,"monthly visits / DIGITAL_ITEMS_PER_MONTH (UNADJUSTED: worldwide visits, no US split published); a visit is not a read; flat across the outlet's items (no per-item signal)","Reports statements from Putin, Trump, and Zelenskyy on Ukraine peace prospects with quotes but little independent analysis. Ethos derives from speakers' official standing. Tone is measured, mostly factual reporting with minimal emotional language."
325,b76e1998adc7ddbc,Los Angeles Times,print_digital,en,Judge dismisses Justice Department lawsuit challenging California transgender sports policies,https://www.latimes.com/california/story/2026-09-01/judge-dismisses-doj-lawsuit-california-transgender-athlete-policies,2026-09-01T23:20:47+00:00,0.00007490,0.054000,0.500000,0.00000202,19625.000000,,6,6,3,15,democracy_elections:0.40; education:0.30; other:0.30,score_v2,ok,full_text,open,957,page_fetch,monthly visits / DIGITAL_ITEMS_PER_MONTH (already US-only (Semrush country split)); a visit is not a read; flat across the outlet's items (no per-item signal),"Reports legal ruling with detailed judicial reasoning, quotes from judge, DOJ, and advocacy groups. Ethos from named judge, officials, and legal figures; moderate pathos via emotionally charged quotes about 'hateful campaign' and 'culture wars.' Largely factual reporting with some advocacy framing."
326,db80f99fff224d32,Daily Kos,print_digital,en,House Republicans will flee DC early as midterm disaster looms,https://www.dailykos.com/stories/2026/9/3/800093551/congress/house-gop-cancels-votes-to-campaign/,2026-09-03T19:30:00+00:00,0.00002047,0.189000,0.500000,0.00000193,5362.500000,,4,5,6,15,government_leadership:0.50; democracy_elections:0.30; economy:0.20,score_v2,scope_global,full_text,open,587,page_fetch,"monthly visits / DIGITAL_ITEMS_PER_MONTH (UNADJUSTED: worldwide visits, no US split published); a visit is not a read; flat across the outlet's items (no per-item signal)","Cites polling (Economist/YouGov, Cook Political Report), legislative record, and quotes from Johnson, Jeffries, and Cook, but framing is one-sided and partisan, favoring Democratic critique with limited counter-evidence from Republicans beyond Johnson's own words."
327,fe98fa0c4a9e4384,Time,print_digital,en,09 / 03 / what-dolly-parton-said-in-her-last-interview-should-terrify-us,https://time.com/article/2026/09/03/what-dolly-parton-said-in-her-last-interview-should-terrify-us/,2026-09-03T16:30:41+00:00,0.00005878,0.044500,0.733333,0.00000192,15400.000000,,8,6,8,22,healthcare:0.85; other:0.15,score_v2,scope_global,full_text,open,1298,rss_fulltext,"monthly visits / DIGITAL_ITEMS_PER_MONTH (UNADJUSTED: worldwide visits, no US split published); a visit is not a read; flat across the outlet's items (no per-item signal)","Uses Parton's death as hook, cites JAMA study, Kiecolt-Glaser research, Blue Cross data, and personal caregiving experience to argue for systemic policy change. Author's authority stems from personal story and organization founding, not fame. Emotionally resonant framing throughout via Parton anecdote and personal loss."
328,f1dcd0c78fcacde3,The Atlantic,print_digital,en,08 / dan-sullivan-alaska-senate-midterms / 688456,https://www.theatlantic.com/politics/2026/08/dan-sullivan-alaska-senate-midterms/688456/?utm_source=feed,2026-08-30T11:00:00+00:00,0.00006598,0.062000,0.466667,0.00000191,17287.500000,,6,4,4,14,democracy_elections:0.80; other:0.20,score_v2,ok,full_text,paywalled,1942,rss_fulltext,monthly visits / DIGITAL_ITEMS_PER_MONTH (already US-only (Semrush country split)); a visit is not a read; flat across the outlet's items (no per-item signal),"Feature relies on original reporting, interviews with multiple named Dan Sullivans, campaign finance figures, court rulings, and historical analogues—substantial evidentiary texture but light analytic argument. Journalistic ethos, no single dominant authority. Playful, human-interest tone with mild whimsy rather than strong emotional appeal.'"
329,63a1a68b2375938b,The New Yorker,print_digital,en,Was “Defund the Police” Crazy?,https://www.newyorker.com/news/the-lede/was-defund-the-police-crazy,2026-09-01T10:00:00+00:00,0.00003922,0.080500,0.600000,0.00000189,10275.000000,,8,6,4,18,crime:0.40; government_leadership:0.25; race_relations:0.20; poverty_homelessness:0.15,score_v2,scope_global,full_text,paywalled,2272,page_fetch,"monthly visits / DIGITAL_ITEMS_PER_MONTH (UNADJUSTED: worldwide visits, no US split published); a visit is not a read; flat across the outlet's items (no per-item signal)","Essay marshals extensive polling data, historical timelines, and named policy examples to argue defund-the-police ideas retain merit despite political retreat. Written under New Yorker byline authority but no single dominant voice; moderate emotional framing via references to police killings and activism."
330,4489fa7b33b6c69f,The New Yorker,print_digital,en,The MAHA Custody Battle,https://www.newyorker.com/magazine/2026/09/07/the-maha-custody-battle,2026-08-31T10:00:00+00:00,0.00003922,0.074500,0.633333,0.00000185,10275.000000,,7,5,7,19,healthcare:0.55; government_leadership:0.15; ethics_morality:0.15; other:0.15,score_v2,scope_global,full_text,paywalled,8510,page_fetch,"monthly visits / DIGITAL_ITEMS_PER_MONTH (UNADJUSTED: worldwide visits, no US split published); a visit is not a read; flat across the outlet's items (no per-item signal)","Long-form New Yorker narrative journalism combining case studies, expert interviews, statistics on measles/vaccination, and historical context on MAHA movement, alongside vivid personal anecdotes about a custody battle, giving strong logos and pathos; institutional but not personally authoritative voice yields moderate ethos."
331,7e42fc395131bae0,Slate,print_digital,en,Voters Say They Want Younger Politicians but Keep Voting for Old Ones. I Think I Know What’s Really Going On.,https://slate.com/news-and-politics/2026/09/massachusetts-primary-results-ed-markey-seth-moulton.html?via=rss,2026-09-02T21:28:09+00:00,0.00004308,0.096000,0.433333,0.00000179,11287.500000,,6,4,3,13,democracy_elections:0.70; government_leadership:0.20; healthcare:0.10,score_v2,scope_global,full_text,open,1241,page_fetch,"monthly visits / DIGITAL_ITEMS_PER_MONTH (UNADJUSTED: worldwide visits, no US split published); a visit is not a read; flat across the outlet's items (no per-item signal)","Analytical piece weighing multiple explanatory theories (ideology, incumbency, health) with polling data and specific races cited. Written by a Slate newsletter columnist with moderate outlet authority but no strong personal ethos claim. Tone is measured and analytical, not emotionally charged, aside from brief asides."
332,6492d842bfc2513e,Newsweek,print_digital,en,US Embassy issues warning over another disaster in Nepal,https://www.newsweek.com/us-embassy-issues-warning-over-another-disaster-in-nepal-12399129,2026-09-03T15:15:00+00:00,0.00008822,0.043000,0.466667,0.00000177,23112.500000,,6,5,3,14,environment:0.70; foreign_policy_wars:0.30,score_v2,scope_global,full_text,paywalled,606,page_fetch,"monthly visits / DIGITAL_ITEMS_PER_MONTH (UNADJUSTED: worldwide visits, no US split published); a visit is not a read; flat across the outlet's items (no per-item signal)","Factual disaster report citing embassy alerts, death tolls, and geographic details. Institutional sourcing (US Embassy) gives moderate ethos; some data/evidence but no deep analysis; emotional content limited to casualty figures rather than vivid narrative."
333,42e15beb1f148bc5,Daily Kos,print_digital,en,Democrats expose GOP’s data center kickbacks,https://www.dailykos.com/stories/2026/9/3/800093453/news/democrats-expose-gop-data-center-kickbacks/,2026-09-03T16:30:00+00:00,0.00002047,0.173000,0.466667,0.00000165,5362.500000,,5,5,4,14,economy:0.40; government_leadership:0.30; ai_technology:0.20; poverty_homelessness:0.10,score_v2,scope_global,full_text,open,429,page_fetch,"monthly visits / DIGITAL_ITEMS_PER_MONTH (UNADJUSTED: worldwide visits, no US split published); a visit is not a read; flat across the outlet's items (no per-item signal)","Article cites quotes from multiple lawmakers, polling data, and specifics of the Opportunity Zones provision, offering moderate evidentiary support. No single dominant authorial voice; relies on politicians' quoted authority. Tone is critical but not highly emotional, with some charged language like 'kickbacks' and 'unpopular.'"
334,d9078a0ff874faf1,Axios,print_digital,en,09 / 03 / altman-government-scrutiny-ai-g20,https://www.axios.com/2026/09/03/altman-government-scrutiny-ai-g20,2026-09-03T09:30:07+00:00,0.00005940,0.057000,0.466667,0.00000158,15562.500000,,5,7,2,14,ai_technology:0.75; government_leadership:0.15; foreign_policy_wars:0.10,score_v2,ok,full_text,open,573,rss_fulltext,monthly visits / DIGITAL_ITEMS_PER_MONTH (already US-only (Semrush country split)); a visit is not a read; flat across the outlet's items (no per-item signal),"Reports Altman's and Huang's statements on AI regulation, government review of Astra, and Congressional inaction, with quotes but limited independent evidence. Altman's CEO status gives high ethos with tech/policy audiences. Little emotional language; mostly measured, policy-oriented commentary."
335,a71ebfe1d8138b63,The New Yorker,print_digital,en,Susan Te Kahurangi King’s Way of Seeing,https://www.newyorker.com/magazine/2026/09/07/susan-te-kahurangi-kings-way-of-seeing,2026-08-30T10:00:00+00:00,0.00003922,0.067000,0.600000,0.00000158,10275.000000,,4,6,8,18,other:0.90; healthcare:0.10,score_v2,scope_global,full_text,paywalled,5862,page_fetch,"monthly visits / DIGITAL_ITEMS_PER_MONTH (UNADJUSTED: worldwide visits, no US split published); a visit is not a read; flat across the outlet's items (no per-item signal)","A New Yorker profile of artist Susan Te Kahurangi King, rich in narrative detail, family history, and testimony from curators, gallerists, and relatives rather than formal argument. The writer's authority derives from firsthand access and reporting. Emotionally vivid throughout—covering illness, institutionalization, family loss, and artistic revelation."
336,3fa03ba6483e163c,The Daily Wire,print_digital,en,news / exclusive-china-dsa-and-unions-are-teaming-up-to-transform-america-conservative-group-warns,https://www.dailywire.com/news/exclusive-china-dsa-and-unions-are-teaming-up-to-transform-america-conservative-group-warns,2026-09-03T11:29:07+00:00,0.00001703,0.196500,0.466667,0.00000156,4462.500000,,4,5,5,14,economy:0.40; foreign_policy_wars:0.35; government_leadership:0.25,score_v2,scope_global,full_text,open,698,rss_fulltext,"monthly visits / DIGITAL_ITEMS_PER_MONTH (UNADJUSTED: worldwide visits, no US split published); a visit is not a read; flat across the outlet's items (no per-item signal)","Cites think tank claims, Boeing strike details, and survey stats, but relies heavily on one-sided assertions from Independent Women without addressing counterarguments. Ethos comes from named institutional spokespeople, moderate standing. Pathos moderate via alarmist language about infiltration, national security threats, and 'servitude and misery.'"
337,78023bae29d68000,Daily Kos,print_digital,en,Jasmine Crockett’s down-ballot slate starts to take shape as she steers clear of Senate race,https://www.dailykos.com/stories/2026/9/3/800092946/news/jasmine-crocketts-down-ballot-slate-starts-to-take-shape-as-she-steers-clear-of-senate-race/,2026-09-03T13:00:00+00:00,0.00002047,0.155000,0.466667,0.00000148,5362.500000,,6,6,2,14,government_leadership:0.50; democracy_elections:0.50,score_v2,scope_global,full_text,open,773,page_fetch,"monthly visits / DIGITAL_ITEMS_PER_MONTH (UNADJUSTED: worldwide visits, no US split published); a visit is not a read; flat across the outlet's items (no per-item signal)","Straightforward campaign-strategy reporting with quotes, polling data, fundraising figures, and specific race details. Crockett has moderate ethos as a sitting congresswoman with a PAC; little emotional language, mostly factual and analytical framing of her down-ballot strategy versus Talarico."
338,4c1c425f67bb3619,The Daily Beast,print_digital,en,obsessed / gal-gadot-makes-embarrassing-confession-about-hosting-snl,https://www.thedailybeast.com/obsessed/gal-gadot-makes-embarrassing-confession-about-hosting-snl/,2026-09-03T18:01:57+00:00,0.00008616,0.070000,0.233333,0.00000141,22575.000000,,1,3,3,7,other:1.00,score_v2,scope_global,full_text,open,391,rss_fulltext,"monthly visits / DIGITAL_ITEMS_PER_MONTH (UNADJUSTED: worldwide visits, no US split published); a visit is not a read; flat across the outlet's items (no per-item signal)","Light celebrity gossip piece about Gal Gadot recounting her SNL hosting experience. No policy topics; purely entertainment anecdote. Minimal argumentation, moderate personal storytelling with some humor and light emotional color, mild celebrity name-recognition ethos."
339,e969a8b6764a41fa,The Daily Wire,print_digital,en,news / congress-just-admitted-a-key-9-11-security-gap-remains,https://www.dailywire.com/news/congress-just-admitted-a-key-9-11-security-gap-remains,2026-09-03T12:58:24+00:00,0.00001703,0.145500,0.566667,0.00000140,4462.500000,,8,6,3,17,foreign_policy_wars:0.40; immigration:0.35; government_leadership:0.25,score_v2,scope_global,full_text,open,1474,rss_fulltext,"monthly visits / DIGITAL_ITEMS_PER_MONTH (UNADJUSTED: worldwide visits, no US split published); a visit is not a read; flat across the outlet's items (no per-item signal)","Detailed, evidence-based account citing a House Intelligence Committee report, DHS rules, historical 9/11 Commission findings and statistics; relies on official/institutional authority rather than a personal voice; measured tone with limited emotional appeal beyond the 9/11 narrative recounting."
340,9dc3581607a9f9e0,Slate,print_digital,en,Meeting Gloria Steinem Was the Best Celebrity Interaction I Ever Had. Now I Understand Why.,https://slate.com/news-and-politics/2026/09/gloria-steinem-death-feminism-legacy-abortion.html?via=rss,2026-09-03T18:02:27+00:00,0.00004308,0.056000,0.566667,0.00000137,11287.500000,,3,6,8,17,abortion:0.55; ethics_morality:0.20; government_leadership:0.15; other:0.10,score_v2,scope_global,full_text,open,1175,page_fetch,"monthly visits / DIGITAL_ITEMS_PER_MONTH (UNADJUSTED: worldwide visits, no US split published); a visit is not a read; flat across the outlet's items (no per-item signal)","A personal tribute/memoir on Gloria Steinem's death, blending anecdote with feminist and abortion-rights history. Little argumentation beyond narrative claims; author's authority is journalistic/experiential; emotionally charged reflection on loss, legacy, and reproductive rights history dominates the piece."
341,537878c7057eac8f,Bloomberg,print_digital,en,Supreme Court Asked to Allow Mail Ballot Curbs for Midterms,https://www.bloomberg.com/news/articles/2026-09-03/doj-asks-supreme-court-to-allow-mail-ballot-curbs-for-midterms,2026-09-03T20:17:39+00:00,0.00008597,0.079000,0.200000,0.00000136,22525.000000,,2,3,1,6,democracy_elections:0.90; government_leadership:0.10,score_v2,ok,summary_only,paywalled,57,rss_summary,monthly visits / DIGITAL_ITEMS_PER_MONTH (already US-only (Semrush country split)); a visit is not a read; flat across the outlet's items (no per-item signal),"Headline/summary only, no article body. States basic facts of a legal filing with minimal reasoning or emotional language; no named speaker beyond institutional actors, limiting authority assessment."
342,5f9b5c031ddbff6f,Daily Kos,print_digital,en,Trump trashes Paxton—but wants Texans to still vote for him,https://www.dailykos.com/stories/2026/9/3/800093440/news/trump-trashes-paxton-but-wants-texans-to-still-vote-for-him/,2026-09-03T15:30:00+00:00,0.00002047,0.123500,0.533333,0.00000135,5362.500000,,5,6,5,16,democracy_elections:0.55; government_leadership:0.35; ethics_morality:0.10,score_v2,scope_global,full_text,open,544,page_fetch,"monthly visits / DIGITAL_ITEMS_PER_MONTH (UNADJUSTED: worldwide visits, no US split published); a visit is not a read; flat across the outlet's items (no per-item signal)","Article cites specific facts—Paxton's impeachment charges, fraud settlement, divorce filing, poll numbers—while quoting Trump directly. Author's own authority stems from journalistic reporting/analysis, not personal celebrity. Moderate emotional tone via mocking language ('humiliating,' 'backhanded compliments') and derision of Paxton's scandals and Trump's contradictions."
343,a4d417d9b179ca88,Salon,print_digital,en,09 / 03 / laura-loomer-is-magas-last-woman-standing,https://www.salon.com/2026/09/03/laura-loomer-is-magas-last-woman-standing/,2026-09-03T10:30:42+00:00,0.00001403,0.169000,0.566667,0.00000134,3675.000000,,5,4,8,17,government_leadership:0.55; immigration:0.15; race_relations:0.15; other:0.15,score_v2,scope_global,full_text,open,1336,rss_fulltext,"monthly visits / DIGITAL_ITEMS_PER_MONTH (UNADJUSTED: worldwide visits, no US split published); a visit is not a read; flat across the outlet's items (no per-item signal)","Opinion piece citing named examples, incidents, and quotes to build a causal narrative about Loomer's influence, but one-sided and interpretive. No personal authority claimed beyond outlet's reporting. Language is vivid, contemptuous, and emotionally charged throughout ('feral,' 'cannibalism,' 'cruelty, bigotry')."
344,d9fb42c1af1ee0a0,The New Yorker,print_digital,en,Mark Zuckerberg’s Social Reckoning,https://www.newyorker.com/magazine/2026/09/07/mark-zuckerbergs-social-reckoning,2026-08-30T10:00:00+00:00,0.00003922,0.056500,0.600000,0.00000133,10275.000000,,7,6,5,18,ai_technology:0.55; government_leadership:0.15; democracy_elections:0.15; ethics_morality:0.15,score_v2,scope_global,full_text,paywalled,1073,page_fetch,"monthly visits / DIGITAL_ITEMS_PER_MONTH (UNADJUSTED: worldwide visits, no US split published); a visit is not a read; flat across the outlet's items (no per-item signal)","Essay marshals legal evidence, settlement details, testimony, and comparisons (tobacco, Aschenbrenner, OpenAI) to build a reasoned argument about tech accountability. Author writes with New Yorker institutional authority but no strong personal brand cited. Moderate emotional charge via 'reckoning,' 'scourge,' 'panicked public response' language, though largely analytical."
345,335ba4d25f3207b0,The Epoch Times,print_digital,en,"3 Hurricanes Churn in Pacific, One May Head for Hawaii",https://www.theepochtimes.com/science/3-hurricanes-churn-in-pacific-one-may-head-for-hawaii-6083015,2026-09-03T18:12:19+00:00,0.00003850,0.064000,0.533333,0.00000131,10087.500000,,8,6,2,16,other:0.90; environment:0.10,score_v2,scope_global,full_text,open,495,page_fetch,"monthly visits / DIGITAL_ITEMS_PER_MONTH (UNADJUSTED: worldwide visits, no US split published); a visit is not a read; flat across the outlet's items (no per-item signal)","Straightforward weather reporting with specific data (wind speeds, distances, forecasts) from NHC. Institutional authority (NHC) lends credibility. Minimal emotional language; factual and technical, though safety warnings add mild urgency for Hawaii residents."
346,6af7c213384e13d2,The Daily Wire,print_digital,en,news / prairie-populist-dem-josh-turek-voted-to-hurt-one-of-his-states-biggest-industries,https://www.dailywire.com/news/prairie-populist-dem-josh-turek-voted-to-hurt-one-of-his-states-biggest-industries,2026-09-03T11:39:15+00:00,0.00001703,0.176500,0.433333,0.00000130,4462.500000,,5,4,4,13,economy:0.40; government_leadership:0.25; democracy_elections:0.25; other:0.10,score_v2,scope_global,full_text,open,736,rss_fulltext,"monthly visits / DIGITAL_ITEMS_PER_MONTH (UNADJUSTED: worldwide visits, no US split published); a visit is not a read; flat across the outlet's items (no per-item signal)","Article cites a specific bill, vote tally, polling data, and quotes from a farmer and campaign officials, offering moderate evidence but one-sided framing against Turek. No named institutional authority beyond quoted sources; moderate emotional charge via 'disaster,' 'disqualifying,' 'fake meat' language."
347,d59ddfdefcf60fa0,Newsweek,print_digital,en,Mamdani cracks down on AI in schools: Map of districts taking similar steps,https://www.newsweek.com/mamdani-cracks-down-on-ai-in-schools-map-of-districts-taking-similar-steps-12397563,2026-09-03T04:45:00+00:00,0.00008822,0.034000,0.433333,0.00000130,23112.500000,,6,5,2,13,education:0.60; ai_technology:0.35; government_leadership:0.05,score_v2,scope_global,full_text,paywalled,1223,page_fetch,"monthly visits / DIGITAL_ITEMS_PER_MONTH (UNADJUSTED: worldwide visits, no US split published); a visit is not a read; flat across the outlet's items (no per-item signal)","News report presenting policy details, quotes from officials, comparative district data, and expert commentary on risks/benefits. No single dominant authoritative voice for the outlet's own audience; moderate evidence via examples and expert quotes; low emotional intensity, mostly factual reporting."
348,68145db5a945baee,TheBlaze,print_digital,en,the-glenn-beck-program / glenn-beck-reacts-to-mamdani-fans-idiotic-grocery-store-plot,https://www.theblaze.com/shows/the-glenn-beck-program/glenn-beck-reacts-to-mamdani-fans-idiotic-grocery-store-plot,2026-09-03T17:30:00+00:00,0.00001174,0.220000,0.500000,0.00000129,3075.000000,,3,6,6,15,economy:0.60; government_leadership:0.30; other:0.10,score_v2,scope_global,full_text,open,409,rss_fulltext,"monthly visits / DIGITAL_ITEMS_PER_MONTH (UNADJUSTED: worldwide visits, no US split published); a visit is not a read; flat across the outlet's items (no per-item signal)","Beck mocks a viral clip, offers speculative interpretation of intent rather than evidence, and uses mocking laughter and rhetorical framing ('seize the means of production'). His established talk-radio persona gives him ethos with his audience, but argument is thin and emotionally charged."
349,901808a36e2512b0,Breitbart,print_digital,en,"New York City Schools Bans Student AI Use Through 8th Grade, Limit Screentime in Classroom",https://www.breitbart.com/tech/2026/09/03/new-york-city-schools-bans-student-ai-use-through-8th-grade-limit-screentime-in-classroom/,2026-09-03T15:44:24+00:00,0.00013268,0.029000,0.333333,0.00000128,34762.500000,,5,3,2,10,ai_technology:0.60; education:0.35; government_leadership:0.05,score_v2,ok,full_text,open,516,page_fetch,monthly visits / DIGITAL_ITEMS_PER_MONTH (already US-only (Semrush country split)); a visit is not a read; flat across the outlet's items (no per-item signal),"Straight news report on NYC DOE policy, citing officials, timeline of guidance revisions, union and coalition positions. Some evidence/detail but no deep analysis. Ends with promotional plug for Breitbart writer's book, adding partisan framing without changing factual tone."
350,4708dea65c998729,Business Insider,print_digital,en,largest-college-enrollment-every-state-2026-8,https://www.businessinsider.com/largest-college-enrollment-every-state-2026-8,2026-09-03T17:01:11+00:00,0.00012739,0.030000,0.333333,0.00000127,33375.000000,,6,4,0,10,education:1.00,score_v2,ok,full_text,open,1228,rss_fulltext,monthly visits / DIGITAL_ITEMS_PER_MONTH (already US-only (Semrush country split)); a visit is not a read; flat across the outlet's items (no per-item signal),"Purely data-driven ranking using Department of Education IPEDS statistics, methodology explained, no emotional language, no named authoritative speaker beyond outlet compiling public data."
351,bd6c86838ab6d915,Bloomberg,print_digital,en,Alger EVP: Still Massive Opportunity for AI,https://www.bloomberg.com/news/videos/2026-09-03/alger-evp-still-massive-opportunity-for-ai-video,2026-09-03T22:45:53+00:00,0.00008597,0.054000,0.266667,0.00000124,22525.000000,,2,5,1,8,ai_technology:0.80; economy:0.20,score_v2,ok,summary_only,paywalled,79,rss_summary,monthly visits / DIGITAL_ITEMS_PER_MONTH (already US-only (Semrush country split)); a visit is not a read; flat across the outlet's items (no per-item signal),"Brief summary of an expert's investment commentary on AI infrastructure; minimal argument detail, moderate professional authority as a portfolio manager, and largely flat, non-emotional tone typical of financial market commentary."
352,de9ce2abdcf874a2,Vox,print_digital,en,politics / 501428 / supreme-court-ballroom-standing-national-park-service-trump,https://www.vox.com/politics/501428/supreme-court-ballroom-standing-national-park-service-trump,2026-08-31T21:45:00+00:00,0.00001312,0.136000,0.633333,0.00000113,3437.500000,,8,6,5,19,democracy_elections:0.60; government_leadership:0.40,score_v2,ok,full_text,open,787,rss_fulltext,monthly visits / DIGITAL_ITEMS_PER_MONTH (already US-only (Semrush country split)); a visit is not a read; flat across the outlet's items (no per-item signal),"Detailed legal analysis with case citations (Lujan, Friends of Earth), quotes from dissent, and reasoned critique of majority's logic. Author writes as legal analyst with clear expertise/authority in court reporting. Sardonic, indignant tone ('Welp') adds moderate emotional charge without dominating substance."
353,0830d9b7b91035e6,Axios,print_digital,en,09 / 03 / brain-implants-elon-musk-neuralink-china-us,https://www.axios.com/2026/09/03/brain-implants-elon-musk-neuralink-china-us,2026-09-03T09:30:07+00:00,0.00005940,0.039500,0.466667,0.00000109,15562.500000,,7,5,2,14,ai_technology:0.55; healthcare:0.25; foreign_policy_wars:0.20,score_v2,ok,full_text,open,646,rss_fulltext,monthly visits / DIGITAL_ITEMS_PER_MONTH (already US-only (Semrush country split)); a visit is not a read; flat across the outlet's items (no per-item signal),"Axios-style news brief citing a Congressional commission report, quotes from Sen. Young, regulatory details, and specific facts about BCI development timelines and China's approvals. Measured, low-emotion tone; authority derives from institutional sourcing rather than a personal voice."
354,93087043f22353ac,ProPublica,print_digital,en,article / western-north-carolina-helene-mobile-home-fema-recovery,https://www.propublica.org/article/western-north-carolina-helene-mobile-home-fema-recovery,2026-09-02T09:00:00+00:00,0.00001283,0.112000,0.733333,0.00000105,3362.500000,,8,6,8,22,government_leadership:0.35; poverty_homelessness:0.30; environment:0.20; other:0.15,score_v2,scope_global,full_text,open,2917,rss_fulltext,"monthly visits / DIGITAL_ITEMS_PER_MONTH (UNADJUSTED: worldwide visits, no US split published); a visit is not a read; flat across the outlet's items (no per-item signal)","Investigative piece with extensive documented history, interviews, policy detail, and comparative examples across states—strong evidentiary structure. ProPublica/Assembly byline gives institutional credibility though no single authoritative narrator voice. Vivid survivor narratives (drowning wife, flooding) generate high emotional intensity throughout."
355,a65d80125bf2c6eb,TheBlaze,print_digital,en,51% chance Democrats sweep House and Senate — and it’s the Republicans' fault,https://www.theblaze.com/shows/pat-gray-unleashed/51-chance-dems-sweep-house-senate-its-republicans-fault,2026-09-03T14:00:00+00:00,0.00001174,0.207000,0.433333,0.00000105,3075.000000,,2,6,5,13,government_leadership:0.55; economy:0.25; democracy_elections:0.20,score_v2,scope_global,full_text,open,418,page_fetch,"monthly visits / DIGITAL_ITEMS_PER_MONTH (UNADJUSTED: worldwide visits, no US split published); a visit is not a read; flat across the outlet's items (no per-item signal)","Mostly assertion and frustration about congressional dysfunction, citing a betting-market prediction rather than substantive evidence. Pat Gray's established BlazeTV following gives moderate ethos with his audience. Pathos is moderate via exasperated, sarcastic tone ('unacceptable,' 'insane').”}"
356,859b309b9bfb88e1,The Free Press,print_digital,en,p / rep-tom-suozzi-democratic-party-dsa-threat,https://www.thefp.com/p/rep-tom-suozzi-democratic-party-dsa-threat,2026-09-01T23:42:48+00:00,0.00000835,0.207000,0.600000,0.00000104,2187.500000,,5,7,6,18,government_leadership:0.55; economy:0.25; democracy_elections:0.20,score_v2,ok,full_text,open,304,rss_fulltext,monthly visits / DIGITAL_ITEMS_PER_MONTH (already US-only (Semrush country split)); a visit is not a read; flat across the outlet's items (no per-item signal),"Suozzi cites DSA membership numbers and historical parallels (Goldwater 1964) to argue against far-left drift, but reasoning is thin and one-sided. As a sitting Congressman with a defined faction, he has credible ethos with intra-party moderates. Language like 'mad as hell' and warnings of danger add moderate emotional charge."
357,2c4c23c55765ec49,The Daily Wire,print_digital,en,news / no-kings-network-exposed-as-major-force-behind-data-center-flock-opposition,https://www.dailywire.com/news/no-kings-network-exposed-as-major-force-behind-data-center-flock-opposition,2026-09-03T12:26:28+00:00,0.00001703,0.097000,0.600000,0.00000099,4462.500000,,7,6,5,18,ai_technology:0.30; government_leadership:0.25; foreign_policy_wars:0.20; crime:0.15; democracy_elections:0.10,score_v2,scope_global,full_text,open,873,rss_fulltext,"monthly visits / DIGITAL_ITEMS_PER_MONTH (UNADJUSTED: worldwide visits, no US split published); a visit is not a read; flat across the outlet's items (no per-item signal)","Article cites a commissioned report with statistics, quotes officials and an ex-NSA official, and details congressional probes, giving solid evidentiary structure. Ethos comes from named institutions and officials but no single authoritative narrator. Pathos moderate via charged terms like 'cognitive warfare' and 'Marxist network.'"
358,fb0dbdae7967c05a,ProPublica,print_digital,en,article / doj-blocks-charges-ice-agent-minneapolis-julio-cesar-sosa-celis,https://www.propublica.org/article/doj-blocks-charges-ice-agent-minneapolis-julio-cesar-sosa-celis,2026-09-03T01:14:00+00:00,0.00001283,0.127500,0.600000,0.00000098,3362.500000,,7,6,5,18,immigration:0.45; government_leadership:0.30; crime:0.15; democracy_elections:0.10,score_v2,scope_global,full_text,open,918,rss_fulltext,"monthly visits / DIGITAL_ITEMS_PER_MONTH (UNADJUSTED: worldwide visits, no US split published); a visit is not a read; flat across the outlet's items (no per-item signal)","Investigative piece citing internal emails, named prosecutor, court documents, prior ProPublica analysis, and officials' statements. ProPublica's institutional authority and direct quotes give solid ethos; emotionally charged details (children present, shooting through door) add moderate pathos without dominating the reporting."
359,fa90ccfd80a56564,Salon,print_digital,en,09 / 03 / trumps-cruelest-act-yet-haitians-are-being-deported-into-total-chaos,https://www.salon.com/2026/09/03/trumps-cruelest-act-yet-haitians-are-being-deported-into-total-chaos/,2026-09-03T13:00:52+00:00,0.00001403,0.114500,0.600000,0.00000096,3675.000000,,5,4,9,18,immigration:0.70; foreign_policy_wars:0.15; government_leadership:0.10; ethics_morality:0.05,score_v2,scope_global,full_text,open,1512,rss_fulltext,"monthly visits / DIGITAL_ITEMS_PER_MONTH (UNADJUSTED: worldwide visits, no US split published); a visit is not a read; flat across the outlet's items (no per-item signal)","Uses State Dept advisories, Reuters death tolls, TPS history and quotes from Homan/Vance/Trump as evidence, but frames one-sidedly as opinion column. No named institutional voice beyond Salon; emotionally charged with terms like 'ethnic cleansing,' a suicide anecdote, and moral condemnation throughout."
360,e2ebb9fc4f4eca3a,Daily Kos,print_digital,en,Markwayne Mullin is clearly in over his head,https://www.dailykos.com/stories/2026/9/3/800093471/videos/markwayne-mullin-pregnant-immigrants-fox-news/,2026-09-03T17:30:00+00:00,0.00002047,0.101500,0.433333,0.00000090,5362.500000,,2,4,7,13,immigration:0.75; crime:0.15; government_leadership:0.10,score_v2,scope_global,full_text,open,323,page_fetch,"monthly visits / DIGITAL_ITEMS_PER_MONTH (UNADJUSTED: worldwide visits, no US split published); a visit is not a read; flat across the outlet's items (no per-item signal)","Mocking opinion piece attacking Mullin's competence and honesty; relies on ridicule and name-calling rather than evidence, with minimal counter-argument beyond quoting and mocking his claims. Author's authority derives from partisan outlet credibility only."
361,a77abfb6692d15e3,The Daily Wire,print_digital,en,news / watch-crying-girls-heartbreaking-admission-after-illegal-immigrants-pour-in,https://www.dailywire.com/news/watch-crying-girls-heartbreaking-admission-after-illegal-immigrants-pour-in,2026-09-03T12:25:01+00:00,0.00001703,0.104500,0.500000,0.00000089,4462.500000,,3,3,9,15,immigration:0.65; crime:0.20; government_leadership:0.15,score_v2,scope_global,full_text,open,410,rss_fulltext,"monthly visits / DIGITAL_ITEMS_PER_MONTH (UNADJUSTED: worldwide visits, no US split published); a visit is not a read; flat across the outlet's items (no per-item signal)","Relies on emotive anecdote (crying girl), dramatic language, and crime statistics from a prosecutor to build a vivid, fear-driven narrative. Little engagement with counterarguments or policy nuance; sourcing thin, no named byline outlet authority beyond generic news framing."
362,f6e7a29e5b7eae71,TheBlaze,print_digital,en,news / cnn-torched-for-slanderous-attempt-to-blame-deadly-nepal-floods-on-you-guessed-it-the-trump-admin,https://www.theblaze.com/news/cnn-torched-for-slanderous-attempt-to-blame-deadly-nepal-floods-on-you-guessed-it-the-trump-admin,2026-09-03T15:40:00+00:00,0.00001174,0.131000,0.566667,0.00000087,3075.000000,,6,5,6,17,government_leadership:0.35; other:0.25; foreign_policy_wars:0.20; environment:0.20,score_v2,scope_global,full_text,open,792,rss_fulltext,"monthly visits / DIGITAL_ITEMS_PER_MONTH (UNADJUSTED: worldwide visits, no US split published); a visit is not a read; flat across the outlet's items (no per-item signal)","Blaze News marshals quotes, State Dept rebuttal, scientist statements, and edit history to argue CNN unfairly blamed Trump for Nepal floods. Moderate evidence-based argument, outlet/partisan ethos, notable indignant tone ('propaganda,' 'slanderous,' 'idiotic') driving emotional intensity."
363,ec9483534eb5d9b4,ProPublica,print_digital,en,article / ice-detention-judges-habeas-petitions,https://www.propublica.org/article/ice-detention-judges-habeas-petitions,2026-09-03T09:00:00+00:00,0.00001283,0.101000,0.666667,0.00000086,3362.500000,,8,6,6,20,immigration:0.55; democracy_elections:0.35; government_leadership:0.10,score_v2,scope_global,full_text,open,2596,rss_fulltext,"monthly visits / DIGITAL_ITEMS_PER_MONTH (UNADJUSTED: worldwide visits, no US split published); a visit is not a read; flat across the outlet's items (no per-item signal)","ProPublica presents extensive data analysis of 70,000+ habeas cases, district comparisons, named judges, statistics, and multiple sourced quotes from lawyers, DHS, and detainees' families. Investigative outlet authority is solid but not personality-driven. Pathos moderate via personal testimony from Nafikov family and detainee suffering."
364,b28ad5c898dbe8e2,Salon,print_digital,en,09 / 02 / lake-america-is-trumps-freedom-fries,https://www.salon.com/2026/09/02/lake-america-is-trumps-freedom-fries/,2026-09-02T14:30:51+00:00,0.00001403,0.152000,0.400000,0.00000085,3675.000000,,4,4,4,12,government_leadership:0.40; other:0.40; foreign_policy_wars:0.20,score_v2,scope_global,full_text,open,956,rss_fulltext,"monthly visits / DIGITAL_ITEMS_PER_MONTH (UNADJUSTED: worldwide visits, no US split published); a visit is not a read; flat across the outlet's items (no per-item signal)","An essayistic cultural-history piece linking Freedom Fries to Lake America renaming, using historical anecdotes and light argument rather than data. Author writes with personal voice but no strong institutional authority; tone is wry, mildly satirical rather than emotionally charged, aimed at commentary/entertainment rather than persuasion via evidence."
365,634c05f1ec10eaaa,Washington Examiner,print_digital,en,campaigns / 4712051 / gop-midterm-convention-organizers-late-push-fill-arena,https://www.washingtonexaminer.com/news/campaigns/4712051/gop-midterm-convention-organizers-late-push-fill-arena/,2026-09-03T17:21:45+00:00,0.00000868,0.244000,0.400000,0.00000085,2275.000000,,4,5,3,12,government_leadership:0.70; economy:0.30,score_v2,ok,full_text,open,711,rss_fulltext,monthly visits / DIGITAL_ITEMS_PER_MONTH (already US-only (Semrush country split)); a visit is not a read; flat across the outlet's items (no per-item signal),"Article uses named/anonymous sources, specific figures (ticket costs, arena capacity) to document convention troubles—moderate evidence. Sources include RNC spokeswoman and operatives with insider access, giving moderate ethos. Some colorful quotes ('grift,' 'kidding') add mild emotional color but overall tone is measured reporting."
366,63d499f12cfc735c,The Epoch Times,print_digital,en,"IRS, Treasury Propose Cutting Tax-Exempt Status for Schools With Diversity Policies",https://www.theepochtimes.com/us/irs-treasury-propose-cutting-tax-exempt-status-for-schools-with-diversity-policies-6083016,2026-09-03T16:46:13+00:00,0.00003850,0.055000,0.400000,0.00000085,10087.500000,,4,6,2,12,education:0.60; race_relations:0.30; government_leadership:0.10,score_v2,scope_global,full_text,open,463,page_fetch,"monthly visits / DIGITAL_ITEMS_PER_MONTH (UNADJUSTED: worldwide visits, no US split published); a visit is not a read; flat across the outlet's items (no per-item signal)","Reports a policy proposal with quotes from Treasury and IRS officials explaining rationale, but offers little independent evidence or counterargument. Ethos derives from official government sources (Bessent, Bisignano). Emotional tone is low; language is bureaucratic and factual rather than charged."
367,9ab62d132d7593a3,Daily Kos,print_digital,en,Musk spends his dirty money in key midterm races,https://www.dailykos.com/stories/2026/9/3/800093531/elections/musk-america-pac-dirty-money-first-spending/,2026-09-03T18:00:00+00:00,0.00002047,0.095500,0.433333,0.00000085,5362.500000,,3,3,7,13,democracy_elections:0.45; government_leadership:0.25; ethics_morality:0.15; ai_technology:0.15,score_v2,scope_global,full_text,open,518,page_fetch,"monthly visits / DIGITAL_ITEMS_PER_MONTH (UNADJUSTED: worldwide visits, no US split published); a visit is not a read; flat across the outlet's items (no per-item signal)","Opinion piece uses loaded language ('dirty money', 'racist billionaire') with some factual reporting on FEC filings and ad content, but little sustained argument or engagement with opposing views. No strong personal authority beyond generic outlet voice; emotional framing drives the piece."
368,949126fb075167ef,Newsweek,print_digital,en,"Lindsay Clancy Likely 'Heading To A Mistrial', Attorney Says",https://www.newsweek.com/lindsay-clancy-likely-heading-to-a-mistrial-attorney-says-12397652,2026-09-03T04:45:00+00:00,0.00008822,0.016000,0.600000,0.00000085,23112.500000,,7,6,5,18,crime:0.85; healthcare:0.10; other:0.05,score_v2,scope_global,full_text,paywalled,2431,page_fetch,"monthly visits / DIGITAL_ITEMS_PER_MONTH (UNADJUSTED: worldwide visits, no US split published); a visit is not a read; flat across the outlet's items (no per-item signal)","Detailed legal analysis via two named attorneys explaining trial procedure, jury deadlock mechanics, and insanity-defense standards; grounded in facts and expert quotes rather than raw assertion. Ethos moderate via credentialed legal experts, not celebrity figures. Pathos present through references to children's deaths and Clancy's suicide attempt/paralysis, but restrained overall."
369,baa0b8fc9a16d26f,Vox,print_digital,en,politics / 501833 / abdul-el-sayed-hasan-piker-temple-israel-jews,https://www.vox.com/politics/501833/abdul-el-sayed-hasan-piker-temple-israel-jews,2026-09-03T14:35:00+00:00,0.00001312,0.112000,0.566667,0.00000083,3437.500000,,6,6,5,17,race_relations:0.35; foreign_policy_wars:0.35; government_leadership:0.20; democracy_elections:0.10,score_v2,ok,full_text,open,2126,rss_fulltext,monthly visits / DIGITAL_ITEMS_PER_MONTH (already US-only (Semrush country split)); a visit is not a read; flat across the outlet's items (no per-item signal),"Interview format with detailed factual recounting, testimony from a named Democratic fundraiser, and reasoned argument about antisemitism/anti-Zionism distinctions. Gaba's personal standing lends moderate ethos; emotional charge around antisemitism, violence, and betrayal gives moderate pathos."
370,51e52475acef0bd7,ProPublica,print_digital,en,article / kratom-legalization-christopher-mccurdy-research-conflict-of-interest-aka,https://www.propublica.org/article/kratom-legalization-christopher-mccurdy-research-conflict-of-interest-aka,2026-09-01T14:35:00+00:00,0.00001283,0.098500,0.633333,0.00000080,3362.500000,,9,6,4,19,healthcare:0.55; government_leadership:0.25; other:0.20,score_v2,scope_global,full_text,open,2247,rss_fulltext,"monthly visits / DIGITAL_ITEMS_PER_MONTH (UNADJUSTED: worldwide visits, no US split published); a visit is not a read; flat across the outlet's items (no per-item signal)","Investigative piece with documents, emails, statistics, named sources on multiple sides, and detailed chronology. ProPublica's institutional authority underpins credibility. Emotional intensity moderate via death/addiction anecdotes, but mostly restrained, evidence-driven reporting rather than affect-driven."
371,0e06a64518e00686,Vox,print_digital,en,today-explained-newsletter / 501396 / us-military-readiness-iran-war,https://www.vox.com/today-explained-newsletter/501396/us-military-readiness-iran-war,2026-08-31T21:05:23+00:00,0.00001312,0.130500,0.466667,0.00000080,3437.500000,,5,5,4,14,foreign_policy_wars:0.85; government_leadership:0.10; other:0.05,score_v2,ok,full_text,open,631,rss_fulltext,monthly visits / DIGITAL_ITEMS_PER_MONTH (already US-only (Semrush country split)); a visit is not a read; flat across the outlet's items (no per-item signal),"Cites Washington Post reporting, military commander warnings, and specific strategic risks (resource strain, morale, missile stockpiles). Vox institutional voice, newsletter tone with wry, sardonic commentary on Trump's fabrications adds emotional/ironic color without heavy evidence engagement or counterarguments."
372,c5f2af5d6e503aa9,RealClearPolitics,print_digital,en,Big-Money Bust May Be a Game Changer,https://www.realclearpolitics.com/2026/09/03/big-money_bust_may_be_a_game_changer_709887.html,2026-09-03T20:31:07+00:00,0.00002204,0.155000,0.233333,0.00000080,5775.000000,,2,3,2,7,government_leadership:0.50; democracy_elections:0.50,score_v2,scope_global,summary_only,paywalled,67,rss_summary,"monthly visits / DIGITAL_ITEMS_PER_MONTH (UNADJUSTED: worldwide visits, no US split published); a visit is not a read; flat across the outlet's items (no per-item signal)","Brief headline/summary citing one data point (exit poll favorables) about Harris's campaign spending; minimal argument development, no identified authoritative speaker, low emotional charge given fragment nature and paywall limitation."
373,1cfb137e5e73967d,The Daily Wire,print_digital,en,news / lutnick-gives-g20-nations-a-gift-with-a-powerful-9-11-tribute,https://www.dailywire.com/news/lutnick-gives-g20-nations-a-gift-with-a-powerful-9-11-tribute,2026-09-03T11:54:07+00:00,0.00001703,0.081000,0.566667,0.00000078,4462.500000,,3,6,8,17,foreign_policy_wars:0.40; ai_technology:0.35; ethics_morality:0.15; government_leadership:0.10,score_v2,scope_global,full_text,open,531,rss_fulltext,"monthly visits / DIGITAL_ITEMS_PER_MONTH (UNADJUSTED: worldwide visits, no US split published); a visit is not a read; flat across the outlet's items (no per-item signal)","Mostly personal narrative and anecdote about 9/11 loss, minimal evidence/argument beyond quotes; Lutnick's authority stems from his office and personal tragedy, giving him credibility with this audience; emotional weight is high due to personal loss and tribute details."
374,24b1ef37ed239b40,RealClearPolitics,print_digital,en,Trump's Midterm Plan Includes Heavy Emphasis on Himself,https://www.realclearpolitics.com/2026/09/03/trumps_midterm_plan_includes_heavy_emphasis_on_himself_709921.html,2026-09-03T20:30:20+00:00,0.00002204,0.174000,0.200000,0.00000077,5775.000000,,1,3,2,6,government_leadership:0.60; democracy_elections:0.40,score_v2,scope_global,summary_only,paywalled,29,rss_summary,"monthly visits / DIGITAL_ITEMS_PER_MONTH (UNADJUSTED: worldwide visits, no US split published); a visit is not a read; flat across the outlet's items (no per-item signal)","Headline/summary only, no evidence or argument presented, just a framing claim about Trump's midterm strategy. No named speaker's personal authority invoked, only institutional (outlet) standing. Mild ironic tone ('Oddly enough') adds slight emotional color but overall flat."
375,cf4de2694fb2b161,Washington Examiner,print_digital,en,white-house / 4711818 / trump-treasonous-scum-whistleblowers-us-munitions-shortage-iran-war,https://www.washingtonexaminer.com/news/white-house/4711818/trump-treasonous-scum-whistleblowers-us-munitions-shortage-iran-war/,2026-09-03T15:54:35+00:00,0.00000868,0.165500,0.533333,0.00000077,2275.000000,,3,7,6,16,foreign_policy_wars:0.65; government_leadership:0.35,score_v2,ok,full_text,open,376,rss_fulltext,monthly visits / DIGITAL_ITEMS_PER_MONTH (already US-only (Semrush country split)); a visit is not a read; flat across the outlet's items (no per-item signal),"Trump asserts munitions abundance and attacks critics as 'treasonous' with little evidence, mostly assertion. His presidential authority gives high ethos with his base. Emotional charge via accusations of treason and blame; article adds counter-evidence from a former official."
376,25edcb7cc3162d2e,Reason,print_digital,en,09 / 03 / my-new-usa-today-article-on-dangerous-similarities-between-democratic-socialists-and-maga-nationalists,https://reason.com/volokh/2026/09/03/my-new-usa-today-article-on-dangerous-similarities-between-democratic-socialists-and-maga-nationalists/,2026-09-03T14:24:16+00:00,0.00000711,0.190000,0.566667,0.00000077,1862.500000,,6,6,5,17,economy:0.45; government_leadership:0.25; democracy_elections:0.20; foreign_policy_wars:0.10,score_v2,scope_global,full_text,open,728,rss_fulltext,"monthly visits / DIGITAL_ITEMS_PER_MONTH (UNADJUSTED: worldwide visits, no US split published); a visit is not a read; flat across the outlet's items (no per-item signal)","The op-ed offers historical examples (Venezuela, Cuba, refugee flows) and comparative reasoning about socialism and nationalism, but is one-sided polemic without engaging strongest counterarguments. Author is a known legal/economics commentator (Somin) writing in USA Today, giving moderate authority. Language is charged ('dangerous,' 'grave harm,' 'despots').”}]}, "
377,36991905986a1db8,Salon,print_digital,en,09 / 03 / new-mail-voting-rules-moved-forward-despite-usps-officials-concerns-about-mass-disenfranchisement-partner,https://www.salon.com/2026/09/03/new-mail-voting-rules-moved-forward-despite-usps-officials-concerns-about-mass-disenfranchisement-partner/,2026-09-03T10:00:14+00:00,0.00001403,0.088500,0.600000,0.00000074,3675.000000,,8,6,4,18,democracy_elections:0.85; government_leadership:0.15,score_v2,scope_global,full_text,open,1322,rss_fulltext,"monthly visits / DIGITAL_ITEMS_PER_MONTH (UNADJUSTED: worldwide visits, no US split published); a visit is not a read; flat across the outlet's items (no per-item signal)","Investigative report citing whistleblower disclosures, internal meeting details, named experts, and official statements; ProPublica byline lends institutional credibility. Emotional charge comes from terms like 'mass disenfranchisement,' 'chaotic,' 'shit show,' but overall tone is measured, evidence-driven journalism rather than overt appeals to emotion."
378,83879a469235073a,The Free Press,print_digital,en,p / roy-cohn-trump-james-kirchick-american-scoundrel,https://www.thefp.com/p/roy-cohn-trump-james-kirchick-american-scoundrel,2026-09-02T20:43:27+00:00,0.00000835,0.148000,0.600000,0.00000074,2187.500000,,6,6,6,18,government_leadership:0.50; ethics_morality:0.30; other:0.20,score_v2,ok,full_text,open,337,rss_fulltext,monthly visits / DIGITAL_ITEMS_PER_MONTH (already US-only (Semrush country split)); a visit is not a read; flat across the outlet's items (no per-item signal),"Essay reviews a biography, using historical detail, quotes, and anecdotes to build a portrait of Roy Cohn and his ties to Trump. Vivid, colorful language ('notorious,' 'uglier soul') adds emotional charge; author's credibility rests on literary/journalistic voice rather than personal authority."
379,ca2be1628da56ace,The Federalist,print_digital,en,"The Wealth Gap Is Real, And Washington Created It",https://thefederalist.com/2026/09/03/the-wealth-gap-is-real-and-washington-created-it/?utm_source=rss&utm_medium=rss&utm_campaign=the-wealth-gap-is-real-and-washington-created-it,2026-09-03T11:31:46+00:00,0.00000525,0.200000,0.700000,0.00000073,1375.000000,,8,6,7,21,economy:0.55; government_leadership:0.20; education:0.15; inflation_cost_of_living:0.10,score_v2,scope_global,full_text,open,994,page_fetch,"monthly visits / DIGITAL_ITEMS_PER_MONTH (UNADJUSTED: worldwide visits, no US split published); a visit is not a read; flat across the outlet's items (no per-item signal)","Dense use of data (Fed wealth stats, M2 growth, tuition studies, debt ratios) and historical analogies builds a strong logical case; author cites 17 years in GOP politics and personal family history for authority; vivid personal narrative and warnings of societal collapse add emotional intensity."
380,7d41b0b1d498cfae,ProPublica,print_digital,en,article / mail-voting-usps-officials-concerns-disenfranchisement,https://www.propublica.org/article/mail-voting-usps-officials-concerns-disenfranchisement,2026-09-02T11:00:00+00:00,0.00001283,0.088500,0.633333,0.00000072,3362.500000,,8,7,4,19,democracy_elections:0.85; government_leadership:0.15,score_v2,scope_global,full_text,open,1369,rss_fulltext,"monthly visits / DIGITAL_ITEMS_PER_MONTH (UNADJUSTED: worldwide visits, no US split published); a visit is not a read; flat across the outlet's items (no per-item signal)","Investigative ProPublica piece with named/anonymous sources, whistleblower disclosure, official statements, technical detail on USPS rulemaking. Strong evidentiary structure (logos), institutional/journalistic authority plus quoted officials (ethos), moderate emotional charge via disenfranchisement warnings and quotes like 'shit show'."
381,197cceb3896153be,RealClearPolitics,print_digital,en,"In MI's 4th District, Very Different Visions for Affordability",https://www.realclearpolitics.com/2026/09/03/in_mis_4th_district_very_different_visions_for_affordability_709828.html,2026-09-03T20:34:09+00:00,0.00002204,0.162500,0.200000,0.00000072,5775.000000,,2,2,2,6,inflation_cost_of_living:0.50; economy:0.25; democracy_elections:0.15; environment:0.10,score_v2,scope_global,summary_only,paywalled,62,rss_summary,"monthly visits / DIGITAL_ITEMS_PER_MONTH (UNADJUSTED: worldwide visits, no US split published); a visit is not a read; flat across the outlet's items (no per-item signal)","Headline and brief summary only, listing issues (gas prices, electric bills, job losses, data centers) without evidence, argument, or identifiable authorial voice. Minimal emotional language; access limited to a paywalled snippet.'"
382,27f574591c0c62b3,Vox,print_digital,en,politics / 501579 / transgender-washington-midterms-ballot-measure-girls-sports-athlete,https://www.vox.com/politics/501579/transgender-washington-midterms-ballot-measure-girls-sports-athlete,2026-09-03T10:45:00+00:00,0.00001312,0.091000,0.600000,0.00000072,3437.500000,,8,5,5,18,other:0.55; democracy_elections:0.20; government_leadership:0.15; education:0.10,score_v2,ok,full_text,open,2322,rss_fulltext,monthly visits / DIGITAL_ITEMS_PER_MONTH (already US-only (Semrush country split)); a visit is not a read; flat across the outlet's items (no per-item signal),"Detailed reporting with polling data, legal text analysis, multiple stakeholder quotes, and policy history across states. No single dominant narrator; journalistic authority only. Emotional language appears via quotes (e.g., 'nightmare,' 'traumatizing') but overall tone remains analytical rather than driven by affect."
383,7f52ef36c55b4080,The Daily Caller,print_digital,en,Local Mom Dragged Into Court For Trying To Obtain Info On Secret Data Center Deals,https://dailycaller.com/2026/09/03/arkansas-data-center-entergy-google-arkansas-democrat-gazette-jessica-kivell-foia-documents,2026-09-03T17:43:41+00:00,0.00000897,0.149500,0.533333,0.00000072,2350.000000,,6,4,6,16,government_leadership:0.30; democracy_elections:0.25; economy:0.25; ai_technology:0.20,score_v2,scope_global,full_text,open,645,page_fetch,"monthly visits / DIGITAL_ITEMS_PER_MONTH (UNADJUSTED: worldwide visits, no US split published); a visit is not a read; flat across the outlet's items (no per-item signal)","Article presents documents, competing statements from Entergy, Google, and the newspaper, with specific figures and dueling calculations. No dominant named authoritative voice; standard news outlet. Emotional weight from Kivell's tearful court appearance adds moderate pathos."
384,0f856b71f8224233,Salon,print_digital,en,08 / 27 / senator-calls-for-criminal-investigation-into-rfk-jr-s-lies-to-congress-over-vaccines,https://www.salon.com/2026/08/27/senator-calls-for-criminal-investigation-into-rfk-jr-s-lies-to-congress-over-vaccines/,2026-08-27T23:36:03+00:00,0.00001403,0.095500,0.533333,0.00000071,3675.000000,,6,4,6,16,healthcare:0.60; government_leadership:0.25; democracy_elections:0.15,score_v2,scope_global,full_text,open,478,rss_fulltext,"monthly visits / DIGITAL_ITEMS_PER_MONTH (UNADJUSTED: worldwide visits, no US split published); a visit is not a read; flat across the outlet's items (no per-item signal)","Cites specific reporting (Guardian/AP letters), quotes officials and a law professor, details Samoa outbreak causally linked to Kennedy's visit. Emotional language ('trail of dead children', 'explosive diarrhea') adds intensity. No named institutional author speaking with personal authority beyond quoted sources."
385,0afe525c1485f02f,Daily Kos,print_digital,en,"Gloria Steinem, a potent voice of US feminism and co-founder of Ms. Magazine, dies at 92",https://www.dailykos.com/stories/2026/9/3/800093394/culture/gloria-steinem-a-potent-voice-of-us-feminism-and-co-founder-of-ms-magazine-dies-at-92/,2026-09-03T13:15:01+00:00,0.00002047,0.061000,0.566667,0.00000071,5362.500000,,2,9,6,17,other:0.55; abortion:0.15; ethics_morality:0.15; race_relations:0.10; government_leadership:0.05,score_v2,scope_global,full_text,open,2113,page_fetch,"monthly visits / DIGITAL_ITEMS_PER_MONTH (UNADJUSTED: worldwide visits, no US split published); a visit is not a read; flat across the outlet's items (no per-item signal)","An obituary narrating Steinem's life and quotes rather than arguing a case; little evidence-based reasoning (low logos). Her personal authority as a feminist icon is central to the piece's persuasive weight (high ethos). Emotional anecdotes about grief, hostility, and triumph add moderate pathos."
386,c9d99c11784409a4,The Hill,print_digital,en,Judge halts EPA effort to overturn California car rules,https://thehill.com/newsletters/energy-environment/6070522-judge-halts-epa-effort-to-overturn-california-car-rules/,2026-09-03T22:41:00+00:00,0.00011460,0.030000,0.200000,0.00000069,30025.000000,,2,3,1,6,environment:0.60; democracy_elections:0.40,score_v2,ok,summary_only,paywalled,65,rss_summary,monthly visits / DIGITAL_ITEMS_PER_MONTH (already US-only (Semrush country split)); a visit is not a read; flat across the outlet's items (no per-item signal),"Brief headline/summary with minimal factual detail: names judge, administration, and legal action but offers no evidence or reasoning. Institutional (court, EPA) authority present but no personal ethos-building. Emotionally flat, purely informational fragment.'}"
387,85a38fbaf9097855,The Daily Wire,print_digital,en,news / mom-lands-on-abuse-registry-for-letting-her-kid-take-a-walk,https://www.dailywire.com/news/mom-lands-on-abuse-registry-for-letting-her-kid-take-a-walk,2026-09-03T11:33:16+00:00,0.00001703,0.100000,0.400000,0.00000068,4462.500000,,3,3,6,12,crime:0.40; government_leadership:0.30; other:0.30,score_v2,scope_global,full_text,open,400,rss_fulltext,"monthly visits / DIGITAL_ITEMS_PER_MONTH (UNADJUSTED: worldwide visits, no US split published); a visit is not a read; flat across the outlet's items (no per-item signal)","Anecdotal single-case narrative with quotes from the mother and husband, no broader data or statistics. No prominent named authority beyond a local news source (Reason Magazine). Emotional framing around overreach, fear, and injustice drives the piece, evoking outrage at government/CPS overreach."
388,58cca68e8e8e37da,Reason,print_digital,en,09 / 03 / trump-is-taking-a-stake-in-venezuelas-oil-industry-and-this-crony-is-cashing-in,https://reason.com/2026/09/03/trump-is-taking-a-stake-in-venezuelas-oil-industry-and-this-crony-is-cashing-in/,2026-09-03T15:10:40+00:00,0.00000711,0.178000,0.533333,0.00000067,1862.500000,,8,5,3,16,foreign_policy_wars:0.50; economy:0.35; government_leadership:0.15,score_v2,scope_global,full_text,open,1375,rss_fulltext,"monthly visits / DIGITAL_ITEMS_PER_MONTH (UNADJUSTED: worldwide visits, no US split published); a visit is not a read; flat across the outlet's items (no per-item signal)","Detailed investigative piece with sourced facts, dates, figures, and cross-referenced reporting (WSJ, WaPo, Reuters, El País). Reason's institutional but not personally authoritative voice. Tone is critical but measured, using loaded terms like 'crony' and 'bunny out of a hat' for moderate emotional coloring."
389,ca77b8573cefdfe1,Jacobin,print_digital,en,2026 / 09 / us-economy-inequality-affordability-trump,https://jacobin.com/2026/09/us-economy-inequality-affordability-trump,2026-09-03T14:08:32+00:00,0.00000544,0.204000,0.600000,0.00000067,1425.000000,,8,6,4,18,economy:0.65; inflation_cost_of_living:0.15; government_leadership:0.10; ai_technology:0.10,score_v2,scope_global,full_text,open,1214,rss_fulltext,"monthly visits / DIGITAL_ITEMS_PER_MONTH (UNADJUSTED: worldwide visits, no US split published); a visit is not a read; flat across the outlet's items (no per-item signal)","Data-driven academic argument citing figures, wage/income trends, and historical analysis from an INET working paper, engaging counter-explanations like the 'China shock.' Ethos from institutional/academic authorship, not celebrity. Pathos moderate via terms like 'oligarchs,' 'squalor,' 'disillusionment.'"
390,519afa69210a3cc0,The Daily Caller,print_digital,en,Is The GOP Fundraising Apparatus Messing With Texas?,https://dailycaller.com/2026/09/02/ken-paxton-gop-fundraising-apparatus-nrsc-maga-slf-texas,2026-09-02T19:57:00+00:00,0.00000897,0.152000,0.466667,0.00000064,2350.000000,,6,5,3,14,democracy_elections:0.50; government_leadership:0.35; economy:0.15,score_v2,scope_global,full_text,open,1237,page_fetch,"monthly visits / DIGITAL_ITEMS_PER_MONTH (UNADJUSTED: worldwide visits, no US split published); a visit is not a read; flat across the outlet's items (no per-item signal)","Detailed reporting with polling data, fundraising figures, FEC data, and quoted officials; multiple sourced claims. No single dominant authoritative voice—mix of quotes from Cruz, Lee, NRSC spokesperson. Emotional intensity moderate via quoted rhetoric like 'communist lunatic' and 'weird socialist.'"
391,adce89d22b3835a2,Vox,print_digital,en,politics / 501146 / data-centers-bans-polls-ai,https://www.vox.com/politics/501146/data-centers-bans-polls-ai,2026-09-01T14:45:00+00:00,0.00001312,0.089000,0.533333,0.00000062,3437.500000,,8,5,3,16,ai_technology:0.55; economy:0.25; environment:0.10; government_leadership:0.10,score_v2,ok,full_text,open,1736,rss_fulltext,monthly visits / DIGITAL_ITEMS_PER_MONTH (already US-only (Semrush country split)); a visit is not a read; flat across the outlet's items (no per-item signal),"Data-driven analysis using polling, industry statistics, expert interviews (SemiAnalysis analyst, billionaire investor), and reasoning about causal dynamics. Author is a journalist without personal authority beyond publication credibility. Vivid metaphors ('gut-shot zombies') add moderate emotional color, but piece is mostly analytical."
392,62056cbc7469bc5a,Vox,print_digital,en,politics / 501930 / supreme-court-nrcc-fcc-ad-spending-lowest-unit-charge,https://www.vox.com/politics/501930/supreme-court-nrcc-fcc-ad-spending-lowest-unit-charge,2026-09-03T16:20:00+00:00,0.00001312,0.088500,0.533333,0.00000062,3437.500000,,8,5,3,16,democracy_elections:0.85; government_leadership:0.15,score_v2,ok,full_text,open,1667,rss_fulltext,monthly visits / DIGITAL_ITEMS_PER_MONTH (already US-only (Semrush country split)); a visit is not a read; flat across the outlet's items (no per-item signal),"Detailed legal analysis with statutory text, case citations, procedural arguments, and data on party fundraising. No named author with special authority; institutional (Vox) backing only. Moderate emotional framing via partisan characterization of Court's Republican majority, but mostly analytical tone."
393,b91f2628e9bfa854,The Hill,print_digital,en,What to know about respiratory vaccine recommendations,https://thehill.com/newsletters/healthcare/6070586-what-to-know-about-respiratory-vaccine-recommendations/,2026-09-03T23:03:57+00:00,0.00011460,0.040000,0.133333,0.00000061,30025.000000,,1,3,0,4,healthcare:1.00,score_v2,ok,summary_only,paywalled,61,rss_summary,monthly visits / DIGITAL_ITEMS_PER_MONTH (already US-only (Semrush country split)); a visit is not a read; flat across the outlet's items (no per-item signal),"Brief headline/summary noting medical groups issued vaccine recommendations amid CDC silence. No evidence, argument, or emotional language present; outlet institutional standing only, no personal voice.  Reflects access limits, not article's full content."
394,13622c98cedee2e9,RealClearPolitics,print_digital,en,California's Pro-Business Wealth Tax Proposition,https://www.realclearpolitics.com/2026/09/03/californias_pro-business_wealth_tax_proposition_709867.html,2026-09-03T20:34:14+00:00,0.00002204,0.138000,0.200000,0.00000061,5775.000000,,2,2,2,6,economy:0.50; democracy_elections:0.20; healthcare:0.20; education:0.10,score_v2,scope_global,summary_only,paywalled,66,rss_summary,"monthly visits / DIGITAL_ITEMS_PER_MONTH (UNADJUSTED: worldwide visits, no US split published); a visit is not a read; flat across the outlet's items (no per-item signal)","Brief factual summary of a ballot proposition with basic figures but no argumentation, sourcing, or named speaker; minimal emotional framing beyond noting billionaires' wealth.'"
395,b71abcf9b23960e7,Jacobin,print_digital,en,2026 / 09 / serge-biography-anarchism-stalinism-socialism,https://jacobin.com/2026/09/serge-biography-anarchism-stalinism-socialism,2026-09-03T12:46:48+00:00,0.00000544,0.164000,0.666667,0.00000059,1425.000000,,8,6,6,20,government_leadership:0.50; foreign_policy_wars:0.20; ethics_morality:0.15; other:0.15,score_v2,scope_global,full_text,open,3229,rss_fulltext,"monthly visits / DIGITAL_ITEMS_PER_MONTH (UNADJUSTED: worldwide visits, no US split published); a visit is not a read; flat across the outlet's items (no per-item signal)","Dense historiographical argument with extensive quotations, letters, and textual evidence contesting a biographer's interpretation of Victor Serge. Authors write as scholars within Left traditions, giving moderate ethos. Pathos emerges through moral urgency defending Serge's legacy against 'inquisitorial' misreading and evoking his suffering and humanity."
396,2d55990511186bbe,Business Insider,print_digital,en,venice-film-festival-red-carpet-best-worst-dressed-celebrities-2026-9,https://www.businessinsider.com/venice-film-festival-red-carpet-best-worst-dressed-celebrities-2026-9,2026-09-03T17:21:58+00:00,0.00012739,0.070000,0.066667,0.00000059,33375.000000,,0,1,1,2,other:1.00,score_v2,ok,full_text,open,553,rss_fulltext,monthly visits / DIGITAL_ITEMS_PER_MONTH (already US-only (Semrush country split)); a visit is not a read; flat across the outlet's items (no per-item signal),"A celebrity fashion roundup describing red-carpet outfits at the Venice Film Festival. No argumentation, no speaker authority beyond an entertainment writer, and minimal emotional charge beyond mild opinionated commentary on style."
397,39cdac0b76c677ff,Washington Examiner,print_digital,en,congressional / 4711757 / john-thune-worried-republicans-losing-senate-majority-2026-elections,https://www.washingtonexaminer.com/news/campaigns/congressional/4711757/john-thune-worried-republicans-losing-senate-majority-2026-elections/,2026-09-03T15:38:32+00:00,0.00000868,0.126500,0.533333,0.00000059,2275.000000,,6,8,2,16,democracy_elections:0.65; government_leadership:0.35,score_v2,ok,full_text,open,495,rss_fulltext,monthly visits / DIGITAL_ITEMS_PER_MONTH (already US-only (Semrush country split)); a visit is not a read; flat across the outlet's items (no per-item signal),"Article reports Thune's assessment of Senate race dynamics with polling data, seat counts, and specific races cited. Thune speaks with high institutional authority as Majority Leader to GOP audience. Tone is factual/analytical, low emotional intensity, focused on electoral strategy and filibuster debate."
398,db3a4befe5fd80b6,Jacobin,print_digital,en,2026 / 09 / venezuela-trump-rodriguez-oil-resource-nationalism,https://jacobin.com/2026/09/venezuela-trump-rodriguez-oil-resource-nationalism,2026-09-02T16:14:17+00:00,0.00000544,0.159500,0.666667,0.00000058,1425.000000,,8,6,6,20,foreign_policy_wars:0.40; economy:0.25; government_leadership:0.20; environment:0.10; democracy_elections:0.05,score_v2,scope_global,full_text,open,2591,rss_fulltext,"monthly visits / DIGITAL_ITEMS_PER_MONTH (UNADJUSTED: worldwide visits, no US split published); a visit is not a read; flat across the outlet's items (no per-item signal)","Detailed reporting with multiple expert interviews, historical context, and specific deal terms; sources are named academics/analysts giving moderate ethos. Language is charged (""neocolonial,"" ""empire,"" ""volcano,"" ""crooked dealings"") producing notable pathos, though grounded in substantive analysis and evidence."
399,55d5f96547397df2,ProPublica,print_digital,en,getinvolved / help-us-investigate-abusive-coaches-youth-sports-aau,https://www.propublica.org/getinvolved/help-us-investigate-abusive-coaches-youth-sports-aau,2026-09-01T09:05:00+00:00,0.00001283,0.082000,0.533333,0.00000056,3362.500000,,5,6,5,16,crime:0.55; government_leadership:0.25; other:0.20,score_v2,scope_global,full_text,open,395,rss_fulltext,"monthly visits / DIGITAL_ITEMS_PER_MONTH (UNADJUSTED: worldwide visits, no US split published); a visit is not a read; flat across the outlet's items (no per-item signal)","ProPublica journalist details ongoing investigation with named cases (AAU, Ryan Richardson) and SafeSport data, showing some evidence but mainly soliciting tips. Institutional/journalistic authority present; moderate emotional weight from abuse subject matter, restrained tone overall."
400,18c9796ca4421e7e,Washington Examiner,print_digital,en,congressional / 4711952 / dan-sullivan-launches-website-mary-peltola-lies,https://www.washingtonexaminer.com/news/campaigns/congressional/4711952/dan-sullivan-launches-website-mary-peltola-lies/,2026-09-03T16:55:31+00:00,0.00000868,0.136000,0.466667,0.00000055,2275.000000,,4,6,4,14,democracy_elections:0.60; government_leadership:0.40,score_v2,ok,full_text,open,542,rss_fulltext,monthly visits / DIGITAL_ITEMS_PER_MONTH (already US-only (Semrush country split)); a visit is not a read; flat across the outlet's items (no per-item signal),"Article reports Sullivan's rebuttal campaign with specific claims and counter-explanations, giving some evidentiary structure. Sullivan's authority as sitting senator carries weight with his base; Peltola's rebuttal included but brief. Moderate emotional charge via words like 'lies,' 'slander,' 'terrified.'"
401,64733dd16f9709cf,Jacobin,print_digital,en,2026 / 09 / sewer-socialism-berger-mamdani-pragmatism-organizing,https://jacobin.com/2026/09/sewer-socialism-berger-mamdani-pragmatism-organizing,2026-09-03T13:22:45+00:00,0.00000544,0.176500,0.566667,0.00000054,1425.000000,,7,6,4,17,government_leadership:0.40; economy:0.25; race_relations:0.15; unifying_the_country:0.10; other:0.10,score_v2,scope_global,full_text,open,5142,rss_fulltext,"monthly visits / DIGITAL_ITEMS_PER_MONTH (UNADJUSTED: worldwide visits, no US split published); a visit is not a read; flat across the outlet's items (no per-item signal)","An interview using historical research, quotes, and case studies (Berger, Milwaukee unions, race relations) to argue for a strategic model. Ethos derives from Blanc's scholarly research credibility with a socialist/left audience; pathos is moderate, invoking hope, solidarity, and inspiring anecdotes rather than heavy emotional appeals."
402,1783229c203ff2e5,Reason,print_digital,en,09 / 03 / judge-rejects-trump-administrations-plan-to-break-up-googles-ad-business,https://reason.com/2026/09/03/judge-rejects-trump-administrations-plan-to-break-up-googles-ad-business/,2026-09-03T14:00:29+00:00,0.00000711,0.173000,0.433333,0.00000053,1862.500000,,6,5,2,13,economy:0.50; government_leadership:0.20; ai_technology:0.20; democracy_elections:0.10,score_v2,scope_global,full_text,open,476,rss_fulltext,"monthly visits / DIGITAL_ITEMS_PER_MONTH (UNADJUSTED: worldwide visits, no US split published); a visit is not a read; flat across the outlet's items (no per-item signal)","Article presents legal reasoning, cites WSJ reporting, an analyst's revenue estimate, and prior antitrust cases. Reason.com's institutional/ideological standing gives moderate ethos with its libertarian audience. Tone is analytical, low emotional intensity, mostly explanatory with light editorializing on divestiture risks."
403,1d7b0cb5955fd10c,Reason,print_digital,en,09 / 03 / judges-opinion-denying-tro-against-arkansas-democrat-gazette-as-to-publishing-of-data-center-plans,https://reason.com/volokh/2026/09/03/judges-opinion-denying-tro-against-arkansas-democrat-gazette-as-to-publishing-of-data-center-plans/,2026-09-03T16:22:23+00:00,0.00000711,0.124500,0.600000,0.00000053,1862.500000,,9,7,2,18,democracy_elections:0.55; government_leadership:0.20; economy:0.15; other:0.10,score_v2,scope_global,full_text,open,2265,rss_fulltext,"monthly visits / DIGITAL_ITEMS_PER_MONTH (UNADJUSTED: worldwide visits, no US split published); a visit is not a read; flat across the outlet's items (no per-item signal)","Extensive legal reasoning quoting case law, doctrine, and applying it methodically to facts; authoritative voice of a sitting federal judge delivering a formal opinion; minimal emotional appeal beyond references to First Amendment values like 'fixed star' rhetoric."
404,0c2af2e7c26ec43f,Vox,print_digital,en,today-explained-newsletter / 501557 / mail-in-voting,https://www.vox.com/today-explained-newsletter/501557/mail-in-voting,2026-09-01T21:10:00+00:00,0.00001312,0.079500,0.500000,0.00000052,3437.500000,,7,5,3,15,democracy_elections:0.85; government_leadership:0.10; other:0.05,score_v2,ok,full_text,open,742,rss_fulltext,monthly visits / DIGITAL_ITEMS_PER_MONTH (already US-only (Semrush country split)); a visit is not a read; flat across the outlet's items (no per-item signal),"Newsletter cites a whistleblower report, USPS details, timelines, and quotes a Vox colleague's analysis, presenting multiple concrete evidence points about mail-in voting logistics. Ethos rests on Vox's institutional reporting and named colleague, not personal authority. Pathos mild via 'alarming,' 'chaos,' 'shit show' quotes, but mostly measured explanatory tone."
405,9eba1fea9f41d80e,Washington Examiner,print_digital,en,washington-secrets / 4710121 / exclusive-doj-fraud-investigation-organ-donation-groups,https://www.washingtonexaminer.com/news/washington-secrets/4710121/exclusive-doj-fraud-investigation-organ-donation-groups/,2026-09-03T15:45:00+00:00,0.00000868,0.107500,0.533333,0.00000050,2275.000000,,6,6,4,16,healthcare:0.55; government_leadership:0.30; other:0.15,score_v2,ok,full_text,open,1368,rss_fulltext,monthly visits / DIGITAL_ITEMS_PER_MONTH (already US-only (Semrush country split)); a visit is not a read; flat across the outlet's items (no per-item signal),"Exclusive reporting with documents, whistleblower testimony, named sources, and specific claims about the DOJ investigation into organ procurement fraud. Includes a secondary item on Trump's phone and White House press office. Journalistic authority backed by a masthead; moderate emotional framing via patient safety anecdotes."
406,4831dc9ddb6778cf,Reason,print_digital,en,09 / 03 / a-california-county-used-drones-to-spy-on-homes-a-settlement-will-now-require-warrants,https://reason.com/2026/09/03/a-california-county-used-drones-to-spy-on-homes-a-settlement-will-now-require-warrants/,2026-09-03T17:30:17+00:00,0.00000711,0.131000,0.533333,0.00000050,1862.500000,,6,4,6,16,government_leadership:0.40; other:0.25; democracy_elections:0.20; crime:0.15,score_v2,scope_global,full_text,open,1111,rss_fulltext,"monthly visits / DIGITAL_ITEMS_PER_MONTH (UNADJUSTED: worldwide visits, no US split published); a visit is not a read; flat across the outlet's items (no per-item signal)","Article uses documented figures (fines, flight counts, percentages), lawsuit details, and multiple named quotes from ACLU attorney, residents, and county officials. No single dominant authoritative voice; Reason.com reporting. Emotional resident testimonies (foreclosure, nudity fears, disability) add moderate pathos."
407,44b8323abe659305,Washington Examiner,print_digital,en,state / 4711440 / mamdani-organize-social-media-influencer-taxpayer-cash,https://www.washingtonexaminer.com/news/campaigns/state/4711440/mamdani-organize-social-media-influencer-taxpayer-cash/,2026-09-03T15:34:57+00:00,0.00000868,0.140000,0.400000,0.00000049,2275.000000,,5,4,3,12,government_leadership:0.50; ai_technology:0.30; democracy_elections:0.20,score_v2,ok,full_text,open,445,rss_fulltext,monthly visits / DIGITAL_ITEMS_PER_MONTH (already US-only (Semrush country split)); a visit is not a read; flat across the outlet's items (no per-item signal),"Article cites a CJR investigative report with specifics (contract sizes, salaries, procurement gaps) and includes Mamdani's direct quote. Framed as a 'bombshell' with critical tone toward transparency, giving some emotional charge, but mostly factual reporting."
408,efd41655395de26d,Vox,print_digital,en,politics / 501503 / supreme-court-ice-immunity-christian-castro-texas-greg-abbott,https://www.vox.com/politics/501503/supreme-court-ice-immunity-christian-castro-texas-greg-abbott,2026-09-01T16:25:00+00:00,0.00001312,0.064000,0.566667,0.00000048,3437.500000,,8,5,4,17,democracy_elections:0.45; immigration:0.35; crime:0.20,score_v2,ok,full_text,open,1924,rss_fulltext,monthly visits / DIGITAL_ITEMS_PER_MONTH (already US-only (Semrush country split)); a visit is not a read; flat across the outlet's items (no per-item signal),"Detailed legal analysis citing case law (Neagle, Martin, Bivens, Hernández, Egbert), court decisions, and factual timeline. Author is unnamed but writes with clear legal expertise for an outlet (Vox-style). Framing is critical of Abbott/Trump officials, using charged language like 'sham,' 'gamesmanship,' 'scot-free.'"
409,9038a8b146dc0dc3,The Free Press,print_digital,en,p / the-army-needs-good-leaders-why-hegseth-firing-them-plus,https://www.thefp.com/p/the-army-needs-good-leaders-why-hegseth-firing-them-plus,2026-09-02T10:02:21+00:00,0.00000835,0.112500,0.500000,0.00000047,2187.500000,,5,6,4,15,foreign_policy_wars:0.25; government_leadership:0.20; democracy_elections:0.15; immigration:0.15; crime:0.15; other:0.10,score_v2,ok,full_text,open,646,rss_fulltext,monthly visits / DIGITAL_ITEMS_PER_MONTH (already US-only (Semrush country split)); a visit is not a read; flat across the outlet's items (no per-item signal),"Newsletter roundup blends reporting on Pentagon leadership feud, Iran strikes, USPS voting controversy, ICE arrests, and crime news. Some sourcing and reasoning (Eli Lake's reporting) but mostly summary. Free Press branding gives moderate ethos; emotional stories (suicide, murder) add moderate pathos."
410,170b3702fe488500,Salon,print_digital,en,09 / 02 / covid-vaccines-are-back-just-dont-expect-the-cdc-to-tell-you-that,https://www.salon.com/2026/09/02/covid-vaccines-are-back-just-dont-expect-the-cdc-to-tell-you-that/,2026-09-02T23:30:34+00:00,0.00001403,0.071500,0.466667,0.00000047,3675.000000,,6,5,3,14,healthcare:0.85; government_leadership:0.15,score_v2,scope_global,full_text,open,511,rss_fulltext,"monthly visits / DIGITAL_ITEMS_PER_MONTH (UNADJUSTED: worldwide visits, no US split published); a visit is not a read; flat across the outlet's items (no per-item signal)","Reports on vaccine approvals, CDC silence, and medical groups filling the gap, citing named experts, data on measles cases, and quotes from Vaccine Integrity Project officials. Moderate evidence-based reasoning; Salon's institutional but not personally authoritative voice; mild urgency around public health risk."
411,99be615fa70d3f68,Jacobin,print_digital,en,2026 / 09 / west-bank-settlements-violence-israelis,https://jacobin.com/2026/09/west-bank-settlements-violence-israelis,2026-09-02T16:21:24+00:00,0.00000544,0.122500,0.700000,0.00000047,1425.000000,,7,5,9,21,foreign_policy_wars:0.65; government_leadership:0.15; democracy_elections:0.10; crime:0.10,score_v2,scope_global,full_text,open,1775,rss_fulltext,"monthly visits / DIGITAL_ITEMS_PER_MONTH (UNADJUSTED: worldwide visits, no US split published); a visit is not a read; flat across the outlet's items (no per-item signal)","Uses statistics (UN, OCHA, Yesh Din), named testimony, and policy analysis, but presents a one-sided advocacy frame with explicit policy prescriptions. No institutional byline authority beyond publication. Heavy emotional narrative (pregnant woman, dead fetus, fear) drives intensity throughout."
412,1ad6859fdde3dd75,Mother Jones,print_digital,en,2026 / 09 / it-looks-like-hegseth-is-replacing-top-military-officers-with-loyalists,https://www.motherjones.com/politics/2026/09/it-looks-like-hegseth-is-replacing-top-military-officers-with-loyalists/,2026-09-01T16:18:31+00:00,0.00000582,0.182500,0.433333,0.00000046,1525.000000,,5,4,4,13,government_leadership:0.55; foreign_policy_wars:0.30; democracy_elections:0.15,score_v2,scope_global,full_text,open,416,rss_fulltext,"monthly visits / DIGITAL_ITEMS_PER_MONTH (UNADJUSTED: worldwide visits, no US split published); a visit is not a read; flat across the outlet's items (no per-item signal)","Reports on Pentagon firings, citing WSJ, Military Times, Atlantic sourcing, and named officials, with some causal claims. No byline authority beyond an opinion-tinged outlet; moderate emotional framing via 'loyalists,' 'abuse' allegations, and pointed editorializing."
413,f854959786f02edc,Mother Jones,print_digital,en,2026 / 09 / max-miller-yearbook-bernie-moreno-ohio-gop,https://www.motherjones.com/politics/2026/09/max-miller-yearbook-bernie-moreno-ohio-gop/,2026-09-03T00:18:07+00:00,0.00000582,0.125000,0.600000,0.00000044,1525.000000,,6,6,6,18,government_leadership:0.45; ethics_morality:0.35; crime:0.20,score_v2,scope_global,full_text,open,337,rss_fulltext,"monthly visits / DIGITAL_ITEMS_PER_MONTH (UNADJUSTED: worldwide visits, no US split published); a visit is not a read; flat across the outlet's items (no per-item signal)","Investigative report citing legal filings, prior Politico reporting, and witness accounts about a sitting congressman's alleged abuse. Mother Jones' reporter authority and named sources lend credibility; emotional weight comes from abuse allegations and personal testimony, though narrative framing dominates over dense argumentation."
414,5cd07ce9d6ccb2c5,Mother Jones,print_digital,en,2026 / 09 / brennan-center-report-federal-judges-terrified-harassment-threats-violence-donald-trump-hateful-rhetoric,https://www.motherjones.com/politics/2026/09/brennan-center-report-federal-judges-terrified-harassment-threats-violence-donald-trump-hateful-rhetoric/,2026-09-01T11:30:00+00:00,0.00000582,0.106500,0.700000,0.00000043,1525.000000,,7,6,8,21,democracy_elections:0.55; government_leadership:0.25; immigration:0.10; crime:0.10,score_v2,scope_global,full_text,open,949,rss_fulltext,"monthly visits / DIGITAL_ITEMS_PER_MONTH (UNADJUSTED: worldwide visits, no US split published); a visit is not a read; flat across the outlet's items (no per-item signal)","Cites Brennan Center report, statistics on threats, named judges' testimony, and multiple sourced incidents—substantial evidentiary basis. Ethos rests on institutional reporting (Mother Jones-style, Reuters, Brennan Center) rather than a singular authoritative voice. Vivid anecdotes (safe rooms, pizza-doxxing, murdered son) generate strong emotional weight."
415,7e198791bd817770,ProPublica,print_digital,en,article / volleyball-coach-ryan-richardson-homeland-security-investigations-child-exploitation,https://www.propublica.org/article/volleyball-coach-ryan-richardson-homeland-security-investigations-child-exploitation,2026-09-01T09:00:00+00:00,0.00001283,0.052000,0.633333,0.00000042,3362.500000,,7,6,6,19,crime:0.75; government_leadership:0.15; other:0.10,score_v2,scope_global,full_text,open,777,rss_fulltext,"monthly visits / DIGITAL_ITEMS_PER_MONTH (UNADJUSTED: worldwide visits, no US split published); a visit is not a read; flat across the outlet's items (no per-item signal)","Investigative report with named sources, documented messages, police records, and official statements; multiple corroborating lines of evidence. ProPublica/Post institutional credibility lends ethos. Disturbing details of alleged abuse create moderate emotional weight without overt rhetorical amplification."
416,f11697eeb5409bf0,ProPublica,print_digital,en,article / alpha-school-texas-vouchers-ai,https://www.propublica.org/article/alpha-school-texas-vouchers-ai,2026-09-02T10:00:00+00:00,0.00001283,0.061000,0.533333,0.00000042,3362.500000,,8,5,3,16,education:0.75; government_leadership:0.15; ai_technology:0.10,score_v2,scope_global,full_text,open,3091,rss_fulltext,"monthly visits / DIGITAL_ITEMS_PER_MONTH (UNADJUSTED: worldwide visits, no US split published); a visit is not a read; flat across the outlet's items (no per-item signal)","Investigative piece with extensive documented evidence: test scores, donation records, expert interviews, state applications, quotes from multiple officials. Institutional ProPublica/Tribune authority but no dominant personal ethos figure. Some emotional framing (children's welfare, 'franchise' quote) but largely data-driven and measured."
417,c67861d8c9fc4e75,Mother Jones,print_digital,en,2026 / 09 / lawmakers-push-ice-cancel-shock-gloves-contract-compliant-technologies-delia-ramirez,https://www.motherjones.com/politics/2026/09/lawmakers-push-ice-cancel-shock-gloves-contract-compliant-technologies-delia-ramirez/,2026-09-01T21:13:05+00:00,0.00000582,0.119500,0.600000,0.00000042,1525.000000,,7,5,6,18,immigration:0.55; government_leadership:0.25; crime:0.20,score_v2,scope_global,full_text,open,678,rss_fulltext,"monthly visits / DIGITAL_ITEMS_PER_MONTH (UNADJUSTED: worldwide visits, no US split published); a visit is not a read; flat across the outlet's items (no per-item signal)","Cites contracts, dollar figures, letters, Amnesty International report, expert quotes, legislative details, and competing viewpoints from DHS and sheriffs. Mother Jones reporting gives institutional standing but no singular authoritative voice. Emotional language ('torture,' 'occupying paramilitary force,' incapacitated imagery) adds moderate intensity."
418,5d0e9c549239b4aa,Jacobin,print_digital,en,2026 / 09 / california-proposition-40-billionaire-tax-lobby,https://jacobin.com/2026/09/california-proposition-40-billionaire-tax-lobby,2026-09-03T15:56:07+00:00,0.00000544,0.143000,0.533333,0.00000041,1425.000000,,6,3,7,16,economy:0.40; democracy_elections:0.30; healthcare:0.20; government_leadership:0.10,score_v2,scope_global,full_text,open,1649,rss_fulltext,"monthly visits / DIGITAL_ITEMS_PER_MONTH (UNADJUSTED: worldwide visits, no US split published); a visit is not a read; flat across the outlet's items (no per-item signal)","Article marshals evidence (signature counts, spending figures, Massachusetts precedent) but is one-sided advocacy against billionaires. No named byline authority beyond outlet voice; heavy charged language ('trick,' 'mask-off,' 'class war') drives emotional intensity throughout."
419,7d16a2f398c0bb57,The Free Press,print_digital,en,p / anna-wintours-galliano-disaster-plus,https://www.thefp.com/p/anna-wintours-galliano-disaster-plus,2026-09-01T10:01:03+00:00,0.00000835,0.112500,0.433333,0.00000041,2187.500000,,3,6,4,13,other:0.40; government_leadership:0.25; foreign_policy_wars:0.15; crime:0.10; ethics_morality:0.10,score_v2,ok,full_text,open,774,rss_fulltext,monthly visits / DIGITAL_ITEMS_PER_MONTH (already US-only (Semrush country split)); a visit is not a read; flat across the outlet's items (no per-item signal),"A newsletter digest mixing an opinion take on the Galliano/Wintour controversy with brief news roundups (Army resignation, Iran threats, stabbing, flood, Supreme Court). Little argumentation, mostly assertion and summary; Free Press brand and named writers lend moderate ethos; some emotive language around antisemitism and violence."
420,012caff369fa8b1c,The Nation,print_digital,en,Abdul El-Sayed Diagnoses American Politics,https://www.thenation.com/article/politics/abdul-el-sayed-interview-michigan-senate/,2026-09-03T09:00:00+00:00,0.00000409,0.156000,0.633333,0.00000040,1071.612500,,6,7,6,19,government_leadership:0.30; economy:0.20; healthcare:0.20; democracy_elections:0.15; foreign_policy_wars:0.15,score_v2,scope_global,full_text,open,2679,page_fetch,"monthly visits / DIGITAL_ITEMS_PER_MONTH (UNADJUSTED: worldwide visits, no US split published); a visit is not a read; flat across the outlet's items (no per-item signal)","El-Sayed offers structured causal arguments (corporate capture analogy, Adam Smith, polling breakdowns) but one-sided, no real engagement with opposing views. His medical/policy background and Senate candidacy give him real authority with his audience. Language is charged ('worthless,' 'batshit,' 'greedy') producing moderate-high emotional intensity throughout."
421,7579f1cffb16bbbb,The Federalist,print_digital,en,10 Ways You’re Wasting Money At The Grocery Store And What To Do Instead,https://thefederalist.com/2026/09/03/10-ways-youre-wasting-money-at-the-grocery-store-and-what-to-do-instead/?utm_source=rss&utm_medium=rss&utm_campaign=10-ways-youre-wasting-money-at-the-grocery-store-and-what-to-do-instead,2026-09-03T11:31:37+00:00,0.00000525,0.154000,0.500000,0.00000040,1375.000000,,6,6,3,15,inflation_cost_of_living:0.70; other:0.30,score_v2,scope_global,full_text,open,1641,page_fetch,"monthly visits / DIGITAL_ITEMS_PER_MONTH (UNADJUSTED: worldwide visits, no US split published); a visit is not a read; flat across the outlet's items (no per-item signal)","A chef offers practical, experience-based reasoning and specific tips for saving money on groceries amid inflation. Authority comes from professional restaurant background. Tone is conversational, mildly humorous, low emotional intensity; mostly practical advice rather than argument or persuasion on policy."
422,37332d134e115f5d,Jacobin,print_digital,en,2026 / 09 / socialism-congress-resolution-democracy-authoritarianism,https://jacobin.com/2026/09/socialism-congress-resolution-democracy-authoritarianism,2026-09-03T17:32:30+00:00,0.00000544,0.129500,0.566667,0.00000040,1425.000000,,6,5,6,17,democracy_elections:0.45; government_leadership:0.35; ethics_morality:0.10; foreign_policy_wars:0.10,score_v2,scope_global,full_text,open,829,rss_fulltext,"monthly visits / DIGITAL_ITEMS_PER_MONTH (UNADJUSTED: worldwide visits, no US split published); a visit is not a read; flat across the outlet's items (no per-item signal)","Opinion piece analyzing House resolution's text and internal contradictions, citing Pew poll and vote counts as evidence, but framed with sarcastic, mocking language ('phantasmagoric Trumpian fearmongering', 'American Julius Caesar') showing clear ideological stance and emotional coloring."
423,c75e8e9c4f561a0c,The Epoch Times,print_digital,en,Federal Judge Pauses Lawsuit Challenging FDA Approval of Abortion Pill,https://www.theepochtimes.com/us/federal-judge-pauses-lawsuit-challenging-fda-approval-of-abortion-pill-6082424,2026-09-03T16:30:08+00:00,0.00003850,0.020500,0.500000,0.00000039,10087.500000,,6,4,5,15,abortion:0.75; democracy_elections:0.15; healthcare:0.10,score_v2,scope_global,full_text,open,494,page_fetch,"monthly visits / DIGITAL_ITEMS_PER_MONTH (UNADJUSTED: worldwide visits, no US split published); a visit is not a read; flat across the outlet's items (no per-item signal)","Reports court procedure and quotes lawsuit claims, drugmaker statement, and advocacy group citing a study; some evidentiary detail but one-sided framing. Sources are institutional (court, FDA, National Right to Life) without strong personal authority. Emotive language around fetal death adds moderate pathos."
424,0b4f5c1796ef988c,The Free Press,print_digital,en,p / douglas-murray-911-war-on-truth,https://www.thefp.com/p/douglas-murray-911-war-on-truth,2026-09-01T19:49:56+00:00,0.00000835,0.086500,0.533333,0.00000039,2187.500000,,4,6,6,16,foreign_policy_wars:0.55; ethics_morality:0.25; democracy_elections:0.10; other:0.10,score_v2,ok,full_text,open,304,rss_fulltext,monthly visits / DIGITAL_ITEMS_PER_MONTH (already US-only (Semrush country split)); a visit is not a read; flat across the outlet's items (no per-item signal),"Piece asserts conspiracy theories are false and cites a Carlson/Weldon interview as example, but offers little direct evidence refuting claims. Speaker (Douglas Murray) has recognized standing as a commentator on terrorism/Islam. Moral urgency language ('war on truth', 'morally anchored') adds emotional intensity."
425,d82292189e607034,Washington Examiner,print_digital,en,justice / 4712037 / judge-ready-extend-block-mail-in-ballot-rule,https://www.washingtonexaminer.com/news/justice/4712037/judge-ready-extend-block-mail-in-ballot-rule/,2026-09-03T16:57:19+00:00,0.00000868,0.088500,0.500000,0.00000038,2275.000000,,7,5,3,15,democracy_elections:0.85; government_leadership:0.15,score_v2,ok,full_text,open,706,rss_fulltext,monthly visits / DIGITAL_ITEMS_PER_MONTH (already US-only (Semrush country split)); a visit is not a read; flat across the outlet's items (no per-item signal),"Detailed reporting on court proceedings, legal history, competing claims, and procedural specifics; quotes judge, attorneys, USPS statement. Institutional sourcing (court, DOJ, USPS) but no dominant personal authority voice. Mostly measured tone, with brief emotional charge in judge's 'people's right to vote' quote."
426,95eecd8dcb014fe0,The Daily Signal,print_digital,en,09 / 03 / republicans-avoid-midterm-shutdown,https://www.dailysignal.com/2026/09/03/republicans-avoid-midterm-shutdown/,2026-09-03T16:38:54+00:00,0.00000460,0.224000,0.366667,0.00000038,1206.062500,,5,4,2,11,government_leadership:0.55; economy:0.35; democracy_elections:0.10,score_v2,scope_global,full_text,open,382,rss_fulltext,"monthly visits / DIGITAL_ITEMS_PER_MONTH (UNADJUSTED: worldwide visits, no US split published); a visit is not a read; flat across the outlet's items (no per-item signal)","Reports facts on the funding bill, vote counts, and prior shutdown history, with a quoted official framing it partisan-favorably. Some evidence (vote tallies, bill status) but one-sided sourcing (Republican voices only). Ethos modest via named officials; pathos low, mostly factual tone with mild partisan framing."
427,c2f015929f8cb83c,Breitbart,print_digital,en,Alleged Minneapolis Shooter Was Known to Police,https://www.breitbart.com/2nd-amendment/2026/09/03/alleged-minneapolis-shooter-was-known-to-police/,2026-09-03T13:41:05+00:00,0.00013268,0.00850000,0.333333,0.00000038,34762.500000,,4,4,2,10,crime:0.85; guns:0.15,score_v2,ok,full_text,open,303,page_fetch,monthly visits / DIGITAL_ITEMS_PER_MONTH (already US-only (Semrush country split)); a visit is not a read; flat across the outlet's items (no per-item signal),"Reports facts and court records about a shooting with named police chief and news sources; minimal emotional language, straightforward crime reporting. Byline is a niche columnist, giving moderate authority to a specific audience but limited broad ethos."
428,b90213482e0b780b,The Daily Wire,print_digital,en,news / ryan-reynolds-has-a-problem-with-our-80s-nostalgia,https://www.dailywire.com/news/ryan-reynolds-has-a-problem-with-our-80s-nostalgia,2026-09-03T12:57:16+00:00,0.00001703,0.050000,0.433333,0.00000037,4462.500000,,2,5,6,13,ethics_morality:0.50; other:0.50,score_v2,scope_global,full_text,open,478,rss_fulltext,"monthly visits / DIGITAL_ITEMS_PER_MONTH (UNADJUSTED: worldwide visits, no US split published); a visit is not a read; flat across the outlet's items (no per-item signal)","Culture-war piece mocking Reynolds' 80s comments, citing counter-tweets from Bongino and Steele. Little evidence beyond anecdote and fact-check on Cuban Missile Crisis timeline; relies on mockery, nostalgia appeals, and named commentators' authority with conservative audiences."
429,9abedbcd91ff84c4,The Daily Caller,print_digital,en,EXCLUSIVE: Sanctuary Policies Shielded Illegal Alien Accused Of Impregnating His Teen Daughter,https://dailycaller.com/2026/09/03/illegal-immigrant-california-sanctuary-policy-abuse-warrant-dhs-ice,2026-09-03T14:03:10+00:00,0.00000897,0.068500,0.600000,0.00000037,2350.000000,,5,5,8,18,immigration:0.65; crime:0.35,score_v2,scope_global,full_text,open,335,page_fetch,"monthly visits / DIGITAL_ITEMS_PER_MONTH (UNADJUSTED: worldwide visits, no US split published); a visit is not a read; flat across the outlet's items (no per-item signal)","Article cites DHS statements, arrest history, and specific dates/charges (some logos), relies on DHS/ICE as institutional sources (moderate ethos), and uses a horrific, emotionally charged crime narrative to argue against sanctuary policies, producing high pathos."
430,2fbd623a5302f124,The Nation,print_digital,en,Old and On the Way: How Ed Markey Dispatched Seth Moulton in Massachusetts,https://www.thenation.com/article/politics/ed-markey-seth-moulton-massachusetts-senate/,2026-09-02T14:19:43+00:00,0.00000409,0.157500,0.566667,0.00000037,1071.612500,,5,6,6,17,government_leadership:0.50; democracy_elections:0.25; other:0.25,score_v2,scope_global,full_text,open,1094,page_fetch,"monthly visits / DIGITAL_ITEMS_PER_MONTH (UNADJUSTED: worldwide visits, no US split published); a visit is not a read; flat across the outlet's items (no per-item signal)","Opinion piece with detailed narrative evidence (quotes, voting margins, endorsements) but clearly one-sided against Moulton. Author writes as an experienced political commentator with firsthand observation, giving moderate ethos. Language is pointed and mocking ('Moultmentum', 'trans-baiting'), adding notable pathos."
431,a2908962dfc4184a,The Nation,print_digital,en,Is the Israel Lobby Doomed?,https://www.thenation.com/article/politics/israel-lobby-foreign-policy/,2026-09-03T09:00:00+00:00,0.00000409,0.124000,0.700000,0.00000036,1071.612500,,8,7,6,21,foreign_policy_wars:0.75; democracy_elections:0.15; government_leadership:0.10,score_v2,scope_global,full_text,open,2935,page_fetch,"monthly visits / DIGITAL_ITEMS_PER_MONTH (UNADJUSTED: worldwide visits, no US split published); a visit is not a read; flat across the outlet's items (no per-item signal)","Dense argument citing books, polling, Citizens United, court cases, geopolitical trends. Author draws on named scholars (Mearsheimer, Walt, Lustick, Clifton) for authority, writing for The Nation's engaged progressive readership. Charged language ('genocide,' 'grotesque,' 'cruelty') adds moderate emotional intensity throughout."
432,d2af6077afedc8fa,Reason,print_digital,en,09 / 03 / trump-cant-deport-legal-immigrants-for-protected-speech-judge-rules,https://reason.com/2026/09/03/trump-cant-deport-legal-immigrants-for-protected-speech-judge-rules/,2026-09-03T14:55:08+00:00,0.00000711,0.092000,0.533333,0.00000035,1862.500000,,7,5,4,16,immigration:0.50; democracy_elections:0.30; foreign_policy_wars:0.20,score_v2,scope_global,full_text,open,713,rss_fulltext,"monthly visits / DIGITAL_ITEMS_PER_MONTH (UNADJUSTED: worldwide visits, no US split published); a visit is not a read; flat across the outlet's items (no per-item signal)","Article cites specific legal provisions, court rulings, precedent (Bridges v. Wixon), and case details to build a reasoned legal argument. Reason.com's institutional voice offers moderate ethos; no star commentator. Pathos moderate via chilling-effect anecdotes and quoted judicial language about silencing speech."
433,da86ad7b2779ceb7,Mother Jones,print_digital,en,2026 / 09 / the-other-9-11-memorial,https://www.motherjones.com/politics/2026/09/the-other-9-11-memorial/,2026-09-03T16:35:30+00:00,0.00000582,0.092500,0.633333,0.00000034,1525.000000,,5,6,8,19,healthcare:0.45; other:0.35; government_leadership:0.20,score_v2,scope_global,full_text,open,2799,rss_fulltext,"monthly visits / DIGITAL_ITEMS_PER_MONTH (UNADJUSTED: worldwide visits, no US split published); a visit is not a read; flat across the outlet's items (no per-item signal)","Long-form narrative journalism blending medical detail, advocacy history, and historian commentary with vivid personal anecdotes about Feal and responders' suffering. Emotional intensity is high; some evidence/reasoning present but mostly narrative-driven; author's journalistic authority moderate, bolstered by named expert sources."
434,30aff12ee50ade99,The Daily Signal,print_digital,en,09 / 03 / indian-reforms-us-india-defense,https://www.dailysignal.com/2026/09/03/indian-reforms-us-india-defense/,2026-09-03T13:00:00+00:00,0.00000460,0.147500,0.500000,0.00000034,1206.062500,,8,6,1,15,foreign_policy_wars:0.75; economy:0.25,score_v2,scope_global,full_text,open,635,rss_fulltext,"monthly visits / DIGITAL_ITEMS_PER_MONTH (UNADJUSTED: worldwide visits, no US split published); a visit is not a read; flat across the outlet's items (no per-item signal)","Detailed, evidence-based policy analysis with specifics on reforms, platforms, and trade data; from a Heritage Foundation institutional publication giving moderate authority; largely dispassionate, technical tone with minimal emotional appeal."
435,191dfe579af83b88,The Daily Signal,print_digital,en,09 / 03 / exclusive-trump-usda-faces-calls-to-exit-climate-initiative-critics-call-private-regulation,https://www.dailysignal.com/2026/09/03/exclusive-trump-usda-faces-calls-to-exit-climate-initiative-critics-call-private-regulation/,2026-09-03T12:00:00+00:00,0.00000460,0.158000,0.466667,0.00000034,1206.062500,,6,4,4,14,economy:0.40; environment:0.35; government_leadership:0.25,score_v2,scope_global,full_text,open,759,rss_fulltext,"monthly visits / DIGITAL_ITEMS_PER_MONTH (UNADJUSTED: worldwide visits, no US split published); a visit is not a read; flat across the outlet's items (no per-item signal)","Article cites a detailed report, quotes, and economic reasoning about consolidation and costs, giving moderate logos. Sources are advocacy groups, not high-profile authorities, so ethos is moderate. Language like 'decimated,' 'War on Dairy' adds moderate emotional charge."
436,cd18630adeee30fb,Mother Jones,print_digital,en,2026 / 09 / us-forest-service-chief-tom-schultz-logging-timber-lumber-industry-roudless-rule-national-public-lands,https://www.motherjones.com/politics/2026/09/us-forest-service-chief-tom-schultz-logging-timber-lumber-industry-roudless-rule-national-public-lands/,2026-09-02T11:30:00+00:00,0.00000582,0.115000,0.500000,0.00000033,1525.000000,,7,5,3,15,environment:0.55; government_leadership:0.30; economy:0.15,score_v2,scope_global,full_text,open,1343,rss_fulltext,"monthly visits / DIGITAL_ITEMS_PER_MONTH (UNADJUSTED: worldwide visits, no US split published); a visit is not a read; flat across the outlet's items (no per-item signal)","Investigative piece with documented lobbying records, quotes, testimony, and competing claims about wildfire science. Ethos derives from institutional sourcing (Guardian/Public Citizen) rather than a singular authoritative voice. Pathos low-moderate; focuses on facts and conflicts of interest rather than emotional appeals."
437,dfb6923b59cdeaeb,The Daily Caller,print_digital,en,Meet The Republicans Facing The Toughest Fights This November — And How They Plan To Keep Their Seats,https://dailycaller.com/2026/09/02/republicans-congress-november-midterm-elections-toss-up-races-mike-lawler-anna-paulina-luna-max-miller-tom-barrett,2026-09-02T18:59:20+00:00,0.00000897,0.093000,0.400000,0.00000033,2350.000000,,5,4,3,12,democracy_elections:0.70; government_leadership:0.20; crime:0.10,score_v2,scope_global,full_text,open,1471,page_fetch,"monthly visits / DIGITAL_ITEMS_PER_MONTH (UNADJUSTED: worldwide visits, no US split published); a visit is not a read; flat across the outlet's items (no per-item signal)","A reported roundup of vulnerable House Republicans with polling data, quotes from advisors, and district context. No dominant personal voice; moderate evidentiary detail via polls and named sources; some vivid scandal details (domestic violence, cocaine allegations) add emotional color but overall tone is measured."
438,889cbd9de933df32,RealClearPolitics,print_digital,en,Data Center Backlash a September Surprise?,https://www.realclearpolitics.com/articles/2026/09/03/data_center_backlash_becomes_september_surprise_154467.html,2026-09-03T13:04:54+00:00,0.00002204,0.063500,0.233333,0.00000033,5775.000000,,2,3,2,7,ai_technology:0.50; democracy_elections:0.35; government_leadership:0.15,score_v2,scope_global,summary_only,paywalled,80,rss_summary,"monthly visits / DIGITAL_ITEMS_PER_MONTH (UNADJUSTED: worldwide visits, no US split published); a visit is not a read; flat across the outlet's items (no per-item signal)","Brief headline/summary noting data centers becoming a midterm political issue; minimal evidence beyond one anecdote, no named speaker with strong authority, mild political-stakes framing without strong emotional language."
439,ec51d06f804d8749,Salon,print_digital,en,09 / 03 / womens-rage-is-in-season-again,https://www.salon.com/2026/09/03/womens-rage-is-in-season-again/,2026-09-03T16:31:50+00:00,0.00001403,0.048000,0.466667,0.00000031,3675.000000,,3,4,7,14,ethics_morality:0.55; other:0.45,score_v2,scope_global,full_text,open,1285,rss_fulltext,"monthly visits / DIGITAL_ITEMS_PER_MONTH (UNADJUSTED: worldwide visits, no US split published); a visit is not a read; flat across the outlet's items (no per-item signal)","A culture-criticism essay analyzing female rage in TV/mythology (Furious, The Odyssey). Little factual argument, some literary/mythological reasoning; author writes with recognized cultural-critic authority for Salon readers; emotionally charged language around trauma, rage, and violence throughout."
440,a66122733e7b0307,The Federalist,print_digital,en,CNN: Trump Cut Funding That Would Not Have Stopped Nepal Flood. Here’s Why It’s Still His Fault,https://thefederalist.com/2026/09/03/cnn-trump-cut-funding-that-would-not-have-stopped-nepal-flood-heres-why-its-still-his-fault/?utm_source=rss&utm_medium=rss&utm_campaign=cnn-trump-cut-funding-that-would-not-have-stopped-nepal-flood-heres-why-its-still-his-fault,2026-09-03T16:05:26+00:00,0.00000525,0.115000,0.500000,0.00000030,1375.000000,,6,4,5,15,government_leadership:0.35; other:0.35; environment:0.30,score_v2,scope_global,full_text,open,668,page_fetch,"monthly visits / DIGITAL_ITEMS_PER_MONTH (UNADJUSTED: worldwide visits, no US split published); a visit is not a read; flat across the outlet's items (no per-item signal)","Media-criticism piece using CNN's own admissions to argue its Trump-flood link is unfounded; quotes text but is one-sided commentary without named author authority, moderate mocking/sarcastic tone."
441,04eb2c1e3b1bd659,Mother Jones,print_digital,en,2026 / 09 / why-so-much-food-borne-illness-this-year-cyclospora-salmonella-listeria-e-coli-outbreaks-safe-eat,https://www.motherjones.com/politics/2026/09/why-so-much-food-borne-illness-this-year-cyclospora-salmonella-listeria-e-coli-outbreaks-safe-eat/,2026-09-01T11:30:00+00:00,0.00000582,0.094000,0.533333,0.00000029,1525.000000,,7,5,4,16,healthcare:0.40; environment:0.30; government_leadership:0.30,score_v2,scope_global,full_text,open,1486,rss_fulltext,"monthly visits / DIGITAL_ITEMS_PER_MONTH (UNADJUSTED: worldwide visits, no US split published); a visit is not a read; flat across the outlet's items (no per-item signal)","Article cites outbreak statistics, expert interviews (epidemiologists, food safety directors), staffing-cut data, and causal reasoning linking climate change, globalization, and federal cuts to illness trends. Author is a journalist with named sources but no personal authority; some vivid anecdotes and mild alarm ('diarrhea summer') add emotional color without dominating."
442,f4f6971ba3bf3615,The Federalist,print_digital,en,DOJ Tells Sanctuary States They Must Report Illegals To Get Federal Welfare,https://thefederalist.com/2026/09/02/doj-tells-sanctuary-states-they-must-report-illegals-to-get-federal-welfare/?utm_source=rss&utm_medium=rss&utm_campaign=doj-tells-sanctuary-states-they-must-report-illegals-to-get-federal-welfare,2026-09-02T20:09:44+00:00,0.00000525,0.118000,0.466667,0.00000029,1375.000000,,6,5,3,14,immigration:0.60; government_leadership:0.20; poverty_homelessness:0.20,score_v2,scope_global,full_text,open,611,page_fetch,"monthly visits / DIGITAL_ITEMS_PER_MONTH (UNADJUSTED: worldwide visits, no US split published); a visit is not a read; flat across the outlet's items (no per-item signal)","Article cites legal opinion, statutes, statistics on welfare use among immigrants, and quotes officials, providing reasoned legal argument. Sourced from DOJ officials with institutional authority, but not a singular high-profile voice. Some charged framing ('leech off welfare') adds mild emotional coloring."
443,3c2275560eade36c,TheBlaze,print_digital,en,news / ex-mayor-sexually-groomed-underage-foreign-exchange-student-in-california,https://www.theblaze.com/news/ex-mayor-sexually-groomed-underage-foreign-exchange-student-in-california,2026-09-03T17:30:00+00:00,0.00001174,0.046000,0.533333,0.00000029,3075.000000,,6,4,6,16,crime:0.85; government_leadership:0.15,score_v2,scope_global,full_text,open,451,rss_fulltext,"monthly visits / DIGITAL_ITEMS_PER_MONTH (UNADJUSTED: worldwide visits, no US split published); a visit is not a read; flat across the outlet's items (no per-item signal)","Straight crime-report article citing court records, DA press release, and victim statement; factual sourcing but no named speaker's personal authority. Emotional weight from victim's suffering and grooming details drives moderate pathos."
444,2aa749cc953a3c6f,The Federalist,print_digital,en,Biden Judge Blocks Trump’s Renewed Efforts To Curb Birthplace Citizenship,https://thefederalist.com/2026/09/03/biden-judge-blocks-trumps-renewed-efforts-to-curb-birthplace-citizenship/?utm_source=rss&utm_medium=rss&utm_campaign=biden-judge-blocks-trumps-renewed-efforts-to-curb-birthplace-citizenship,2026-09-03T16:26:02+00:00,0.00000525,0.108500,0.466667,0.00000027,1375.000000,,4,4,6,14,immigration:0.50; democracy_elections:0.35; government_leadership:0.15,score_v2,scope_global,full_text,open,574,page_fetch,"monthly visits / DIGITAL_ITEMS_PER_MONTH (UNADJUSTED: worldwide visits, no US split published); a visit is not a read; flat across the outlet's items (no per-item signal)","Article cites court rulings and legal reasoning but frames judge with loaded language ('sweetheart sentence,' 'gender-bending delusions'), signaling partisan outlet with modest institutional authority. Emotional framing and characterization of judge as activist drive pathos; legal citations provide some logos."
445,04c737a8880750c2,RealClearPolitics,print_digital,en,Bad Medicine: Billions Wasted on Unnecessary Treatments,https://www.realclearinvestigations.com/articles/2026/09/03/bad_medicine_medicare_wastes_billions_on_unnecessary_treatments_1203985.html,2026-09-03T13:28:05+00:00,0.00002204,0.059000,0.200000,0.00000026,5775.000000,,2,2,2,6,healthcare:0.90; economy:0.10,score_v2,scope_global,summary_only,paywalled,58,rss_summary,"monthly visits / DIGITAL_ITEMS_PER_MONTH (UNADJUSTED: worldwide visits, no US split published); a visit is not a read; flat across the outlet's items (no per-item signal)","Headline/summary only; cites a 1996 task force finding but no full argument, data details, or named speaker with audience authority. Minimal emotional language beyond 'Bad Medicine' framing.'"
446,2bc296c9721ae41c,The Daily Caller,print_digital,en,Fox News Abruptly Announces Departure Of Maria Bartiromo,https://dailycaller.com/2026/09/03/fox-news-announces-departure-maria-bartiromo-fox-business,2026-09-03T17:21:33+00:00,0.00000897,0.124000,0.233333,0.00000026,2350.000000,,3,3,1,7,other:0.70; government_leadership:0.30,score_v2,scope_global,full_text,open,318,page_fetch,"monthly visits / DIGITAL_ITEMS_PER_MONTH (UNADJUSTED: worldwide visits, no US split published); a visit is not a read; flat across the outlet's items (no per-item signal)","Straightforward news report on a media personnel change, citing statements and reporting from other outlets. Minimal argumentation, no personal authority claimed by narrator, low emotional charge—factual and neutral in tone throughout."
447,db41528551bd03ad,Reason,print_digital,en,09 / 03 / florida-revenge-porn-law-doesnt-cover-simulated-sexual-conduct-thats-implied-rather-than-shown,https://reason.com/volokh/2026/09/03/florida-revenge-porn-law-doesnt-cover-simulated-sexual-conduct-thats-implied-rather-than-shown/,2026-09-03T12:33:57+00:00,0.00000711,0.063000,0.566667,0.00000025,1862.500000,,9,6,2,17,democracy_elections:0.70; other:0.30,score_v2,scope_global,full_text,open,781,rss_fulltext,"monthly visits / DIGITAL_ITEMS_PER_MONTH (UNADJUSTED: worldwide visits, no US split published); a visit is not a read; flat across the outlet's items (no per-item signal)","Detailed legal analysis quoting statutory text and court reasoning on defamation/cyberharassment law; minimal emotional language, some vulgar description. Ethos rests on Reason.com's legal-blog authority and detailed judicial sourcing rather than personal narrative."
448,405566824eb6536b,Washington Examiner,print_digital,en,news / 4711771 / farm-backlash-charlie-kirk-corn-maze-indiana,https://www.washingtonexaminer.com/news/4711771/farm-backlash-charlie-kirk-corn-maze-indiana/,2026-09-03T16:26:57+00:00,0.00000868,0.076500,0.366667,0.00000024,2275.000000,,2,3,6,11,unifying_the_country:0.35; other:0.35; ethics_morality:0.20; government_leadership:0.10,score_v2,ok,full_text,open,657,rss_fulltext,monthly visits / DIGITAL_ITEMS_PER_MONTH (already US-only (Semrush country split)); a visit is not a read; flat across the outlet's items (no per-item signal),"News item reports a local farm's controversy over a Charlie Kirk-themed corn maze, quoting statements and reviews. Little argumentation, mostly reported statements and reactions. Emotional intensity from angry reviews and death reference; ethos limited to farm's own statement and outlet's neutral reporting role."
449,d31cd904c9eee7df,The Free Press,print_digital,en,p / tough-love-ex-husband-divorce-sons-happiness,https://www.thefp.com/p/tough-love-ex-husband-divorce-sons-happiness,2026-09-03T15:02:28+00:00,0.00000835,0.058000,0.500000,0.00000024,2187.500000,,3,5,7,15,other:0.70; ethics_morality:0.30,score_v2,ok,full_text,open,700,rss_fulltext,monthly visits / DIGITAL_ITEMS_PER_MONTH (already US-only (Semrush country split)); a visit is not a read; flat across the outlet's items (no per-item signal),"An advice-column letter and response about a failed marriage; reasoning is personal reflection rather than evidence, the columnist has modest authority as an advice-giver, and emotional content (grief, betrayal, self-doubt) is prominent, including poetry to evoke feeling."
450,b826906227afafd6,The Federalist,print_digital,en,Leftists Tearing Down Statues Are Showing You What They Want To Do To America,https://thefederalist.com/2026/09/02/leftists-tearing-down-statues-are-showing-you-what-they-want-to-do-to-america/?utm_source=rss&utm_medium=rss&utm_campaign=leftists-tearing-down-statues-are-showing-you-what-they-want-to-do-to-america,2026-09-02T19:17:55+00:00,0.00000525,0.085500,0.533333,0.00000024,1375.000000,,3,4,9,16,race_relations:0.40; unifying_the_country:0.25; government_leadership:0.20; ethics_morality:0.15,score_v2,scope_global,full_text,open,1121,page_fetch,"monthly visits / DIGITAL_ITEMS_PER_MONTH (UNADJUSTED: worldwide visits, no US split published); a visit is not a read; flat across the outlet's items (no per-item signal)","Opinion piece asserting sweeping claims about leftist motives with little evidence beyond anecdotes (statue removals, one quote, one art piece). Heavy emotionally charged language ('jihad,' 'hate America,' 'mutilated'). Author has no established authority beyond outlet platform; persuasion relies on inflammatory framing rather than argumentation."
451,be82660450903d39,The Nation,print_digital,en,Trump Can’t Stop the Populist Uprising Against Data Centers,https://www.thenation.com/article/politics/trump-ai-data-centers-populism/,2026-09-02T09:30:00+00:00,0.00000409,0.096000,0.600000,0.00000024,1071.612500,,6,5,7,18,ai_technology:0.45; government_leadership:0.20; economy:0.15; environment:0.10; democracy_elections:0.10,score_v2,scope_global,full_text,open,1521,page_fetch,"monthly visits / DIGITAL_ITEMS_PER_MONTH (UNADJUSTED: worldwide visits, no US split published); a visit is not a read; flat across the outlet's items (no per-item signal)","Essay cites polling data, historical precedent (Lloyd, Populists), legislative votes, and quotes to build argument, but is one-sided advocacy. Author's authority is journalistic/analytical, not personally dominant. Language is vivid, mocking Trump, invoking oligarchy, monopoly, revolt—strongly emotionally charged throughout."
452,c885b8fde4c4e788,The Daily Signal,print_digital,en,09 / 03 / cair-nj-bin-laden,https://www.dailysignal.com/2026/09/03/cair-nj-bin-laden/,2026-09-03T17:02:22+00:00,0.00000460,0.092000,0.533333,0.00000023,1206.062500,,3,5,8,16,education:0.35; foreign_policy_wars:0.30; race_relations:0.20; government_leadership:0.15,score_v2,scope_global,full_text,open,622,rss_fulltext,"monthly visits / DIGITAL_ITEMS_PER_MONTH (UNADJUSTED: worldwide visits, no US split published); a visit is not a read; flat across the outlet's items (no per-item signal)","Relies on quoted condemnations from politicians and activists with little independent verification or counter-evidence beyond one dissenting quote. Speakers hold political office/positions giving moderate authority. Language is highly charged ('terrorist organization,' 'rounded up, arrested') producing strong emotional intensity throughout."
453,ce3e18f5bacb1d3f,The Federalist,print_digital,en,DOJ Set To Send Army Of Monitors To Keep An Eye On Elections,https://thefederalist.com/2026/09/03/doj-set-to-send-army-of-monitors-to-keep-an-eye-on-elections/?utm_source=rss&utm_medium=rss&utm_campaign=doj-set-to-send-army-of-monitors-to-keep-an-eye-on-elections,2026-09-03T11:34:08+00:00,0.00000525,0.079000,0.533333,0.00000022,1375.000000,,5,5,6,16,democracy_elections:0.90; government_leadership:0.10,score_v2,scope_global,full_text,open,1355,page_fetch,"monthly visits / DIGITAL_ITEMS_PER_MONTH (UNADJUSTED: worldwide visits, no US split published); a visit is not a read; flat across the outlet's items (no per-item signal)","Article cites specific incidents, officials' quotes, and DOJ statistics, but frames one-sidedly favoring monitors while disparaging Democrats with loaded language ('feckless,' 'radical socialist'). Sources include named officials (Dhillon, Clarke, Mussi) lending institutional authority. Emotional charge comes through partisan rhetoric and mockery rather than neutral reporting."
454,819d5e835c3b601a,The Federalist,print_digital,en,205 House Democrats Vote To Kill Anti-Court Packing Amendment,https://thefederalist.com/2026/09/02/205-house-democrats-vote-to-kill-anti-court-packing-amendment/?utm_source=rss&utm_medium=rss&utm_campaign=205-house-democrats-vote-to-kill-anti-court-packing-amendment,2026-09-02T21:26:02+00:00,0.00000525,0.088500,0.466667,0.00000022,1375.000000,,6,4,4,14,democracy_elections:0.85; government_leadership:0.15,score_v2,scope_global,full_text,open,539,page_fetch,"monthly visits / DIGITAL_ITEMS_PER_MONTH (UNADJUSTED: worldwide visits, no US split published); a visit is not a read; flat across the outlet's items (no per-item signal)","Article presents vote counts, roll calls, and named sources/quotes on court-packing debate, giving factual grounding. Framing ('leftist,' 'radical proposal') and partisan angle add mild emotional charge. No single dominant authoritative voice; relies on institutional reporting (The Federalist) with attributed quotes."
455,d5b69fc6770f1728,The Daily Caller,print_digital,en,EXCLUSIVE: Trump Admin Moves To Revoke Tax Exempt Status For Racially Discriminatory Schools,https://dailycaller.com/2026/09/02/trump-bessent-irs-revoke-tax-exempt-status-schools-racial-discrimination-dei,2026-09-03T00:43:27+00:00,0.00000897,0.055000,0.433333,0.00000021,2350.000000,,5,6,2,13,education:0.60; race_relations:0.30; government_leadership:0.10,score_v2,scope_global,full_text,open,423,page_fetch,"monthly visits / DIGITAL_ITEMS_PER_MONTH (UNADJUSTED: worldwide visits, no US split published); a visit is not a read; flat across the outlet's items (no per-item signal)","Reports policy specifics, cites court precedents, and quotes officials, giving moderate evidentiary structure. Official quotes lend institutional authority. Minimal emotional language; mostly factual/administrative reporting on a policy announcement with named sources (Treasury, IRS)."
456,1321636705fad5c7,The Free Press,print_digital,en,p / ai-environment-alaska-iran,https://www.thefp.com/p/ai-environment-alaska-iran,2026-09-03T10:02:26+00:00,0.00000835,0.069000,0.366667,0.00000021,2187.500000,,4,5,2,11,education:0.40; ai_technology:0.20; foreign_policy_wars:0.20; democracy_elections:0.10; government_leadership:0.10,score_v2,ok,full_text,open,543,rss_fulltext,monthly visits / DIGITAL_ITEMS_PER_MONTH (already US-only (Semrush country split)); a visit is not a read; flat across the outlet's items (no per-item signal),"Newsletter roundup: brief framing of AI-in-schools debate citing two teachers' opposing views, plus terse news bullets on Iran, Ukraine, courts, Google, Gallup poll, and USPS. Little argumentation or emotional language; institutional but not personal authority; multiple topics each get thin coverage."
457,93ea21289b555f66,The Daily Beast,print_digital,en,best-labor-day-sales,https://www.thedailybeast.com/best-labor-day-sales/,2026-09-03T18:06:27+00:00,0.00008616,0.070000,0.033333,0.00000020,22575.000000,,0,1,0,1,other:1.00,score_v2,scope_global,full_text,open,814,rss_fulltext,"monthly visits / DIGITAL_ITEMS_PER_MONTH (UNADJUSTED: worldwide visits, no US split published); a visit is not a read; flat across the outlet's items (no per-item signal)","A shopping deals roundup listing discounts across retail categories. No argument, no identifiable authoritative speaker, no emotional appeal—purely commercial/product listicle content unrelated to Gallup topics."
458,7d86d92be23d6611,The Nation,print_digital,en,Kaepernick and the Movement He Inspired,https://www.thenation.com/article/society/kaepernick-kneel-10-year-anniversary/,2026-09-03T09:50:00+00:00,0.00000409,0.077500,0.633333,0.00000020,1071.612500,,5,6,8,19,race_relations:0.65; other:0.20; government_leadership:0.15,score_v2,scope_global,full_text,open,1358,page_fetch,"monthly visits / DIGITAL_ITEMS_PER_MONTH (UNADJUSTED: worldwide visits, no US split published); a visit is not a read; flat across the outlet's items (no per-item signal)","Zirin, a known sports-politics writer, offers historical narrative and interviews (some evidence) but mostly builds a passionate, one-sided moral case for Kaepernick using vivid language, anecdotes, and outrage against critics, with strong personal authorial voice for his audience."
459,886f81514bd8ad1d,Salon,print_digital,en,09 / 02 / netflix-death-of-the-pastors-wife-casts-doubt-on-true-crime-mica-miller,https://www.salon.com/2026/09/02/netflix-death-of-the-pastors-wife-casts-doubt-on-true-crime-mica-miller/,2026-09-02T20:45:48+00:00,0.00001403,0.030000,0.466667,0.00000020,3675.000000,,4,4,6,14,ethics_morality:0.40; crime:0.40; other:0.20,score_v2,scope_global,full_text,open,402,rss_fulltext,"monthly visits / DIGITAL_ITEMS_PER_MONTH (UNADJUSTED: worldwide visits, no US split published); a visit is not a read; flat across the outlet's items (no per-item signal)","A media critique/review essay analyzing a true-crime documentary, mixing narrative summary with moral commentary on exploitation, abuse, and church complicity. Some evidence (case details, quotes) but mostly interpretive argument; author's authority is journalistic, not personal; emotional language around abuse and exploitation adds moderate pathos."
460,9a19db8c67bded6a,The Nation,print_digital,en,Gaza’s Class of 2026,https://www.thenation.com/article/world/gaza-class-of-2026-tawjihi-genocide-2008/,2026-09-03T09:00:00+00:00,0.00000409,0.074500,0.633333,0.00000019,1071.612500,,4,6,9,19,foreign_policy_wars:0.45; education:0.45; other:0.10,score_v2,scope_global,full_text,open,1877,page_fetch,"monthly visits / DIGITAL_ITEMS_PER_MONTH (UNADJUSTED: worldwide visits, no US split published); a visit is not a read; flat across the outlet's items (no per-item signal)","Personal essay by a Palestinian sister of a graduate, using statistics, named individuals, and vivid anecdotes about Gaza's students taking exams amid war. Heavy emotional weight; light on argumentation/counterpoints but strong witness testimony and first-hand authority."
461,b155d3ebfc63b84f,Jacobin,print_digital,en,2026 / 09 / ai-intelligence-meritocracy-pay-jobs,https://jacobin.com/2026/09/ai-intelligence-meritocracy-pay-jobs,2026-09-02T14:18:38+00:00,0.00000544,0.079000,0.433333,0.00000019,1425.000000,,6,4,3,13,ai_technology:0.55; economy:0.30; education:0.10; ethics_morality:0.05,score_v2,scope_global,full_text,open,1035,rss_fulltext,"monthly visits / DIGITAL_ITEMS_PER_MONTH (UNADJUSTED: worldwide visits, no US split published); a visit is not a read; flat across the outlet's items (no per-item signal)","Essayistic reasoning with hypotheticals, historical analogy, and personal anecdote, but no data or engagement with counterarguments beyond speculation. Author writes as an independent blogger without institutional or expert authority signaled. Tone is reflective and mildly provocative, not highly emotional."
462,538dd79c6b9729b3,The Daily Signal,print_digital,en,Biden Judge Blocks Trump’s Effort to End Birth Tourism,https://www.dailysignal.com/2026/09/03/biden-judge-block-trumps-effort-to-end-birth-tourism/,2026-09-03T14:54:20+00:00,0.00000460,0.101000,0.400000,0.00000019,1206.062500,,3,4,5,12,immigration:0.55; democracy_elections:0.35; government_leadership:0.10,score_v2,scope_global,full_text,open,362,page_fetch,"monthly visits / DIGITAL_ITEMS_PER_MONTH (UNADJUSTED: worldwide visits, no US split published); a visit is not a read; flat across the outlet's items (no per-item signal)","Reports a court ruling with quotes from judge, official, and White House, but little independent evidence or analysis; mostly quoted assertions and political framing ('activist judge,' 'cash cow') driving emotional charge rather than reasoned argument."
463,9257abaf04e6788c,TheBlaze,print_digital,en,columns / opinion / did-lindsay-clancy-lose-her-mind-or-her-free-will,https://www.theblaze.com/columns/opinion/did-lindsay-clancy-lose-her-mind-or-her-free-will,2026-09-03T15:00:00+00:00,0.00001174,0.026000,0.566667,0.00000017,3075.000000,,7,5,5,17,ethics_morality:0.65; crime:0.25; healthcare:0.10,score_v2,scope_global,full_text,open,941,rss_fulltext,"monthly visits / DIGITAL_ITEMS_PER_MONTH (UNADJUSTED: worldwide visits, no US split published); a visit is not a read; flat across the outlet's items (no per-item signal)","A philosophical opinion piece using natural-law reasoning, historical examples, and legal analysis to argue moral responsibility persists despite mental illness. Author is an uncredited columnist; authority rests on argument quality, not personal fame. Emotional weight comes from the tragic case and moral stakes rather than inflammatory rhetoric."
464,9e4039b7dda65d46,The Daily Signal,print_digital,en,09 / 03 / first-kind-civil-rights-division-tests-novel-use-education-law-combat-gender-secrecy-policies,https://www.dailysignal.com/2026/09/03/first-kind-civil-rights-division-tests-novel-use-education-law-combat-gender-secrecy-policies/,2026-09-03T17:14:06+00:00,0.00000460,0.074000,0.500000,0.00000017,1206.062500,,5,6,4,15,education:0.60; government_leadership:0.20; ethics_morality:0.20,score_v2,scope_global,full_text,open,507,rss_fulltext,"monthly visits / DIGITAL_ITEMS_PER_MONTH (UNADJUSTED: worldwide visits, no US split published); a visit is not a read; flat across the outlet's items (no per-item signal)","Article cites specific laws (FERPA, PPRA), lawsuit details, and quotes officials, providing moderate evidentiary structure. Ethos derives from named DOJ and Education Department officials speaking in official capacity. Pathos moderate via charged phrases like 'radical gender ideology' and 'gender secrecy.'"
465,9bac762825eccfe2,The Nation,print_digital,en,The Fight for Serious AI Regulation Just Won a Big Victory in Massachusetts,https://www.thenation.com/article/politics/ed-markey-ai-regulation/,2026-09-03T09:31:00+00:00,0.00000409,0.066500,0.566667,0.00000015,1071.612500,,5,6,6,17,ai_technology:0.55; democracy_elections:0.25; economy:0.20,score_v2,scope_global,full_text,open,1029,page_fetch,"monthly visits / DIGITAL_ITEMS_PER_MONTH (UNADJUSTED: worldwide visits, no US split published); a visit is not a read; flat across the outlet's items (no per-item signal)","Article details Markey's AI policy proposals and campaign narrative, citing specific bills, but is one-sided advocacy journalism favoring Markey. Ethos rests on Markey's Senate standing and progressive base; pathos moderate via charged language ('criminal enterprises,' 'oligarchs')."
466,150a1d265f418476,The Daily Caller,print_digital,en,African Immigrant Kills Antifa Activist In Gay Bar Hate Crime,https://dailycaller.com/2026/09/03/african-immigrant-ousman-ceesay-gay-bar-shooting-tucson-cameron-davis-political-activist,2026-09-03T15:22:40+00:00,0.00000897,0.037000,0.433333,0.00000014,2350.000000,,4,3,6,13,crime:0.55; immigration:0.25; ethics_morality:0.15; race_relations:0.05,score_v2,scope_global,full_text,open,330,page_fetch,"monthly visits / DIGITAL_ITEMS_PER_MONTH (UNADJUSTED: worldwide visits, no US split published); a visit is not a read; flat across the outlet's items (no per-item signal)","Reports a hate-crime shooting with police statements, victim background details and family testimony, but framing (headline linking immigrant status and Antifa) suggests selective emphasis. No named outlet authority beyond attributed sources; emotionally charged subject matter drives moderate pathos."
467,fa798c7a6971b4e4,The Nation,print_digital,en,The Misremembered ’90s of “The Backrooms”,https://www.thenation.com/article/society/backrooms-a24-kane-parsons-postmodern-90s/,2026-09-03T09:00:00+00:00,0.00000409,0.070000,0.500000,0.00000014,1071.612500,,6,6,3,15,other:1.00,score_v2,scope_global,full_text,open,1246,page_fetch,"monthly visits / DIGITAL_ITEMS_PER_MONTH (UNADJUSTED: worldwide visits, no US split published); a visit is not a read; flat across the outlet's items (no per-item signal)","A film-criticism essay analyzing 'The Backrooms' through architectural/postmodern theory (Jameson), with reasoned interpretation but no political topic. Author's cultural-critic voice carries some authority; emotional intensity is low, mostly analytical prose."
468,4e0eacb8c5072776,TheBlaze,print_digital,en,news / gay-bar-shooting-muslim-hate,https://www.theblaze.com/news/gay-bar-shooting-muslim-hate,2026-09-03T17:15:00+00:00,0.00001174,0.028000,0.433333,0.00000014,3075.000000,,4,3,6,13,crime:0.60; race_relations:0.20; other:0.20,score_v2,scope_global,full_text,open,442,rss_fulltext,"monthly visits / DIGITAL_ITEMS_PER_MONTH (UNADJUSTED: worldwide visits, no US split published); a visit is not a read; flat across the outlet's items (no per-item signal)","Factual crime report with police statements, family quotes, and community reaction. Some emotional language ('heartbreaking and infuriating', 'overwhelmed by love'). No named authoritative speaker beyond quoted sources; moderate evidentiary detail from police investigation."
469,6940ad933bd06471,The Daily Signal,print_digital,en,Trump Administration Targets Race-Based Discrimination With New IRS Crackdown on Private Schools,https://www.dailysignal.com/2026/09/03/trump-administration-targets-race-based-discrimination-with-new-irs-crackdown-on-private-schools/,2026-09-03T17:23:09+00:00,0.00000460,0.077000,0.400000,0.00000014,1206.062500,,4,6,2,12,education:0.50; race_relations:0.30; government_leadership:0.20,score_v2,scope_global,full_text,open,362,page_fetch,"monthly visits / DIGITAL_ITEMS_PER_MONTH (UNADJUSTED: worldwide visits, no US split published); a visit is not a read; flat across the outlet's items (no per-item signal)","Reports policy announcement with official quotes and legal precedent citations, but limited independent analysis. Cites named officials (Bessent, Bisignano) giving institutional authority. Minimal emotional language except promotional book plug at end, which adds ideological framing but little pathos to core story."
470,1c97455b4aef253c,The Daily Caller,print_digital,en,Inside The ‘Top Secret’ Plan That Led To Biggest Pro-Second Amendment Ruling In 90 Years,https://dailycaller.com/2026/09/03/insiders-detail-how-nine-decades-of-gun-control-were-ended,2026-09-03T18:00:43+00:00,0.00000897,0.028000,0.533333,0.00000013,2350.000000,,6,6,4,16,guns:0.85; government_leadership:0.10; democracy_elections:0.05,score_v2,scope_global,full_text,open,2589,page_fetch,"monthly visits / DIGITAL_ITEMS_PER_MONTH (UNADJUSTED: worldwide visits, no US split published); a visit is not a read; flat across the outlet's items (no per-item signal)","Detailed investigative narrative with legislative history, court rulings, and named-source quotes explaining legal theory (logos). Sources are advocacy officials and lawmakers with recognized standing among pro-gun audiences (ethos). Triumphant framing ('historic,' 'great day for liberty') adds moderate emotional charge (pathos), though mostly factual/procedural."
471,a42675a7a5c5956b,Reason,print_digital,en,09 / 03 / mamdani-bans-the-robot-teachers,https://reason.com/2026/09/03/mamdani-bans-the-robot-teachers/,2026-09-03T13:30:19+00:00,0.00000711,0.024000,0.533333,0.00000009,1862.500000,,6,6,4,16,education:0.55; ai_technology:0.30; crime:0.10; other:0.05,score_v2,scope_global,full_text,open,1160,rss_fulltext,"monthly visits / DIGITAL_ITEMS_PER_MONTH (UNADJUSTED: worldwide visits, no US split published); a visit is not a read; flat across the outlet's items (no per-item signal)","Opinion column citing NYT, Chalkbeat, Reason reporting and personal reasoning on AI-in-schools policy, plus quick-hit news items. Writer's own authority as Reason commentator, moderate emotional language ('crummy edtech', 'robo-teacher', frustration), substantial evidentiary citation but one-sided framing."
472,0008d691d758a910,TheBlaze,print_digital,en,news / andrea-lee-campos-hernandez-teacher-student,https://www.theblaze.com/news/andrea-lee-campos-hernandez-teacher-student,2026-09-03T14:44:50+00:00,0.00001174,0.012000,0.600000,0.00000008,3075.000000,,6,5,7,18,crime:0.90; education:0.10,score_v2,scope_global,full_text,open,875,rss_fulltext,"monthly visits / DIGITAL_ITEMS_PER_MONTH (UNADJUSTED: worldwide visits, no US split published); a visit is not a read; flat across the outlet's items (no per-item signal)","News report citing court documents, prosecutor statements, victim impact testimony, and defense arguments; institutional sourcing (DOJ, FBI) gives moderate ethos. Emotional victim/mother quotes add pathos, while factual case details and legal reasoning provide logos."
473,3bf24d48c4591121,RealClearPolitics,print_digital,en,The Threat of AI Takeover Is Real,https://www.realclearpolitics.com/2026/09/03/the_threat_of_ai_takeover_is_real_709877.html,2026-09-03T20:38:53+00:00,0.00002204,0.010000,0.366667,0.00000008,5775.000000,,2,5,4,11,ai_technology:1.00,score_v2,scope_global,summary_only,paywalled,45,rss_summary,"monthly visits / DIGITAL_ITEMS_PER_MONTH (UNADJUSTED: worldwide visits, no US split published); a visit is not a read; flat across the outlet's items (no per-item signal)","Only a headline and brief summary available; author cites his role as an 'AI futures researcher' and references a rebuttal to Cowen, but no evidence or argument is presented. Some urgency in framing ('threat is real') suggests moderate emotional charge."
474,41a486999543f9ae,Mother Jones,print_digital,en,2026 / 09 / mamdani-nyc-ai-ban-pause-moratorium-public-schools,https://www.motherjones.com/politics/2026/09/mamdani-nyc-ai-ban-pause-moratorium-public-schools/,2026-09-02T20:34:06+00:00,0.00000582,0.029000,0.466667,0.00000008,1525.000000,,5,6,3,14,ai_technology:0.60; education:0.35; government_leadership:0.05,score_v2,scope_global,full_text,open,356,rss_fulltext,"monthly visits / DIGITAL_ITEMS_PER_MONTH (UNADJUSTED: worldwide visits, no US split published); a visit is not a read; flat across the outlet's items (no per-item signal)","Article reports policy details, quotes mayor and union president, cites context on other districts. Mamdani's ethos as mayor with direct authority over policy is notable; moderate emotional framing about children needing human connection, but mostly factual reporting with limited counterargument depth."
475,43f0ac8ac0785f62,The Free Press,print_digital,en,p / why-i-let-my-students-use-ai,https://www.thefp.com/p/why-i-let-my-students-use-ai,2026-09-02T23:20:46+00:00,0.00000835,0.018000,0.500000,0.00000008,2187.500000,,4,6,5,15,ai_technology:0.60; education:0.40,score_v2,ok,full_text,open,329,rss_fulltext,monthly visits / DIGITAL_ITEMS_PER_MONTH (already US-only (Semrush country split)); a visit is not a read; flat across the outlet's items (no per-item signal),"A teacher argues from personal classroom experience against AI-panic narratives, using rhetorical mockery rather than data. Ethos rests on his professional identity as a high school English teacher. Some emotional language ('cognitive cancer,' living under a rock) drives the piece."
476,a0701ddb63083f93,TheBlaze,print_digital,en,tech / tips-to-keep-ai-chats-out-of-court,https://www.theblaze.com/tech/tips-to-keep-ai-chats-out-of-court,2026-09-03T14:30:00+00:00,0.00001174,0.012500,0.400000,0.00000006,3075.000000,,5,3,4,12,ai_technology:0.85; crime:0.10; democracy_elections:0.05,score_v2,scope_global,full_text,open,881,rss_fulltext,"monthly visits / DIGITAL_ITEMS_PER_MONTH (UNADJUSTED: worldwide visits, no US split published); a visit is not a read; flat across the outlet's items (no per-item signal)","Article cites a Washington Post report, gives specific case examples, and offers practical tips (private AI, local LLMs). No named personal authority; author's credibility rests on outlet, not identity. Some alarmist framing ('supercomputer,' 'nothing you write is private') adds moderate emotional weight."
477,18b22461048eb9ce,RealClearPolitics,print_digital,en,'Artificial Intelligence' Has Been Misnamed,https://www.realclearscience.com/articles/2026/09/03/artificial_intelligence_has_been_misnamed_1204062.html,2026-09-03T20:36:00+00:00,0.00002204,0.010000,0.233333,0.00000005,5775.000000,,2,3,2,7,ai_technology:1.00,score_v2,scope_global,summary_only,paywalled,64,rss_summary,"monthly visits / DIGITAL_ITEMS_PER_MONTH (UNADJUSTED: worldwide visits, no US split published); a visit is not a read; flat across the outlet's items (no per-item signal)","Headline and brief summary only; states a claim about AI naming/history without evidence or argument. No identifiable strong authority voice beyond outlet framing. Minimal emotional charge, mostly descriptive/historical framing."
478,74894222fdd7c68e,The Daily Signal,print_digital,en,09 / 03 / vance-dark-spiritual-energy-around-ai,https://www.dailysignal.com/2026/09/03/vance-dark-spiritual-energy-around-ai/,2026-09-03T14:37:52+00:00,0.00000460,0.015000,0.500000,0.00000003,1206.062500,,2,7,6,15,ai_technology:0.75; ethics_morality:0.25,score_v2,scope_global,full_text,open,313,rss_fulltext,"monthly visits / DIGITAL_ITEMS_PER_MONTH (UNADJUSTED: worldwide visits, no US split published); a visit is not a read; flat across the outlet's items (no per-item signal)","Vance offers anecdotes, not evidence or structured argument, so logos is low. As sitting VP addressing a Christian podcast audience, his personal authority carries real weight there. Language about 'evil presence,' 'satanic,' 'Antichrist' and spiritual darkness adds notable emotional charge without being fully affect-driven."
,e8fcf1ebbbeeffd5,The American Conservative,print_digital,en,iran-war-day-188-iran-launches-more-retaliatory-strikes-defying-trump,https://www.theamericanconservative.com/iran-war-day-188-iran-launches-more-retaliatory-strikes-defying-trump/,2026-09-03T12:30:43+00:00,,0.146500,0.500000,,,,6,4,5,15,foreign_policy_wars:0.75; government_leadership:0.15; inflation_cost_of_living:0.10,score_v2,unsourced,full_text,open,359,rss_fulltext,no sourced reach figure; flat across the outlet's items (no per-item signal),"News-style report citing NYT, WSJ, Reuters, AAA data on casualties, oil/gas prices, and political dynamics; includes direct Trump quote. No single strong authorial voice; moderate emotional charge from war violence, civilian deaths, and threatening rhetoric quoted."
,6a1f57b6cb651e2e,The American Conservative,print_digital,en,on-his-big-policies-burnham-begins-backtracking,https://www.theamericanconservative.com/on-his-big-policies-burnham-begins-backtracking/,2026-09-03T04:03:00+00:00,,0.209000,0.500000,,,,6,5,4,15,government_leadership:0.45; economy:0.25; inflation_cost_of_living:0.15; other:0.15,score_v2,unsourced,full_text,open,945,rss_fulltext,no sourced reach figure; flat across the outlet's items (no per-item signal),"Opinion piece citing specific policy reversals (housing, Thames Water, EU, taxes) with quotes and figures as evidence, but framed with sarcastic, one-sided commentary. Author's authority rests on outlet standing, not personal renown. Moderate emotional colouring via mockery and dire warnings ('winter of discontent')."
,cead8cf79e82c527,The American Conservative,print_digital,en,put-out-more-flags,https://www.theamericanconservative.com/put-out-more-flags/,2026-09-03T04:02:00+00:00,,0.061000,0.533333,,,,5,5,6,16,other:0.70; ethics_morality:0.20; unifying_the_country:0.10,score_v2,unsourced,full_text,open,1623,rss_fulltext,no sourced reach figure; flat across the outlet's items (no per-item signal),"An art-criticism essay reviewing a flag exhibition, weaving historical and aesthetic argument with personal reflection. Reasoning is thoughtful but essayistic rather than evidentiary; ethos rests on the critic's cultivated authority for a niche cultural-conservative readership; pathos is moderate, evoked through vivid imagery and patriotic/melancholic sentiment."
,a3765f3ef456c1ee,The American Conservative,print_digital,en,the-gops-john-fetterman-wildcard,https://www.theamericanconservative.com/the-gops-john-fetterman-wildcard/,2026-09-03T04:01:00+00:00,,0.151000,0.500000,,,,7,4,4,15,government_leadership:0.40; democracy_elections:0.35; foreign_policy_wars:0.25,score_v2,unsourced,full_text,open,1205,rss_fulltext,no sourced reach figure; flat across the outlet's items (no per-item signal),"Article uses polling data, voting records, and specific vote tallies to build a case about Fetterman's influence on Senate control. No named author authority; institutional (American Conservative) backing only. Some vivid, mocking language ('DINO', 'gravy, baby') adds moderate emotional color."
,5f655ecde99db3b2,The American Conservative,print_digital,en,trumps-wars-created-a-disturbing-military-readiness-crisis,https://www.theamericanconservative.com/trumps-wars-created-a-disturbing-military-readiness-crisis/,2026-09-02T04:05:00+00:00,,0.139500,0.566667,,,,8,5,4,17,foreign_policy_wars:0.85; government_leadership:0.15,score_v2,unsourced,full_text,open,1620,rss_fulltext,no sourced reach figure; flat across the outlet's items (no per-item signal),"Detailed policy argument citing troop numbers, equipment losses, official statements, and specific theaters (Iran, Latin America, Europe, Asia) to support a readiness-crisis thesis. Author unnamed but writes with institutional authority from The American Conservative. Tone is urgent but analytical rather than highly emotional."
,31e64b39831275e7,The American Conservative,print_digital,en,hurting-everyday-iranians-doesnt-help-american-interests,https://www.theamericanconservative.com/hurting-everyday-iranians-doesnt-help-american-interests/,2026-09-02T04:03:00+00:00,,0.136500,0.633333,,,,7,6,6,19,foreign_policy_wars:0.85; economy:0.15,score_v2,unsourced,full_text,open,1065,rss_fulltext,no sourced reach figure; flat across the outlet's items (no per-item signal),"Article cites multiple named experts, testimonies, and historical context on sanctions, showing structured argument. Ethos derives from expert quotes (Kelanic, Toossi, Parsi) and TAC's institutional voice. Pathos moderate via civilian testimonies of suffering, though overall tone remains analytical."
,fe059b6f6612b0fe,The American Conservative,print_digital,en,trumps-political-crises-are-largely-of-his-own-choosing,https://www.theamericanconservative.com/trumps-political-crises-are-largely-of-his-own-choosing/,2026-09-02T04:01:00+00:00,,0.180000,0.500000,,,,6,5,4,15,government_leadership:0.40; foreign_policy_wars:0.30; inflation_cost_of_living:0.20; democracy_elections:0.10,score_v2,unsourced,full_text,open,758,rss_fulltext,no sourced reach figure; flat across the outlet's items (no per-item signal),"Opinion piece using historical/pop-culture analogy and political reasoning to critique Trump's handling of war, tariffs, and inflation ahead of midterms. Some evidence (economic comparisons, past record) but largely argumentative assertion from a conservative commentator with moderate outlet standing."
,af4d48d790509c79,One America News Network,cable,en,FBI places suspect on Most Wanted Fraudsters List for supplying fraudulent weapons components to U.S. Military,https://www.oann.com/newsroom/fbi-places-suspect-on-most-wanted-fraudsters-list-for-supplying-fraudulent-weapons-components-to-u-s-military,2026-09-03T00:00:00+00:00,,0.073500,0.433333,,,,5,6,2,13,crime:0.60; foreign_policy_wars:0.25; government_leadership:0.15,score_v2,unsourced,full_text,open,515,transcript_page,no sourced reach figure; flat across the outlet's items (no per-item signal),"Factual FBI press-release style report detailing specific charges, dates, and background cases; sourced from official bureau statements giving institutional authority. Minimal emotional language, straightforward reporting with some supporting detail but no independent analysis or counterpoints."
,4644bba7da4e3461,One America News Network,cable,en,Federal judge blocks Trump's new EO limiting birthright citizenship,https://www.oann.com/newsroom/federal-judge-blocks-trumps-new-eo-limiting-birthright-citizenship,2026-09-03T00:00:00+00:00,,0.101000,0.400000,,,,6,4,2,12,immigration:0.55; democracy_elections:0.35; government_leadership:0.10,score_v2,unsourced,full_text,open,497,transcript_page,no sourced reach figure; flat across the outlet's items (no per-item signal),"Reports court ruling with direct quotes from judge, cites legal precedent, constitutional text, and administration response. No named outlet authority beyond OAN staff byline; factual, low emotional language aside from 'priceless gift' quote from Trump's EO.'"
,f8f40fd6c79bc935,One America News Network,cable,en,"Minneapolis shooting leaves 2 killed, gunman dead, at least 6 injured, including 2 police officers",https://www.oann.com/newsroom/minneapolis-shooting-leaves-2-killed-gunman-dead-at-least-6-injured-including-2-police-officers,2026-09-03T00:00:00+00:00,,0.046000,0.400000,,,,3,4,5,12,crime:0.85; government_leadership:0.15,score_v2,unsourced,full_text,open,354,transcript_page,no sourced reach figure; flat across the outlet's items (no per-item signal),"Straight news report on a shooting, citing police chief, mayor, and a representative's statements. Some factual detail (injury counts, hospital status) but limited analysis. Officials' quotes add moderate emotional weight ('sickened,' 'heroic') without heavy editorializing."
,9c8385b7bbe82e86,One America News Network,cable,en,"War Dept. issues guidelines mandating annual testosterone deficiency screenings for active-duty and reserve service members 30 and older, taking effect now",https://www.oann.com/newsroom/war-dept-issues-guidelines-mandating-annual-testosterone-deficiency-screenings-for-active-duty-and-reserve-service-members-30-and-older-taking-effect-now,2026-09-02T00:00:00+00:00,,0.092500,0.366667,,,,6,4,1,11,healthcare:0.75; government_leadership:0.25,score_v2,unsourced,full_text,open,450,transcript_page,no sourced reach figure; flat across the outlet's items (no per-item signal),"Straightforward policy report detailing new War Dept. testosterone screening guidelines, with procedural specifics and some expert pushback noted. No named individual speaker; institutional sourcing (OAN, Pentagon officials) gives moderate ethos. Minimal emotional language; factual, clinical tone throughout."
,ff0004781837ad43,One America News Network,cable,en,DOJ targets 8 major grocery chains in skyrocketing beef price probe,https://www.oann.com/newsroom/doj-targets-8-major-grocery-chains-in-skyrocketing-beef-price-probe,2026-09-02T00:00:00+00:00,,0.211000,0.400000,,,,6,5,1,12,inflation_cost_of_living:0.60; government_leadership:0.25; economy:0.15,score_v2,unsourced,full_text,open,402,transcript_page,no sourced reach figure; flat across the outlet's items (no per-item signal),"Reports DOJ probe into beef prices with CPI data, price percentages, and drought/supply causal factors. Institutional sourcing (DOJ, BLS) gives moderate ethos; no personal voice of authority. Minimal emotional language, mostly factual/statistical reporting on inflation and government action."
,c518d7c416af11cf,One America News Network,cable,en,‘We have virtually unlimited amounts’: Trump slams ‘treasonous’ reporting of dwindling U.S. munitions,https://www.oann.com/newsroom/we-have-virtually-unlimited-amounts-trump-slams-treasonous-reporting-of-dwindling-u-s-munitions/,2026-09-03T17:28:06+00:00,,0.150500,0.533333,,,,2,7,7,16,foreign_policy_wars:0.75; government_leadership:0.15; economy:0.10,score_v2,unsourced,full_text,open,444,page_fetch,no sourced reach figure; flat across the outlet's items (no per-item signal),"Trump makes bare assertions ('virtually unlimited') without evidence, attacks media as 'treasonous,' invoking his presidential authority and loyal audience. Charged language ('treasonous SCUM', 'WINNING') drives strong emotional intensity with minimal reasoning or data offered."
,c6065308ef452ee1,One America News Network,cable,en,FBI places suspect on Most Wanted Fraudsters List for supplying fraudulent weapons components to U.S. Military,https://www.oann.com/newsroom/fbi-places-suspect-on-most-wanted-fraudsters-list-for-supplying-fraudulent-weapons-components-to-u-s-military/,2026-09-03T16:48:41+00:00,,0.073500,0.333333,,,,4,4,2,10,crime:0.60; foreign_policy_wars:0.25; government_leadership:0.15,score_v2,unsourced,full_text,open,515,page_fetch,no sourced reach figure; flat across the outlet's items (no per-item signal),"Straight news report citing FBI allegations, charges, and case details factually. Low emotional language, moderate evidentiary detail from official source, but no independent verification or counterargument. Ethos rests on FBI as institutional source, not a personal voice."
,d58048a662c21fd6,One America News Network,cable,en,Federal judge blocks Trump’s new EO limiting birthright citizenship,https://www.oann.com/newsroom/federal-judge-blocks-trumps-new-eo-limiting-birthright-citizenship/,2026-09-03T15:08:37+00:00,,0.108500,0.433333,,,,6,5,2,13,immigration:0.50; democracy_elections:0.35; government_leadership:0.15,score_v2,unsourced,full_text,open,497,page_fetch,no sourced reach figure; flat across the outlet's items (no per-item signal),"Straight news report citing judge's opinion, constitutional text, and AG statement. Some legal reasoning quoted directly; minimal emotional language; standard wire-style reporting with attributed sources rather than personal authority."
,5a78ef1663f2e468,The Bulwark,print_digital,en,p / when-you-control-the-mail-you-control-the-nation-midterm-elections-trump-convention-texas-ads-spending,https://www.thebulwark.com/p/when-you-control-the-mail-you-control-the-nation-midterm-elections-trump-convention-texas-ads-spending,2026-09-03T13:27:35+00:00,,0.130500,0.600000,,,,6,6,6,18,democracy_elections:0.50; government_leadership:0.35; other:0.10; foreign_policy_wars:0.05,score_v2,unsourced,full_text,open,1613,rss_fulltext,no sourced reach figure; flat across the outlet's items (no per-item signal),"Piece cites polling, reported ad strategy, whistleblower allegations, and quotes from senators to build an argument about Trump's midterm strategy and mail-ballot manipulation. Bulwark's known anti-Trump conservative voice carries authority with its audience. Sarcastic, indignant tone ('cheat,' 'insurrectionist') adds moderate emotional charge throughout."
,4edf06467f3e521e,The Bulwark,print_digital,en,p / wendell-berry-1934-2026-rip-remembrance,https://www.thebulwark.com/p/wendell-berry-1934-2026-rip-remembrance,2026-09-03T07:15:13+00:00,,0.033000,0.633333,,,,5,8,6,19,ethics_morality:0.40; race_relations:0.30; environment:0.20; other:0.10,score_v2,unsourced,full_text,open,1527,rss_fulltext,no sourced reach figure; flat across the outlet's items (no per-item signal),"An obituary/remembrance of Wendell Berry, weaving biography, extensive quotation, and literary analysis. Argument is evidential (quotes, works) but not building a case; ethos rests on Berry's own literary authority as quoted; pathos moderate via elegiac tone and moral reflection on race, land, and community."
,64e0405c2b4b9914,The Bulwark,print_digital,en,p / trump-is-keeping-venezuela-dictatorship-in-business-oil-deal-delcy-rodriguez,https://www.thebulwark.com/p/trump-is-keeping-venezuela-dictatorship-in-business-oil-deal-delcy-rodriguez,2026-09-03T06:22:24+00:00,,0.130000,0.600000,,,,6,5,7,18,foreign_policy_wars:0.55; democracy_elections:0.25; government_leadership:0.15; economy:0.05,score_v2,unsourced,full_text,open,1188,rss_fulltext,no sourced reach figure; flat across the outlet's items (no per-item signal),"Opinion piece using polling data, quotes from officials, and historical context to argue Trump's Venezuela oil deal prioritizes profit over democracy. Author's authority is journalistic/publication-based, not personal celebrity. Uses charged language ('mugger,' 'extorting,' 'ill-gotten gains') for emotional and moral force."
,b0350f5a33cf128a,The Bulwark,print_digital,en,p / trump-republicans-data-centers,https://www.thebulwark.com/p/trump-republicans-data-centers,2026-09-03T00:14:54+00:00,,0.134500,0.533333,,,,6,6,4,16,government_leadership:0.30; ai_technology:0.25; democracy_elections:0.25; economy:0.10; inflation_cost_of_living:0.10,score_v2,unsourced,full_text,open,1371,rss_fulltext,no sourced reach figure; flat across the outlet's items (no per-item signal),"Political analysis piece with quotes from pollsters, ad makers, and multiple examples of candidate statements; sourced but one-sided against Trump/GOP. Bulwark's anti-Trump editorial voice carries recognized standing with its audience. Emotional charge comes from 'backwards and poor' framing and mockery rather than raw appeals."
,a329ed07a020bf8b,The Intercept,print_digital,en,09 / 03 / ice-palantir-privacy-personal-info-access,https://theintercept.com/2026/09/03/ice-palantir-privacy-personal-info-access/,2026-09-03T16:26:09+00:00,,0.098500,0.566667,,,,7,6,4,17,immigration:0.45; ai_technology:0.35; government_leadership:0.20,score_v2,unsourced,full_text,open,1026,rss_fulltext,no sourced reach figure; flat across the outlet's items (no per-item signal),"Investigative piece citing named officials, legal experts, anonymous ICE sources, and documents (privacy law, DHS records) to support claims about ELITE app and lax vetting. Ethos from Intercept's investigative reporting and quoted authorities. Some emotive language ('1984 shit', 'nightmares') adds moderate pathos."
,69fa582a4132be99,The Intercept,print_digital,en,09 / 03 / aipac-marc-rowan-donor-gaza-board-peace,https://theintercept.com/2026/09/03/aipac-marc-rowan-donor-gaza-board-peace/,2026-09-03T10:00:00+00:00,,0.118500,0.533333,,,,6,4,6,16,foreign_policy_wars:0.55; democracy_elections:0.30; economy:0.15,score_v2,unsourced,full_text,open,1126,rss_fulltext,no sourced reach figure; flat across the outlet's items (no per-item signal),"Investigative piece with FEC filings, dollar figures, named sources and quotes on both sides, but framed with charged language ('genocide,' 'ethnic cleansing'). The Intercept's institutional reporting authority is moderate; strong moral urgency drives emotional intensity throughout."
,f8fc4f0e9311bcda,The Intercept,print_digital,en,09 / 02 / trump-openai-copyright-lawsuit-news-articles,https://theintercept.com/2026/09/02/trump-openai-copyright-lawsuit-news-articles/,2026-09-02T18:40:51+00:00,,0.077500,0.500000,,,,6,5,4,15,ai_technology:0.60; government_leadership:0.25; democracy_elections:0.15,score_v2,unsourced,full_text,open,671,rss_fulltext,no sourced reach figure; flat across the outlet's items (no per-item signal),"Article details legal filings, quotes, case history, and DOJ arguments with some counterargument from The Intercept's attorney. The Intercept has institutional/journalistic standing but is an interested party. Moderate emotional framing via loaded language like 'rip off' and 'PR machines.'"
,7a8a2eefe1816311,The Intercept,print_digital,en,09 / 02 / markey-moulton-massachusetts-senate-primary,https://theintercept.com/2026/09/02/markey-moulton-massachusetts-senate-primary/,2026-09-02T16:16:16+00:00,,0.101000,0.600000,,,,5,5,8,18,democracy_elections:0.50; other:0.30; government_leadership:0.20,score_v2,unsourced,full_text,open,684,rss_fulltext,no sourced reach figure; flat across the outlet's items (no per-item signal),"Opinion piece using poll data and quotes to argue Moulton's anti-trans centrism cost him, but heavily one-sided with charged language ('ghoulish,' 'sold out,' 'cowardice'). Author's authority is journalistic/advocacy-based, not personally prominent to a broad public."
,c6bef99f9e893ddb,The Intercept,print_digital,en,09 / 02 / ice-ai-whistleblower-doxing-zerofox,https://theintercept.com/2026/09/02/ice-ai-whistleblower-doxing-zerofox/,2026-09-02T14:39:36+00:00,,0.115500,0.466667,,,,6,4,4,14,immigration:0.45; government_leadership:0.25; ai_technology:0.20; democracy_elections:0.10,score_v2,unsourced,full_text,open,770,rss_fulltext,no sourced reach figure; flat across the outlet's items (no per-item signal),"Investigative piece with leaked memo, procurement records, named expert and multiple anonymous insider quotes supporting claims; standard journalistic sourcing rather than personal authority. Moderate emotional charge via surveillance/whistleblower fears, but mostly factual reporting tone."
,3c32562a2492b518,The Intercept,print_digital,en,09 / 02 / military-boat-strikes-killings-year,https://theintercept.com/2026/09/02/military-boat-strikes-killings-year/,2026-09-02T09:00:00+00:00,,0.134000,0.700000,,,,8,6,7,21,foreign_policy_wars:0.60; government_leadership:0.20; democracy_elections:0.20,score_v2,unsourced,full_text,open,1949,rss_fulltext,no sourced reach figure; flat across the outlet's items (no per-item signal),"Extensive documented evidence: statistics, named officials, legal analysis, timelines, expert quotes, investigative sourcing across months. Ethos rests on The Intercept's investigative reporting credentials and named sources/officials. Pathos moderate-high via terms like 'murders,' 'snuff-film,' victim stories, and moral outrage framing throughout."
,31650967ae73d1bb,The Intercept,print_digital,en,09 / 01 / cbs-news-abdul-el-sayed-9-11-tweets,https://theintercept.com/2026/09/01/cbs-news-abdul-el-sayed-9-11-tweets/,2026-09-01T21:14:44+00:00,,0.114500,0.600000,,,,6,5,7,18,race_relations:0.40; government_leadership:0.25; foreign_policy_wars:0.25; democracy_elections:0.10,score_v2,unsourced,full_text,open,1341,rss_fulltext,no sourced reach figure; flat across the outlet's items (no per-item signal),"Intercept opinion piece citing named sources, tweets, quotes, and specific incidents to argue CBS/Democratic figures engage in Islamophobia; one-sided advocacy journalism with moral urgency and charged language ('bigotry,' 'venomous'), moderate institutional but no personal audience-authority signal."
,9cede5ffea50c7c6,The Intercept,print_digital,en,09 / 01 / christian-employers-settlement-gender-discrimination-eeoc,https://theintercept.com/2026/09/01/christian-employers-settlement-gender-discrimination-eeoc/,2026-09-01T12:46:23+00:00,,0.123000,0.566667,,,,7,6,4,17,government_leadership:0.35; other:0.25; democracy_elections:0.20; ethics_morality:0.20,score_v2,unsourced,full_text,open,1107,rss_fulltext,no sourced reach figure; flat across the outlet's items (no per-item signal),"Detailed investigative piece citing named sources, documents, and precedent, with quotes from a former EEOC counsel critiquing the settlement. Framing is one-sided against the agency and Christian group, but grounded in specifics rather than pure emotion. Headline signals clear editorial stance."
,a68e963b18ef120d,The Dispatch,print_digital,en,Hegseth’s Pentagon Purge,https://thedispatch.com/newsletter/morning/hegseths-pentagon-purge/,2026-09-03T10:27:18+00:00,,0.198000,0.200000,,,,1,4,1,6,government_leadership:0.60; foreign_policy_wars:0.40,score_v2,unsourced,full_text,open,322,page_fetch,no sourced reach figure; flat across the outlet's items (no per-item signal),"The supplied text is mostly newsletter front-matter and staff bios, not the actual article on Hegseth's Pentagon purge, so little argument or emotion is present. Ethos reflects The Dispatch's institutional credibility and named reporters, though not tied directly to article content."
,9486153f5303e8b5,The Dispatch,print_digital,en,SCOTUS Majority Rules White House Ballroom Is A Go,https://thedispatch.com/podcast/advisoryopinions/scotus-majority-rules-white-house-ballroom-is-a-go/,2026-09-03T07:00:00+00:00,,0.112000,0.500000,,,,6,7,2,15,democracy_elections:0.60; government_leadership:0.30; ai_technology:0.10,score_v2,unsourced,full_text,open,383,page_fetch,no sourced reach figure; flat across the outlet's items (no per-item signal),"Legal podcast discussing SCOTUS ballroom decision, justices' papers, AI in circuit decisions, and other court cases with reasoned legal analysis. Hosts Isgur and French are recognized legal commentators with established Dispatch audience. Tone is dry, analytical, low emotional intensity, mostly procedural legal discussion."
,9e647c0aa3317213,The Dispatch,print_digital,en,SCOTUS Majority Rules White House Ballroom Is A Go,https://thedispatch.com/podcast/advisoryopinions/scotus-majority-rules-white-house-ballroom-is-a-go,2026-09-03T00:00:00+00:00,,0.100000,0.533333,,,,6,8,2,16,democracy_elections:0.60; government_leadership:0.25; ai_technology:0.15,score_v2,unsourced,full_text,open,383,homepage_fetch,no sourced reach figure; flat across the outlet's items (no per-item signal),"Legal podcast transcript analyzing SCOTUS ballroom ruling, justices' papers, AI in circuit decisions, and Vacancies Reform Act with reasoned legal discussion. Hosts Isgur and French are established legal commentators with strong standing among their audience. Tone is dry, technical, low emotional intensity, mostly analytical legal discourse."
,d99d3e853eb61620,The Dispatch,print_digital,en,The Pentagon’s Unprecedented Plan for Venezuelan Oil,https://thedispatch.com/podcast/dispatch-podcast/the-pentagons-unprecedented-plan-for-venezuelan-oil,2026-09-01T00:00:00+00:00,,0.172500,0.466667,,,,6,6,2,14,foreign_policy_wars:0.55; economy:0.30; government_leadership:0.15,score_v2,unsourced,full_text,open,511,homepage_fetch,no sourced reach figure; flat across the outlet's items (no per-item signal),"Podcast transcript features detailed WSJ excerpt and expert panel discussing specifics of Venezuela oil deal, Pentagon investment, and Iran war. Speakers are established Dispatch journalists with credibility among their audience, but content is analytical, low emotional charge, mostly factual framing rather than persuasive appeals."
,0fcd500212f1bbf4,The Dispatch,print_digital,en,Does Trump Understand Tariffs? | Interview: Anthony Scaramucci,https://thedispatch.com/podcast/remnant/does-trump-understand-tariffs-interview-anthony-scaramucci,2026-09-02T00:00:00+00:00,,0.198000,0.466667,,,,5,6,3,14,economy:0.40; government_leadership:0.30; foreign_policy_wars:0.15; immigration:0.10; democracy_elections:0.05,score_v2,unsourced,full_text,open,345,homepage_fetch,no sourced reach figure; flat across the outlet's items (no per-item signal),"Podcast intro/teaser only; promises deep dive on tariffs, economy, politics with a financier-guest, but shown text is mostly bio and framing, not substantive argument. Scaramucci's known finance/political insider status gives moderate ethos; little emotional language present."
,744a8a0ffb2e190a,The New Republic,print_digital,en,ICE Officer Charged With Lying to Investigators After Shooting Someone,https://newrepublic.com/post/215099/ice-officer-charged-lying-investigators-shooting-minneapolis,2026-09-03T00:00:00+00:00,,0.133500,0.533333,,,,6,4,6,16,government_leadership:0.35; immigration:0.25; race_relations:0.20; foreign_policy_wars:0.10; crime:0.10,score_v2,unsourced,full_text,open,1813,homepage_fetch,no sourced reach figure; flat across the outlet's items (no per-item signal),"A multi-story digest citing AP, ProPublica, statements from lawmakers and legal filings, but framed with sharp editorializing ('white kids all their money'). No single named authoritative voice; outlet's own partisan stance drives tone, producing moderate-high pathos and moderate logos via sourced facts."
,916fc54df041e732,The New Republic,print_digital,en,Growing Number of Republicans Are Sick of Hegseth and Want Him Gone,https://newrepublic.com/post/215090/republicans-sick-hegseth-firing,2026-09-03T00:00:00+00:00,,0.123000,0.500000,,,,5,3,7,15,government_leadership:0.30; foreign_policy_wars:0.25; race_relations:0.15; education:0.10; democracy_elections:0.10; ethics_morality:0.10,score_v2,unsourced,full_text,open,1688,homepage_fetch,no sourced reach figure; flat across the outlet's items (no per-item signal),"Multiple news items with quotes, statistics, and documents (subpoenas, deployment stats) but presented via sarcastic, emotionally loaded commentary rather than named authoritative voice; author's own standing is unclear, giving low ethos despite quoting officials."
,c14c7438c0aec6fb,The New Republic,print_digital,en,Trump Sics IRS on Universities That Support Non-White Students,https://newrepublic.com/post/215095/donald-trump-irs-universities-support-non-white-students,2026-09-03T00:00:00+00:00,,0.105500,0.433333,,,,3,3,7,13,education:0.30; race_relations:0.25; government_leadership:0.25; foreign_policy_wars:0.20,score_v2,unsourced,full_text,open,1720,homepage_fetch,no sourced reach figure; flat across the outlet's items (no per-item signal),"A multi-story roundup of assertion-heavy, opinionated news items (IRS rule, Epstein lawsuit, Navy deployment, House recess, Lutnick gaffe) with sarcastic framing, little sourced evidence beyond quotes, no bylined authority, and strong emotive/derisive language throughout ('sics IRS', 'bonkers excuse', 'gutted').Wait format.Fix output.}]}}}}]}}(placeholder)"
,e298eb0cb155eb91,The New Republic,print_digital,en,Right-Wing Billionaire Sues House for Trying to Ask Him About Epstein,https://newrepublic.com/post/215091/billionaire-leon-black-sues-house-epstein,2026-09-03T00:00:00+00:00,,0.139500,0.500000,,,,5,3,7,15,government_leadership:0.40; foreign_policy_wars:0.25; healthcare:0.20; crime:0.15,score_v2,unsourced,full_text,open,1764,homepage_fetch,no sourced reach figure; flat across the outlet's items (no per-item signal),"A multi-story roundup with quotes, documents, and named sources but little sustained argument per item. No single authoritative narrator; outlet's partisan voice implied. Sarcastic, outraged tone throughout ('Must be nice,' 'bonkers excuse') drives strong emotional coloring across stories."
,891e87480b6ebea0,The New Republic,print_digital,en,Is This District the Key to the 2026 Midterms?,https://newrepublic.com/post/215092/elaine-luria-virginia-swing,2026-09-03T00:00:00+00:00,,0.089000,0.466667,,,,6,5,3,14,democracy_elections:0.50; government_leadership:0.15; foreign_policy_wars:0.15; environment:0.15; healthcare:0.05,score_v2,unsourced,full_text,open,1360,homepage_fetch,no sourced reach figure; flat across the outlet's items (no per-item signal),"Newsletter-style analysis citing multiple named strategists, analysts, and polling data on a swing district race, plus a separate climate report summary. Reasoning is evidenced but partisan-sourced; moderate emotional framing ('doozy', 'devastating') without strong rhetorical intensity."
,22384d1a1ab1ce79,The New Republic,print_digital,en,Nancy Lemann’s Wasted Youths,https://newrepublic.com/article/214313/nancy-lemann-wasted-youths,2026-09-03T00:00:00+00:00,,0.070000,0.566667,,,,6,6,5,17,other:1.00,score_v2,unsourced,full_text,open,2228,homepage_fetch,no sourced reach figure; flat across the outlet's items (no per-item signal),"Literary criticism essay analyzing Nancy Lemann's novels; not about Gallup-listed political topics. Includes textual evidence, quotes, and critical reasoning (logos), author's credentialed literary voice (ethos), and evocative, atmospheric prose with emotional resonance (pathos)."
,6a86414e8901c26b,The New Republic,print_digital,en,MAHA’s Meat Obsession Exposes the Movement’s Delusions,https://newrepublic.com/article/214124/rfk-meat-obsession-maha-movement-delusions,2026-09-03T00:00:00+00:00,,0.105500,0.600000,,,,8,5,5,18,healthcare:0.45; government_leadership:0.25; environment:0.20; economy:0.10,score_v2,unsourced,full_text,open,1968,homepage_fetch,no sourced reach figure; flat across the outlet's items (no per-item signal),"Dense argumentative essay citing land-use studies, emissions data, USDA indices, expert quotes, and lawsuits to rebut MAHA's meat claims. Author unnamed/institutional (New Republic-style), moderate authority. Pathos moderate via mocking tone, 'delusions,' 'fantasy,' vivid examples like Steak 'n Shake."
,5b60bddc0adff59b,The New Republic,print_digital,en,Trump’s Vile Campaign to Link Trans People and Political Violence,https://newrepublic.com/article/215060/trump-vile-campaign-link-trans-people-political-violence,2026-09-03T00:00:00+00:00,,0.123500,0.633333,,,,6,5,8,19,unifying_the_country:0.35; government_leadership:0.35; healthcare:0.15; democracy_elections:0.15,score_v2,unsourced,full_text,open,1755,homepage_fetch,no sourced reach figure; flat across the outlet's items (no per-item signal),"Opinion piece with substantial sourced evidence (HHS report authors, NCRI history, executive orders, quotes) but clearly one-sided advocacy journalism. Author's authority rests on outlet/investigative reporting, not celebrity. Heavy emotive language ('vile,' 'chilling,' 'dehumanization,' quoted Miller rhetoric) drives strong pathos throughout."
,50ef20693b13630b,Semafor,print_digital,en,03 / 2026 / the-best-corporate-regulator-in-america-isnt-the-sec-its-the-nba,https://www.semafor.com/article/09/03/2026/the-best-corporate-regulator-in-america-isnt-the-sec-its-the-nba,2026-09-03T17:29:44+00:00,,0.220000,0.566667,,,,7,6,4,17,economy:0.60; government_leadership:0.30; other:0.10,score_v2,unsourced,full_text,open,598,rss_fulltext,no sourced reach figure; flat across the outlet's items (no per-item signal),"Opinion piece using specific examples (Clippers, Wells Fargo, Boeing) and expert quotes from Eisinger to argue for punitive regulatory reform. Author is a named financial journalist citing credible sources, giving moderate authority. Some vivid language ('penalty box,' 'dunce caps') adds mild emotional color."
,b15d9cc87c7ec4ed,Semafor,print_digital,en,03 / 2026 / saudi-ai-firm-humain-to-launch-giant-global-vc-fund-this-year,https://www.semafor.com/article/09/03/2026/saudi-ai-firm-humain-to-launch-giant-global-vc-fund-this-year,2026-09-03T13:33:06+00:00,,0.081500,0.466667,,,,6,6,2,14,ai_technology:0.60; economy:0.25; foreign_policy_wars:0.15,score_v2,unsourced,full_text,open,859,rss_fulltext,no sourced reach figure; flat across the outlet's items (no per-item signal),"Business news article with CEO interview quotes, factual claims on investments, data centers, and geopolitics. Some evidence (figures, deals) but largely one-sided promotional statements from Amin without external verification or counterarguments. Low emotional intensity; CEO's authority derives from institutional position."
,a65c94c348f33598,Semafor,print_digital,en,03 / 2026 / opecs-new-threat-comes-from-within,https://www.semafor.com/article/09/03/2026/opecs-new-threat-comes-from-within,2026-09-03T11:06:08+00:00,,0.197000,0.466667,,,,8,5,1,14,economy:0.70; foreign_policy_wars:0.30,score_v2,unsourced,full_text,open,890,rss_fulltext,no sourced reach figure; flat across the outlet's items (no per-item signal),"Analytical piece using pricing data, quotas, IMF fiscal figures, and geopolitical context to build a causal argument about OPEC fractures. Written under 'Wael's view' with institutional but not personally famous authority. Tone is measured, technical, with minimal emotional language."
,dffc26edb363cc84,Semafor,print_digital,en,03 / 2026 / big-law-sees-a-gold-mine-in-data-centers,https://www.semafor.com/article/09/03/2026/big-law-sees-a-gold-mine-in-data-centers,2026-09-03T11:41:35+00:00,,0.111000,0.433333,,,,6,5,2,13,ai_technology:0.55; economy:0.35; government_leadership:0.10,score_v2,unsourced,full_text,open,746,rss_fulltext,no sourced reach figure; flat across the outlet's items (no per-item signal),"Business-journalism piece with multiple named sources, quotes, and deal figures illustrating law firms' AI data-center boom; some risk caveats included. Sources are professionals with institutional standing but not widely authoritative to a mass public. Tone is measured, low emotional charge."
,fe9f8282d72f9bc5,Semafor,print_digital,en,03 / 2026 / a-path-to-victory-democrat-andrews-pushes-party-to-invest-in-south-carolina,https://www.semafor.com/article/09/03/2026/a-path-to-victory-democrat-andrews-pushes-party-to-invest-in-south-carolina,2026-09-03T08:55:02+00:00,,0.105500,0.500000,,,,6,6,3,15,democracy_elections:0.75; government_leadership:0.15; economy:0.10,score_v2,unsourced,full_text,open,1034,rss_fulltext,no sourced reach figure; flat across the outlet's items (no per-item signal),"Article reports polling data, fundraising figures, and multiple named sources (Andrews, Harrison, Murphy, Republicans) with competing claims about electoral viability. Journalistic framing gives moderate ethos via named officials/spokespeople; low-moderate pathos from quoted attacks ('radical lunatic,' 'dangerous'); solid logos from data and strategic analysis."
,49cafb5586a21cdc,Semafor,print_digital,en,03 / 2026 / house-democrats-weigh-punishing-party-defectors,https://www.semafor.com/article/09/03/2026/house-democrats-weigh-punishing-party-defectors,2026-09-03T08:54:17+00:00,,0.193000,0.333333,,,,3,5,2,10,government_leadership:0.70; democracy_elections:0.30,score_v2,unsourced,full_text,open,305,rss_fulltext,no sourced reach figure; flat across the outlet's items (no per-item signal),"Straightforward political reporting on internal Democratic caucus disputes over discipline, quoting several named lawmakers. Minimal evidence/analysis, moderate institutional authority from officeholders quoted, low emotional intensity beyond mild rhetorical flourishes like the 'locker room' quote."
,1947ae4013655d70,Semafor,print_digital,en,02 / 2026 / parnell-emerging-as-top-contender-for-army-secretary,https://www.semafor.com/article/09/02/2026/parnell-emerging-as-top-contender-for-army-secretary,2026-09-02T22:05:46+00:00,,0.230500,0.433333,,,,6,5,2,13,government_leadership:0.85; foreign_policy_wars:0.15,score_v2,unsourced,full_text,open,600,rss_fulltext,no sourced reach figure; flat across the outlet's items (no per-item signal),"Standard political reporting citing multiple anonymous sources, named officials, and quotes to build a factual case about a personnel contest. Institutional sourcing (Semafor, White House statements) gives moderate ethos; little emotional language; solid factual/contextual reasoning throughout."
,ce69bc00bc64fc43,Semafor,print_digital,en,02 / 2026 / openais-hugging-face-hack-reveals-questions-about-ai-predictability,https://www.semafor.com/article/09/02/2026/openais-hugging-face-hack-reveals-questions-about-ai-predictability,2026-09-02T19:14:18+00:00,,0.010000,0.433333,,,,4,5,4,13,ai_technology:1.00,score_v2,unsourced,full_text,open,301,rss_fulltext,no sourced reach figure; flat across the outlet's items (no per-item signal),"Speculative tech commentary using an AI hacking incident to raise predictability concerns; some reasoning but thin evidence, moderate authorial voice (named tech journalist), vivid 'civilization/conquest' metaphor adds emotional color without heavy intensity."
,05efb8a307cbb01c,Persuasion (Yascha Mounk),newsletter,en,p / what-i-learned-on-the-open-road,https://www.persuasion.community/p/what-i-learned-on-the-open-road,2026-09-01T17:50:35+00:00,,0.052500,0.566667,,,,3,7,7,17,unifying_the_country:0.65; ethics_morality:0.25; democracy_elections:0.10,score_v2,self_reported,full_text,open,1474,rss_fulltext,no conversion rule for unit 'subscribers_self_reported'; flat across the outlet's items (no per-item signal),"Personal narrative essay with anecdotes illustrating pluralism, drawing on Madison and religious texts. Little formal evidence, mostly storytelling. Author's credentials (Interfaith America founder, Obama advisor) lend authority. Emotionally vivid scenes (confrontation, preacher) carry moderate-high pathos."
,5fdba0c7d1052a94,Persuasion (Yascha Mounk),newsletter,en,p / washington-learns-the-wrong-lessons,https://www.persuasion.community/p/washington-learns-the-wrong-lessons,2026-09-01T10:02:11+00:00,,0.202000,0.566667,,,,9,6,2,17,economy:0.55; government_leadership:0.25; foreign_policy_wars:0.10; ai_technology:0.10,score_v2,self_reported,full_text,open,1112,rss_fulltext,no conversion rule for unit 'subscribers_self_reported'; flat across the outlet's items (no per-item signal),"Data-dense policy argument with historical case studies (EVs, COMAC, Great Engine War, Warp Speed) supporting a clear causal thesis. Author has relevant credentials but modest public profile. Tone is analytical, not emotionally charged, aside from mild rhetorical framing about 'wrong lessons.'"
,0155bf97c96a2b45,Persuasion (Yascha Mounk),newsletter,en,p / liberalism-is-a-habit-not-a-principle,https://www.persuasion.community/p/liberalism-is-a-habit-not-a-principle,2026-08-31T19:40:40+00:00,,0.037500,0.433333,,,,6,4,3,13,ethics_morality:0.60; unifying_the_country:0.25; education:0.15,score_v2,self_reported,full_text,open,1458,rss_fulltext,no conversion rule for unit 'subscribers_self_reported'; flat across the outlet's items (no per-item signal),"Essay traces liberalitas through Cicero, Seneca, Locke, Putnam, and Franklin with historical evidence and argument, but no counterargument engagement beyond noting critics. Author has modest personal standing (writer, Braver Angels co-chair), not major authority. Tone is measured, occasional appeals to meaning/loneliness crisis add mild emotional resonance."
,b8f6e47f6953446b,Persuasion (Yascha Mounk),newsletter,en,p / abigail-marsh-2,https://www.persuasion.community/p/abigail-marsh-2,2026-08-29T10:01:23+00:00,,0.035000,0.600000,,,,8,7,3,18,healthcare:0.50; education:0.20; crime:0.20; other:0.10,score_v2,self_reported,full_text,open,11402,rss_fulltext,no conversion rule for unit 'subscribers_self_reported'; flat across the outlet's items (no per-item signal),"Expert academic interview offering detailed clinical evidence, developmental research, statistics, and reasoning about psychopathy. Marsh's professorship and research authority give strong ethos with this audience. Discussion is calm and analytical, with occasional anecdotes but low emotional intensity overall."
,dd9c8f72c9411845,Persuasion (Yascha Mounk),newsletter,en,p / what-our-heroes-tell-us-about-america,https://www.persuasion.community/p/what-our-heroes-tell-us-about-america,2026-08-28T10:03:28+00:00,,0.066500,0.600000,,,,6,5,7,18,unifying_the_country:0.40; race_relations:0.25; ethics_morality:0.25; government_leadership:0.10,score_v2,self_reported,full_text,open,2477,rss_fulltext,no conversion rule for unit 'subscribers_self_reported'; flat across the outlet's items (no per-item signal),"Essay uses historical detail, legal facts about FBI records, and reasoned argument about memory and heroism, but is essentially a personal reflective essay by a lesser-known writer, relying on evocative, moralizing language and emotional appeals about King, memory, and national identity."
,d796f9f4e5ddbd82,Persuasion (Yascha Mounk),newsletter,en,p / the-eras-of-francis-fukuyama-5,https://www.persuasion.community/p/the-eras-of-francis-fukuyama-5,2026-08-22T10:01:31+00:00,,0.110000,0.600000,,,,7,8,3,18,ai_technology:0.45; economy:0.25; government_leadership:0.15; other:0.15,score_v2,self_reported,full_text,open,6547,rss_fulltext,no conversion rule for unit 'subscribers_self_reported'; flat across the outlet's items (no per-item signal),"A wide-ranging, reasoned dialogue between two recognized intellectuals drawing on personal experience, history, and examples (Ukraine, Boeing/SpaceX, Dhaka water supply) to argue about AI, manufacturing decline, and government capacity. High ethos from Fukuyama's stature; low pathos given calm, reflective tone; solid logos via evidence and causal argument."
,83c86611e2373f4d,Popular Information (Judd Legum),newsletter,en,p / how-a-gop-super-pac-tricked-a-grieving,https://popular.info/p/how-a-gop-super-pac-tricked-a-grieving,2026-09-03T10:30:51+00:00,,0.121000,0.666667,,,,8,6,6,20,government_leadership:0.40; crime:0.30; democracy_elections:0.30,score_v2,self_reported,full_text,open,1079,rss_fulltext,no conversion rule for unit 'subscribers_self_reported'; flat across the outlet's items (no per-item signal),"Detailed investigative reporting with documented interviews, named sources, timelines, and factual rebuttals of political claims. Popular Information's known investigative reputation lends moderate authority. Emotional weight comes from grieving father's testimony and manipulation, though delivered analytically rather than sensationally."
,a1de3b05961a26f3,Popular Information (Judd Legum),newsletter,en,p / la-county-sues-state-farm-for-false,https://popular.info/p/la-county-sues-state-farm-for-false,2026-09-02T10:30:55+00:00,,0.161000,0.633333,,,,8,5,6,19,economy:0.40; other:0.25; government_leadership:0.20; environment:0.15,score_v2,self_reported,full_text,open,1240,rss_fulltext,no conversion rule for unit 'subscribers_self_reported'; flat across the outlet's items (no per-item signal),"Detailed article citing lawsuit documents, specific figures, quotes, and case studies to build a fact-based case against State Farm; includes company's rebuttal statement. No named opinion columnist authority; emotional anecdotes (elderly stroke victim) add moderate pathos."
,2a40c68a7332eab0,Popular Information (Judd Legum),newsletter,en,p / update-ice-is-leaving-hospitals-with,https://popular.info/p/update-ice-is-leaving-hospitals-with,2026-09-01T10:31:05+00:00,,0.094000,0.666667,,,,8,6,6,20,immigration:0.55; healthcare:0.35; government_leadership:0.10,score_v2,self_reported,full_text,open,921,rss_fulltext,no conversion rule for unit 'subscribers_self_reported'; flat across the outlet's items (no per-item signal),"Detailed reporting with documents, data, dollar figures, named sources, timelines, and specific case studies (Gaspar-Andrés death) supporting claims about ICE's unpaid medical bills and detainee deaths. Popular Information's investigative reputation lends moderate ethos. Emotional weight from death accounts and quotes raises pathos moderately."
,884c294158ab3976,Popular Information (Judd Legum),newsletter,en,p / trump-labor-secretary-nominee-pitched,https://popular.info/p/trump-labor-secretary-nominee-pitched,2026-08-31T10:30:46+00:00,,0.166500,0.533333,,,,8,5,3,16,immigration:0.45; government_leadership:0.30; economy:0.15; foreign_policy_wars:0.10,score_v2,self_reported,full_text,open,795,rss_fulltext,no conversion rule for unit 'subscribers_self_reported'; flat across the outlet's items (no per-item signal),"Investigative piece using documented evidence (photos, speeches, GAO report, official statements) to build a factual case against Sonderling. No named speaker's personal authority drives persuasion; relies on institutional reporting credibility. Emotional tone restrained, mostly factual with some ironic framing."
,315c4fdb6c9db522,Popular Information (Judd Legum),newsletter,en,p / popinfo-weekly-measles-mamdani-and,https://popular.info/p/popinfo-weekly-measles-mamdani-and,2026-08-28T10:30:15+00:00,,0.145500,0.566667,,,,7,6,4,17,government_leadership:0.30; democracy_elections:0.25; healthcare:0.15; immigration:0.15; economy:0.15,score_v2,self_reported,full_text,open,709,rss_fulltext,no conversion rule for unit 'subscribers_self_reported'; flat across the outlet's items (no per-item signal),"Newsletter presenting multiple documented investigative claims (finance filings, donations, quotes) across several political stories, with sourcing but limited counterargument. Popular Information has an established investigative-journalism reputation but no personal celebrity voice; moderate emotional charge from terms like 'doxxed,' 'fraud,' 'measles deaths.'"
,76a770abd9dcf9f2,Popular Information (Judd Legum),newsletter,en,p / update-senate-gops-fake-news-website,https://popular.info/p/update-senate-gops-fake-news-website,2026-08-27T10:30:56+00:00,,0.083000,0.500000,,,,6,5,4,15,democracy_elections:0.50; crime:0.30; government_leadership:0.20,score_v2,self_reported,full_text,open,338,rss_fulltext,no conversion rule for unit 'subscribers_self_reported'; flat across the outlet's items (no per-item signal),"Investigative piece with documented evidence tracing the fake news site's ownership, geographic facts, and ad campaigns. Popular Information is a known independent newsletter with credibility among its readers but limited institutional reach. Moderate emotional charge from framing 'smear' and murder details, though mostly fact-driven exposition."
,c92cdf2b792b9501,Popular Information (Judd Legum),newsletter,en,p / did-mamdani-doxx-wealthy-new-yorkers,https://popular.info/p/did-mamdani-doxx-wealthy-new-yorkers,2026-08-26T10:31:52+00:00,,0.190000,0.633333,,,,8,6,5,19,government_leadership:0.40; economy:0.30; other:0.30,score_v2,self_reported,full_text,open,1194,rss_fulltext,no conversion rule for unit 'subscribers_self_reported'; flat across the outlet's items (no per-item signal),"Fact-check article citing property law, database mechanics, official statements, and lawsuit details across multiple outlets. Journalistic authority moderate, no personal celebrity voice. Some pathos in describing inflammatory rhetoric ('Mao-style,' 'Marxist revolutionary comrades') though the piece itself remains analytical, not emotionally charged."
,cfd1c96d1af34fe5,Popular Information (Judd Legum),newsletter,en,p / anti-billionaire-tax-ad-falsely-claims,https://popular.info/p/anti-billionaire-tax-ad-falsely-claims,2026-08-25T10:02:06+00:00,,0.183500,0.600000,,,,8,5,5,18,economy:0.55; government_leadership:0.15; democracy_elections:0.15; other:0.15,score_v2,self_reported,full_text,open,822,rss_fulltext,no conversion rule for unit 'subscribers_self_reported'; flat across the outlet's items (no per-item signal),"Piece uses documents, campaign finance data, and legal text to debunk a factually false ad, addressing objections. Author is an independent newsletter (Popular Information) with moderate standing; not a major institution. Tone is pointed and mocking ('lie,' 'AI slop'), adding moderate emotional charge."
,c8f7b42434dd5ff4,Public Notice (Aaron Rupar),newsletter,en,p / trump-mark-carney,https://www.publicnotice.co/p/trump-mark-carney,2026-09-03T10:17:25+00:00,,0.178000,0.566667,,,,6,5,6,17,foreign_policy_wars:0.50; economy:0.35; government_leadership:0.15,score_v2,self_reported,full_text,open,1666,rss_fulltext,no conversion rule for unit 'subscribers_self_reported'; flat across the outlet's items (no per-item signal),"Uses expert quotes, polling data, and trade statistics to build a causal narrative about US-Canada relations, but is one-sided and opinionated, with vivid anecdotes and mocking language toward Trump conveying strong emotional charge."
,643f24c7e6893040,Public Notice (Aaron Rupar),newsletter,en,p / scotus-mail-voting-trump,https://www.publicnotice.co/p/scotus-mail-voting-trump,2026-09-02T10:17:33+00:00,,0.098500,0.633333,,,,7,5,7,19,democracy_elections:0.75; government_leadership:0.20; other:0.05,score_v2,self_reported,full_text,open,1764,rss_fulltext,no conversion rule for unit 'subscribers_self_reported'; flat across the outlet's items (no per-item signal),"Detailed legal timeline, court filings, whistleblower report, and quotes support argument, though one-sided against Trump/SCOTUS. Author is an opinion newsletter writer with partisan authority but no major named credential. Language is highly charged ('steal the midterms', 'golden-orange boy', 'shambolic')."
,58a40e56337c15fe,Public Notice (Aaron Rupar),newsletter,en,p / democrats-in-array,https://www.publicnotice.co/p/democrats-in-array,2026-09-01T10:18:52+00:00,,0.107000,0.600000,,,,6,6,6,18,democracy_elections:0.65; government_leadership:0.20; foreign_policy_wars:0.15,score_v2,self_reported,full_text,open,2001,rss_fulltext,no conversion rule for unit 'subscribers_self_reported'; flat across the outlet's items (no per-item signal),"Uses polling data, endorsements, and specific race examples to argue against 'Dems in disarray' narrative, but frames it polemically with charged language ('fascist oligarch', 'crime boss president'). Author writes with confident opinion-columnist authority for an engaged progressive readership."
,2573b17cb047435f,Public Notice (Aaron Rupar),newsletter,en,p / trump-lake-ontario,https://www.publicnotice.co/p/trump-lake-ontario,2026-08-31T10:18:30+00:00,,0.200500,0.600000,,,,6,5,7,18,government_leadership:0.45; foreign_policy_wars:0.35; economy:0.20,score_v2,self_reported,full_text,open,1780,rss_fulltext,no conversion rule for unit 'subscribers_self_reported'; flat across the outlet's items (no per-item signal),"Opinion column with sustained argument (tariffs, USAID, Ukraine, Iran, ballroom) supporting a thesis about Trump's weakness masked as strength, citing WSJ reporting. Voice is a named political commentary outlet without major individual authority. Heavy sarcastic, mocking, emotionally charged language throughout."
,5f58899274bf6f06,Public Notice (Aaron Rupar),newsletter,en,p / daniel-drezner-interview-2026,https://www.publicnotice.co/p/daniel-drezner-interview-2026,2026-08-29T10:17:32+00:00,,0.152500,0.500000,,,,6,6,3,15,foreign_policy_wars:0.75; government_leadership:0.25,score_v2,self_reported,full_text,open,311,rss_fulltext,no conversion rule for unit 'subscribers_self_reported'; flat across the outlet's items (no per-item signal),"Academic interview citing specific events (Greenland, Iran war) as evidence of US foreign policy incoherence; Drezner's professorial expertise lends moderate ethos, but audience-specific authority is limited; emotional tone restrained, mostly analytical with mild alarm about 'dangerously erratic' policy."
,9ae5846d6c96f8e3,Public Notice (Aaron Rupar),newsletter,en,p / disaster-republican-presidents,https://www.publicnotice.co/p/disaster-republican-presidents,2026-08-28T10:17:32+00:00,,0.204000,0.600000,,,,6,6,6,18,economy:0.55; government_leadership:0.25; foreign_policy_wars:0.10; ethics_morality:0.10,score_v2,self_reported,full_text,open,1275,rss_fulltext,no conversion rule for unit 'subscribers_self_reported'; flat across the outlet's items (no per-item signal),"Tomasky cites specific job/economic statistics comparing Democratic and Republican presidencies, giving argumentative weight, but framing is one-sided partisan advocacy. As New Republic editor interviewed by Public Notice, he has recognized standing with a left-leaning audience. Language is charged ('flaming bag of ruin', 'insane', 'ugly and shocking') producing moderate emotional intensity."
,5088308f60da4dbc,Public Notice (Aaron Rupar),newsletter,en,p / data-center-backlash,https://www.publicnotice.co/p/data-center-backlash,2026-08-27T10:17:32+00:00,,0.080000,0.600000,,,,6,5,7,18,ai_technology:0.45; government_leadership:0.25; democracy_elections:0.20; environment:0.10,score_v2,self_reported,full_text,open,1855,rss_fulltext,no conversion rule for unit 'subscribers_self_reported'; flat across the outlet's items (no per-item signal),"Uses polling data, examples across states, and quotes to build an argument about tech backlash, showing analytical structure. Author is an opinion columnist with moderate but not singular authority. Language is charged, sarcastic, and mocking of tech elites ('turd mountain', 'oligarchs'), giving high emotional intensity."
,72833a9728c108e5,Public Notice (Aaron Rupar),newsletter,en,p / trump-canada-trade-war,https://www.publicnotice.co/p/trump-canada-trade-war,2026-08-26T10:18:13+00:00,,0.206500,0.566667,,,,6,4,7,17,economy:0.55; foreign_policy_wars:0.25; government_leadership:0.20,score_v2,self_reported,full_text,open,1446,rss_fulltext,no conversion rule for unit 'subscribers_self_reported'; flat across the outlet's items (no per-item signal),"Uses trade data, quotes from NYT/WaPo sources, and historical Smoot-Hawley analogy, but heavily one-sided and mocking. Sarcastic, emotionally charged language ('shitposting','grotesque post','maniac leader') drives pathos. Author is an opinion newsletter writer, moderate authority with subscriber base, not major institutional standing."
,3968e4cc04561b10,Letters from an American (Heather Cox Richardson),newsletter,en,p / september-2-2026,https://heathercoxrichardson.substack.com/p/september-2-2026,2026-09-03T04:37:09+00:00,,0.094500,0.633333,,,,7,6,6,19,democracy_elections:0.65; immigration:0.15; government_leadership:0.15; unifying_the_country:0.05,score_v2,self_reported,full_text,open,1392,rss_fulltext,no conversion rule for unit 'subscribers_self_reported'; flat across the outlet's items (no per-item signal),"Heavy use of data, election results, spending figures, quotes from journalists and officials, and cited analyses to argue election rigging claims. Written by Heather Cox Richardson, a recognized historian-commentator with a loyal readership. Emotional intensity from confrontational quotes and 'stealing elections' framing, though mostly evidence-driven."
,04a9448dbec721d0,Letters from an American (Heather Cox Richardson),newsletter,en,p / september-1-2026,https://heathercoxrichardson.substack.com/p/september-1-2026,2026-09-02T03:22:59+00:00,,0.132500,0.633333,,,,7,6,6,19,democracy_elections:0.55; government_leadership:0.35; foreign_policy_wars:0.10,score_v2,self_reported,full_text,open,1207,rss_fulltext,no conversion rule for unit 'subscribers_self_reported'; flat across the outlet's items (no per-item signal),"Heather Cox Richardson synthesizes court rulings, whistleblower documents, and quotes from officials with citations, building a structured argument about executive power and election integrity. Her established newsletter authority carries weight with her audience. Language like 'eye-popping,' 'catastrophic,' and 'betrayal' adds emotional charge."
,a025c6efbaa548e4,Letters from an American (Heather Cox Richardson),newsletter,en,p / august-31-2026,https://heathercoxrichardson.substack.com/p/august-31-2026,2026-09-01T05:55:32+00:00,,0.147000,0.600000,,,,7,6,5,18,foreign_policy_wars:0.50; government_leadership:0.30; democracy_elections:0.20,score_v2,self_reported,full_text,open,1324,rss_fulltext,no conversion rule for unit 'subscribers_self_reported'; flat across the outlet's items (no per-item signal),"Heather Cox Richardson's newsletter compiles multiple reported sources (WaPo, NYT, court filings, X posts) with quotes from officials, generals, and journalists on Iran war strategy and Pentagon press suppression. Strong sourcing but one-sided framing; her established authority with her audience and charged language on Trump/Hegseth drive moderate ethos and pathos."
,7ce27496ea39d791,Letters from an American (Heather Cox Richardson),newsletter,en,p / august-30-2026,https://heathercoxrichardson.substack.com/p/august-30-2026,2026-08-31T03:27:45+00:00,,0.171000,0.633333,,,,7,6,6,19,foreign_policy_wars:0.50; government_leadership:0.30; economy:0.15; ethics_morality:0.05,score_v2,self_reported,full_text,open,1605,rss_fulltext,no conversion rule for unit 'subscribers_self_reported'; flat across the outlet's items (no per-item signal),"Heather Cox Richardson blends historical allegory with multi-sourced reporting (Post, Times, Politico) on tree removal and the Venezuela oil deal, quoting officials and critics like Rothkopf. Her established authorial voice carries weight with her newsletter audience; the cherry-tree framing adds moral-emotional resonance around truth and deception."
,168268cd51a38af6,Letters from an American (Heather Cox Richardson),newsletter,en,p / week-fourteen-in-250-to-250,https://heathercoxrichardson.substack.com/p/week-fourteen-in-250-to-250,2026-08-31T00:46:05+00:00,,0.086000,0.500000,,,,3,7,5,15,other:0.45; race_relations:0.20; government_leadership:0.15; education:0.10; unifying_the_country:0.10,score_v2,self_reported,full_text,open,1125,rss_fulltext,no conversion rule for unit 'subscribers_self_reported'; flat across the outlet's items (no per-item signal),"A promotional roundup of history-education videos summarizing narrators' credentials and topics; little argument beyond descriptive claims. Ethos derives from the many credentialed narrators (senators, mayors, authors). Pathos moderate via patriotic, commemorative framing of civil rights and sacrifice stories."
,43957ce5a84c6386,Letters from an American (Heather Cox Richardson),newsletter,en,p / august-29-2026,https://heathercoxrichardson.substack.com/p/august-29-2026,2026-08-30T04:06:59+00:00,,0.074000,0.633333,,,,7,6,6,19,immigration:0.45; democracy_elections:0.35; race_relations:0.20,score_v2,self_reported,full_text,open,1358,rss_fulltext,no conversion rule for unit 'subscribers_self_reported'; flat across the outlet's items (no per-item signal),"Heather Cox Richardson uses historical evidence (1850s nativism, Lincoln letters, Fourteenth Amendment, legal experts) to argue against GOP efforts restricting naturalized citizens from office. Her established authority as historian-commentator lends credibility; moral framing around equality drives moderate emotional intensity."
,4d5a5c8cb77b8c35,Letters from an American (Heather Cox Richardson),newsletter,en,p / august-28-2026,https://heathercoxrichardson.substack.com/p/august-28-2026,2026-08-29T05:08:56+00:00,,0.099000,0.633333,,,,6,6,7,19,democracy_elections:0.35; race_relations:0.25; immigration:0.20; government_leadership:0.10; economy:0.10,score_v2,self_reported,full_text,open,1559,rss_fulltext,no conversion rule for unit 'subscribers_self_reported'; flat across the outlet's items (no per-item signal),"Heather Cox Richardson-style historical essay blending documented history (1963 march, Great Society laws) with current reporting (DHS post, election monitors, donor spending) citing named sources. Strong moral framing and evocative imagery (chains, 'insufficient funds') drive emotional intensity; author's established historian-commentator voice carries authority with her audience."
,566cfbd3e8f64e1f,Letters from an American (Heather Cox Richardson),newsletter,en,p / august-27-2026,https://heathercoxrichardson.substack.com/p/august-27-2026,2026-08-28T06:33:25+00:00,,0.161071,0.633333,,,,7,6,6,19,government_leadership:0.42; healthcare:0.16; foreign_policy_wars:0.16; economy:0.11; environment:0.11; immigration:0.05,score_v2,self_reported,full_text,open,1967,rss_fulltext,no conversion rule for unit 'subscribers_self_reported'; flat across the outlet's items (no per-item signal),"Heather Cox Richardson's newsletter compiles multiple reported stories (RFK Jr, Navy funding, wind buyouts, crypto, GEO Group) with named sources, documents, and quotes, showing strong evidentiary structure. Her established authority with a large, loyal readership gives moderate-high ethos. Framing and word choices ('frantic', 'delusional') add emotional charge beyond a neutral aggregator format."
,86acc6008ceeefb8,Public (Michael Shellenberger),newsletter,en,p / decades-of-ice-related-climate-misinformation,https://www.public.news/p/decades-of-ice-related-climate-misinformation,2026-09-02T12:48:36+00:00,,0.019000,0.500000,,,,6,6,3,15,environment:0.85; other:0.15,score_v2,self_reported,full_text,open,343,rss_fulltext,no conversion rule for unit 'subscribers_self_reported'; flat across the outlet's items (no per-item signal),"Piece contrasts initial climate-change framing of Nepal flood with later scientific findings pointing to bedrock collapse, citing multiple named geologists and quotes from NYT reporting. Argues media misrepresented causation. Moderate evidence use, some authority via cited experts, low emotional charge, mainly analytical/critical tone."
,e21f95b6dbe4a23a,Public (Michael Shellenberger),newsletter,en,p / feminist-victimhood-dogma-behind,https://www.public.news/p/feminist-victimhood-dogma-behind,2026-09-01T18:12:18+00:00,,0.028000,0.533333,,,,6,4,6,16,crime:0.45; healthcare:0.30; ethics_morality:0.15; other:0.10,score_v2,self_reported,full_text,open,353,rss_fulltext,no conversion rule for unit 'subscribers_self_reported'; flat across the outlet's items (no per-item signal),"Piece marshals specific facts (leave weeks, daycare, prescriptions, hotline call) to rebut a popular narrative, showing evidentiary reasoning. No named institutional authority beyond the writer's own claims. Emotionally charged material (child murders, social media outrage) but delivered in relatively measured, argumentative tone."
,825f690f13a69681,Public (Michael Shellenberger),newsletter,en,p / the-data-is-now-overwhelming-that,https://www.public.news/p/the-data-is-now-overwhelming-that,2026-08-25T15:15:06+00:00,,0.117000,0.500000,,,,7,5,3,15,democracy_elections:0.50; government_leadership:0.30; unifying_the_country:0.20,score_v2,self_reported,full_text,open,343,rss_fulltext,no conversion rule for unit 'subscribers_self_reported'; flat across the outlet's items (no per-item signal),"Cites specific studies (Cambridge Political Psychology Lab, Pew, ANES data) with numbers and quotes from named experts to rebut a claim, showing structured argumentation. Author's own standing is unclear from text. Tone is analytical but pointed, with moderate rhetorical charge in contrasting quotes like 'fascist' and 'Hitler'."
,21bbc0d9cf9f55bf,Public (Michael Shellenberger),newsletter,en,p / hunter-bidens-laptop-russiagate-and,https://www.public.news/p/hunter-bidens-laptop-russiagate-and,2026-08-21T16:21:57+00:00,,0.148000,0.500000,,,,6,5,4,15,democracy_elections:0.40; government_leadership:0.40; foreign_policy_wars:0.20,score_v2,self_reported,full_text,open,355,rss_fulltext,no conversion rule for unit 'subscribers_self_reported'; flat across the outlet's items (no per-item signal),"Piece builds a historical/causal argument linking three FBI investigations using named officials, dates, and Durham findings, but is one-sided, framing media and FBI as uniformly biased. No named byline reduces personal ethos; moderate emotional charge via 'abuse of power' framing and Hoover comparison."
,c7b7e11a94f6e750,Glenn Greenwald / System Update,newsletter,en,p / the-biden-era-cbp-fabricated-a-document,https://greenwald.substack.com/p/the-biden-era-cbp-fabricated-a-document,2026-08-25T17:05:24+00:00,,0.121500,0.666667,,,,7,7,6,20,foreign_policy_wars:0.55; democracy_elections:0.30; government_leadership:0.15,score_v2,self_reported,full_text,open,1765,rss_fulltext,no conversion rule for unit 'subscribers_self_reported'; flat across the outlet's items (no per-item signal),"Greenwald presents documents, court transcripts, CBP admissions, and detailed timeline as evidence, engaging with counter-claims. His byline and prior reporting establish personal authority with his audience. Language is charged ('blatant lie,' 'bad-faith deceit'), showing moderate-high emotional intensity throughout."
,64ae507fa7b7ac66,Silver Bulletin (Nate Silver),newsletter,en,p / nate-silver-2026-midterm-election-polls-model,https://www.natesilver.net/p/nate-silver-2026-midterm-election-polls-model,2026-09-03T15:47:34+00:00,,0.088500,0.500000,,,,6,8,1,15,democracy_elections:0.85; government_leadership:0.15,score_v2,self_reported,full_text,open,536,rss_fulltext,no conversion rule for unit 'subscribers_self_reported'; flat across the outlet's items (no per-item signal),"Data-driven forecasting update with polling methodology, RCV analysis, and model assumptions—moderate reasoning depth. Nate Silver's established brand as a polling authority gives strong ethos. Nearly no emotional language; purely analytical, technical tone throughout."
,6b3b482768b94de8,Silver Bulletin (Nate Silver),newsletter,en,p / trump-approval-ratings-nate-silver-bulletin,https://www.natesilver.net/p/trump-approval-ratings-nate-silver-bulletin,2026-09-03T12:55:44+00:00,,0.207000,0.500000,,,,7,7,1,15,government_leadership:0.55; economy:0.15; inflation_cost_of_living:0.10; immigration:0.10; democracy_elections:0.10,score_v2,self_reported,full_text,open,515,rss_fulltext,no conversion rule for unit 'subscribers_self_reported'; flat across the outlet's items (no per-item signal),"Data-driven aggregation of polling averages with methodology notes on weighting and adjustments. Nate Silver's established polling authority lends credibility. Purely analytical, no emotional language; focuses on statistics regarding approval ratings, issues, and midterm forecasts."
,8b7a22de927155eb,Silver Bulletin (Nate Silver),newsletter,en,p / generic-ballot-average-2026-nate-silver-bulletin-congress-polls,https://www.natesilver.net/p/generic-ballot-average-2026-nate-silver-bulletin-congress-polls,2026-09-03T12:55:17+00:00,,0.079000,0.566667,,,,8,8,1,17,democracy_elections:0.90; government_leadership:0.10,score_v2,self_reported,full_text,open,488,rss_fulltext,no conversion rule for unit 'subscribers_self_reported'; flat across the outlet's items (no per-item signal),"Data-driven polling analysis with methodology explanations, weighting, adjustments. Nate Silver's Silver Bulletin brand carries strong authority with political-data audience. Minimal emotional language; purely analytical and technical presentation of generic ballot trends."
,fa7aeb1b55114508,Silver Bulletin (Nate Silver),newsletter,en,p / iran-war-polls-popularity-approval,https://www.natesilver.net/p/iran-war-polls-popularity-approval,2026-09-03T12:54:53+00:00,,0.111000,0.500000,,,,8,6,1,15,foreign_policy_wars:0.85; democracy_elections:0.15,score_v2,self_reported,full_text,open,889,rss_fulltext,no conversion rule for unit 'subscribers_self_reported'; flat across the outlet's items (no per-item signal),"Methodical explanation of polling averages, weighting, and inclusion criteria for Iran War support tracking. Silver Bulletin's data-driven brand lends moderate authority; content is technical, dry, and largely affectless, with heavy methodological detail and minimal emotional language."
,ee34888e000391e7,Silver Bulletin (Nate Silver),newsletter,en,p / elon-musk-polls-popularity-nate-silver-bulletin,https://www.natesilver.net/p/elon-musk-polls-popularity-nate-silver-bulletin,2026-09-03T12:53:22+00:00,,0.157000,0.400000,,,,6,6,0,12,government_leadership:0.50; democracy_elections:0.30; other:0.20,score_v2,self_reported,full_text,open,473,rss_fulltext,no conversion rule for unit 'subscribers_self_reported'; flat across the outlet's items (no per-item signal),"Technical, methodological explanation of a polling average with statistical detail and methodology notes; no emotional language. Silver Bulletin has recognized authority in polling analysis, but content is purely explanatory, flat in tone, and lacks argumentative engagement beyond methodology description."
,79d29dc8ba8bf634,Silver Bulletin (Nate Silver),newsletter,en,p / announcing-still-counting-with-galen,https://www.natesilver.net/p/announcing-still-counting-with-galen,2026-09-03T01:20:26+00:00,,0.054000,0.300000,,,,1,6,2,9,democracy_elections:0.40; other:0.40; ai_technology:0.20,score_v2,self_reported,full_text,open,610,rss_fulltext,no conversion rule for unit 'subscribers_self_reported'; flat across the outlet's items (no per-item signal),"Personal announcement post about a new podcast; no argument or evidence, just descriptive news. Silver's established name/authority with his readership gives moderate ethos. Mild warm, personal tone (thank-you, friendship) adds light pathos, mostly informational otherwise."
,b5a7d25ff6885e7e,Silver Bulletin (Nate Silver),newsletter,en,p / a-tour-of-the-9-key-governor-races,https://www.natesilver.net/p/a-tour-of-the-9-key-governor-races,2026-08-28T19:59:24+00:00,,0.079000,0.533333,,,,8,6,2,16,democracy_elections:0.90; government_leadership:0.10,score_v2,self_reported,full_text,open,810,rss_fulltext,no conversion rule for unit 'subscribers_self_reported'; flat across the outlet's items (no per-item signal),"Data-driven electoral forecasting piece using polling averages, historical trends, and probabilistic modeling (FLIPR) with acknowledged uncertainty. Ethos derives from the analytical brand's forecasting reputation (FiveThirtyEight-style). Minimal emotional appeal; occasional wry humor but largely technical, numbers-focused analysis of gubernatorial races."
,6f6483088c252902,Silver Bulletin (Nate Silver),newsletter,en,p / do-i-really-buy-that-texas-could,https://www.natesilver.net/p/do-i-really-buy-that-texas-could,2026-08-25T13:58:30+00:00,,0.060500,0.633333,,,,8,8,3,19,democracy_elections:0.95; other:0.05,score_v2,self_reported,full_text,open,675,rss_fulltext,no conversion rule for unit 'subscribers_self_reported'; flat across the outlet's items (no per-item signal),"Data-heavy analysis of Texas electoral history, fundraising figures, and model probabilities; written by Nate Silver, a recognized election forecaster whose authority is central; light humorous tone (Browns analogy) but mostly analytical, not emotionally charged."
,d1c63d6a3913cec5,Robert Reich,newsletter,en,p / hegseth-must-go,https://robertreich.substack.com/p/hegseth-must-go,2026-09-03T08:03:16+00:00,,0.162500,0.666667,,,,6,7,7,20,foreign_policy_wars:0.60; government_leadership:0.35; democracy_elections:0.05,score_v2,self_reported,full_text,open,876,rss_fulltext,no conversion rule for unit 'subscribers_self_reported'; flat across the outlet's items (no per-item signal),"Robert Reich cites Driscoll's resignation, CNN/WSJ/WaPo reporting, specific quotes and incidents to argue Hegseth's incompetence, though one-sided. His known progressive commentator status lends ethos with his audience; language is sharply condemnatory and emotionally charged throughout."
,7ccdc582c8960bc0,Robert Reich,newsletter,en,p / o-canada-526,https://robertreich.substack.com/p/o-canada-526,2026-09-02T17:02:16+00:00,,0.191000,0.600000,,,,5,6,7,18,foreign_policy_wars:0.40; economy:0.35; government_leadership:0.25,score_v2,self_reported,full_text,open,698,rss_fulltext,no conversion rule for unit 'subscribers_self_reported'; flat across the outlet's items (no per-item signal),"Robert Reich-style op-ed uses polling data and specific events (by-elections, tariffs) as evidence, but frames everything through a one-sided 'bully' metaphor with vivid, mocking language, reflecting his established progressive commentator authority and audience trust."
,ccd58e62991b47ab,Robert Reich,newsletter,en,p / the-biggest-issue-in-the-midterm,https://robertreich.substack.com/p/the-biggest-issue-in-the-midterm,2026-09-01T08:02:17+00:00,,0.217000,0.666667,,,,8,6,6,20,economy:0.45; inflation_cost_of_living:0.40; government_leadership:0.15,score_v2,self_reported,full_text,open,873,rss_fulltext,no conversion rule for unit 'subscribers_self_reported'; flat across the outlet's items (no per-item signal),"Reich marshals extensive statistics (S&P earnings, wage/price data, market concentration figures, true unemployment rate) and structured causal argument with policy prescriptions. His name carries authority with his newsletter audience. Pathos moderate via charged language like 'wildly, unambiguously unaffordable' and moral framing of corporate greed."
,bf6e519c8fea7b69,Robert Reich,newsletter,en,p / next-move-on-trumps-billionaire-ballroom,https://robertreich.substack.com/p/next-move-on-trumps-billionaire-ballroom,2026-08-31T23:19:54+00:00,,0.152000,0.566667,,,,4,6,7,17,government_leadership:0.50; democracy_elections:0.40; ethics_morality:0.10,score_v2,self_reported,full_text,open,389,rss_fulltext,no conversion rule for unit 'subscribers_self_reported'; flat across the outlet's items (no per-item signal),"Robert Reich uses a Supreme Court ruling to argue Trump abused power, citing Roberts' dissent as evidence but offering mostly opinion and mockery ('pathetic logic'). His established progressive commentator standing gives ethos; vivid imagery (Berlin Wall) and sarcasm drive pathos."
,46d86161581b3490,Robert Reich,newsletter,en,p / whos-nuts,https://robertreich.substack.com/p/whos-nuts,2026-08-31T08:02:42+00:00,,0.143000,0.600000,,,,3,7,8,18,government_leadership:0.45; democracy_elections:0.20; ethics_morality:0.15; healthcare:0.10; immigration:0.10,score_v2,self_reported,full_text,open,705,rss_fulltext,no conversion rule for unit 'subscribers_self_reported'; flat across the outlet's items (no per-item signal),"Robert Reich-style essay makes sweeping assertions with Arendt citation but little evidence, addresses no counterarguments; uses recognized progressive commentator's authority; highly charged language ('out of his gourd,' 'brutality,' 'insanity') drives the piece emotionally."
,897c4098c9323846,Robert Reich,newsletter,en,p / sunday-thought-dolly-or-donald,https://robertreich.substack.com/p/sunday-thought-dolly-or-donald,2026-08-30T08:02:28+00:00,,0.174000,0.600000,,,,3,6,9,18,government_leadership:0.40; unifying_the_country:0.20; economy:0.20; immigration:0.10; democracy_elections:0.10,score_v2,self_reported,full_text,open,600,rss_fulltext,no conversion rule for unit 'subscribers_self_reported'; flat across the outlet's items (no per-item signal),"Robert Reich (recognized progressive voice) makes an emotionally charged, moralized contrast between Trump and Dolly Parton, citing some economic data but mostly relying on rhetorical assertion, moral framing, and partisan appeal rather than sustained argument."
,beb8a97753c27f48,Robert Reich,newsletter,en,p / you-or-someone-you-love-could-be,https://robertreich.substack.com/p/you-or-someone-you-love-could-be,2026-08-28T08:03:16+00:00,,0.117500,0.666667,,,,5,6,9,20,immigration:0.55; democracy_elections:0.20; government_leadership:0.20; crime:0.05,score_v2,self_reported,full_text,open,1146,rss_fulltext,no conversion rule for unit 'subscribers_self_reported'; flat across the outlet's items (no per-item signal),"Cites NYT and ProPublica analyses, specific incidents, and statistics, but frames them within a one-sided, highly charged narrative. Author (Robert Reich) has recognized standing with a progressive audience. Language is emotionally intense—'murdered,' 'police state,' 'maniacal'—driving the piece more than dispassionate argument."
,8170a9a6dae5733d,Robert Reich,newsletter,en,p / naked-trump,https://robertreich.substack.com/p/naked-trump,2026-08-27T08:02:02+00:00,,0.189000,0.633333,,,,3,7,9,19,government_leadership:0.40; foreign_policy_wars:0.30; economy:0.20; other:0.10,score_v2,self_reported,full_text,open,847,rss_fulltext,no conversion rule for unit 'subscribers_self_reported'; flat across the outlet's items (no per-item signal),"Robert Reich delivers a scathing, emotionally charged opinion piece against Trump, citing tariffs, Iran policy, and polling as evidence but framing everything through mockery and outrage. His established progressive commentator status gives him strong ethos with his audience; pathos dominates via ridicule and vivid language; logos is thin, mostly assertion."
,86d3d9b24ca52edb,Slow Boring (Matthew Yglesias),newsletter,en,p / stop-making-up-reasons-to-be-mad,https://www.slowboring.com/p/stop-making-up-reasons-to-be-mad,2026-09-03T10:02:11+00:00,,0.148500,0.566667,,,,6,6,5,17,government_leadership:0.35; foreign_policy_wars:0.35; unifying_the_country:0.20; other:0.10,score_v2,self_reported,full_text,open,470,rss_fulltext,no conversion rule for unit 'subscribers_self_reported'; flat across the outlet's items (no per-item signal),"Author reasons through a specific controversy, offers personal anecdote and counterarguments, but is one-sided in defending El-Sayed. Writes with recognizable pundit voice/authority, moderate emotional language ('fucked up situation'), and clear argumentative structure addressing objections."
,499d2d5f417b4e25,Slow Boring (Matthew Yglesias),newsletter,en,p / is-there-a-liberal-center-should,https://www.slowboring.com/p/is-there-a-liberal-center-should,2026-09-03T09:02:12+00:00,,0.119500,0.433333,,,,6,6,1,13,democracy_elections:0.45; government_leadership:0.30; other:0.25,score_v2,self_reported,full_text,open,411,rss_fulltext,no conversion rule for unit 'subscribers_self_reported'; flat across the outlet's items (no per-item signal),"An intellectual discussion among pundits/podcasters about liberalism vs. moderation, referencing Silver's essay and Hayek. Reasoned but abstract, low emotional charge; ethos moderate via named commentators' standing within political-commentary circles, not mass authority.》.no strong pathos.》.》.》.》.》.》.》.》."
,2d74d934eef7fdcf,Slow Boring (Matthew Yglesias),newsletter,en,p / an-easy-way-to-give-kids-more-freedom,https://www.slowboring.com/p/an-easy-way-to-give-kids-more-freedom,2026-09-02T10:03:20+00:00,,0.076000,0.433333,,,,5,4,4,13,other:0.55; ai_technology:0.30; economy:0.15,score_v2,self_reported,full_text,open,1307,rss_fulltext,no conversion rule for unit 'subscribers_self_reported'; flat across the outlet's items (no per-item signal),"Personal essay using anecdote about the author's son and Apple's kids-mode restrictions, plus a business anecdote about Tim Cook, to argue for transit-pass access on kids' Apple Watches. Some reasoning but mostly personal narrative; author has modest journalistic standing, moderate warmth."
,91190f8596f183e4,Slow Boring (Matthew Yglesias),newsletter,en,p / republicans-have-a-big-midterm-cash,https://www.slowboring.com/p/republicans-have-a-big-midterm-cash,2026-09-01T10:03:20+00:00,,0.140500,0.533333,,,,6,6,4,16,democracy_elections:0.55; economy:0.25; government_leadership:0.20,score_v2,self_reported,full_text,open,477,rss_fulltext,no conversion rule for unit 'subscribers_self_reported'; flat across the outlet's items (no per-item signal),"Author draws on personal long-term observation and historical trends (2004-2024) to argue campaign finance dynamics have shifted, citing party coalition changes and fundraising patterns. Moderate evidence, personal authority as a longtime political commentator, mild urgency about upcoming ad barrage but no strong emotional language."
,6327ef7f0e4fbbee,Slow Boring (Matthew Yglesias),newsletter,en,p / democrats-should-vow-to-surrender,https://www.slowboring.com/p/democrats-should-vow-to-surrender,2026-08-31T10:03:38+00:00,,0.178000,0.600000,,,,7,6,5,18,foreign_policy_wars:0.50; economy:0.35; government_leadership:0.15,score_v2,self_reported,full_text,open,1640,rss_fulltext,no conversion rule for unit 'subscribers_self_reported'; flat across the outlet's items (no per-item signal),"Substantive policy argument with historical trade data, polling claims, and strategic reasoning about Canada relations and Democratic Party positioning. Author writes as a recognized political commentator (Yglesias-style) with established audience credibility. Moderate emotional language ('existential,' 'corrupt psychotic,' 'shocking to the conscience') elevates pathos somewhat."
,e42b1cb8ebcdba88,Slow Boring (Matthew Yglesias),newsletter,en,p / the-great-awokening-started-in-2014,https://www.slowboring.com/p/the-great-awokening-started-in-2014,2026-08-28T10:01:02+00:00,,0.077500,0.566667,,,,7,7,3,17,race_relations:0.65; other:0.20; government_leadership:0.15,score_v2,self_reported,full_text,open,1485,rss_fulltext,no conversion rule for unit 'subscribers_self_reported'; flat across the outlet's items (no per-item signal),"Matt Yglesias uses survey data trends, historical quotes (Obama, King, Limbaugh) and named intellectual influences (Wilson) to argue about the Great Awokening's timeline. Personal, established commentator voice with recognized authority among his readership; moderate emotional coloring but mostly analytical, evidence-driven prose."
,5036473080343363,Slow Boring (Matthew Yglesias),newsletter,en,p / politics-should-be-more-boring,https://www.slowboring.com/p/politics-should-be-more-boring,2026-08-27T10:02:58+00:00,,0.157000,0.533333,,,,7,6,3,16,government_leadership:0.40; democracy_elections:0.40; economy:0.10; immigration:0.10,score_v2,self_reported,full_text,open,2199,rss_fulltext,no conversion rule for unit 'subscribers_self_reported'; flat across the outlet's items (no per-item signal),"Matt Yglesias builds a reasoned argument with historical examples (Clinton, Obama, Biden, Bush), electoral data, and named politicians to support his thesis about electability vs. excitement. Ethos moderate as a known pundit with an established Substack following; pathos low, mostly analytical tone with occasional wry asides."
,69b6b76f85bdcebf,Slow Boring (Matthew Yglesias),newsletter,en,p / yimbys-already-have-a-bold-vision,https://www.slowboring.com/p/yimbys-already-have-a-bold-vision,2026-08-26T10:02:08+00:00,,0.200000,0.633333,,,,8,7,4,19,economy:0.55; government_leadership:0.25; poverty_homelessness:0.10; other:0.10,score_v2,self_reported,full_text,open,1850,rss_fulltext,no conversion rule for unit 'subscribers_self_reported'; flat across the outlet's items (no per-item signal),"Author (Matt Yglesias, implied by style/authority) marshals historical data, zoning statistics, and rebuts specific opponents' arguments in detail. Strong personal voice with established policy-writer standing among readers. Moderate emotional charge via rhetorical jabs ('stabbed in the back') but mostly analytical."
,503a2f1ed88002ea,The Contrarian (Jennifer Rubin),newsletter,en,p / gloria-steinem-the-peoples-feminist,https://www.contrariannews.org/p/gloria-steinem-the-peoples-feminist,2026-09-03T17:03:25+00:00,,0.060000,0.500000,,,,1,6,8,15,other:0.60; unifying_the_country:0.20; ethics_morality:0.20,score_v2,self_reported,full_text,open,945,rss_fulltext,no conversion rule for unit 'subscribers_self_reported'; flat across the outlet's items (no per-item signal),"A personal tribute memoir to Gloria Steinem, heavy on anecdote and emotion, little argument or evidence. Author's credibility rests on personal relationship and Ms. Magazine affiliation, not broader public authority. Highly sentimental, nostalgic tone throughout."
,eb0c120c7ed76d18,The Contrarian (Jennifer Rubin),newsletter,en,p / target-gets-a-lesson-in-why-dei-matters,https://www.contrariannews.org/p/target-gets-a-lesson-in-why-dei-matters,2026-09-03T16:01:58+00:00,,0.089500,0.600000,,,,5,5,8,18,race_relations:0.75; economy:0.15; government_leadership:0.10,score_v2,self_reported,full_text,open,840,rss_fulltext,no conversion rule for unit 'subscribers_self_reported'; flat across the outlet's items (no per-item signal),"Op-ed by a named columnist using historical analogy (minstrelsy, Jim Crow) and Target's boycott/sales data to argue for DEI. Emotionally charged language ('vile,' 'jaw-dropping,' slavery comparisons) with moderate evidentiary support but one-sided framing and no engagement with opposing views."
,9bbbb4af6d71e97a,The Contrarian (Jennifer Rubin),newsletter,en,p / trump-got-venezuelas-oil-venezuelans,https://www.contrariannews.org/p/trump-got-venezuelas-oil-venezuelans,2026-09-03T14:32:16+00:00,,0.127000,0.566667,,,,8,6,3,17,foreign_policy_wars:0.55; democracy_elections:0.25; economy:0.20,score_v2,self_reported,full_text,open,884,rss_fulltext,no conversion rule for unit 'subscribers_self_reported'; flat across the outlet's items (no per-item signal),"Detailed factual analysis with data on oil investment, historical comparisons (Iraq), timelines, and sourced claims about Venezuelan politics. Author's CIA/national security credentials lend expertise-based authority, though limited public following. Tone is measured, analytical, low emotional intensity despite serious stakes."
,5088149ca60cb28d,The Contrarian (Jennifer Rubin),newsletter,en,p / clyburn-puts-supreme-court-expansion,https://www.contrariannews.org/p/clyburn-puts-supreme-court-expansion,2026-09-03T11:46:12+00:00,,0.096000,0.600000,,,,7,5,6,18,democracy_elections:0.70; government_leadership:0.20; abortion:0.05; other:0.05,score_v2,self_reported,full_text,open,1214,rss_fulltext,no conversion rule for unit 'subscribers_self_reported'; flat across the outlet's items (no per-item signal),"Uses polling data, historical precedent (FDR), legislative events, and quotes from Demand Justice to argue for court expansion, while employing charged language ('quisling court,' 'MAGA constitutional destruction') and citing Clyburn's authority without deep personal profile."
,7f82da2d4cdd1ce6,The Contrarian (Jennifer Rubin),newsletter,en,p / troy-jackson-maine-senate-susan-collins-medicare-all-elon-musk,https://www.contrariannews.org/p/troy-jackson-maine-senate-susan-collins-medicare-all-elon-musk,2026-09-02T22:47:54+00:00,,0.140500,0.500000,,,,3,6,6,15,healthcare:0.35; government_leadership:0.25; economy:0.20; foreign_policy_wars:0.10; democracy_elections:0.10,score_v2,self_reported,full_text,open,2856,rss_fulltext,no conversion rule for unit 'subscribers_self_reported'; flat across the outlet's items (no per-item signal),"Jackson offers personal anecdotes and biography rather than data or documents; claims about Collins and healthcare are asserted, not evidenced. His ethos rests on long Senate tenure and working-class identity. Pathos is moderate-high via charged language ('ultra-wealthy,' 'crash,' 'hypocrisy') and populist appeals against billionaires."
,aa467422a56ac94a,The Contrarian (Jennifer Rubin),newsletter,en,p / should-we-expand-the-supreme-court,https://www.contrariannews.org/p/should-we-expand-the-supreme-court,2026-09-02T22:18:46+00:00,,0.088500,0.466667,,,,7,5,2,14,democracy_elections:0.85; government_leadership:0.15,score_v2,self_reported,full_text,open,476,rss_fulltext,no conversion rule for unit 'subscribers_self_reported'; flat across the outlet's items (no per-item signal),"Presents historical facts, numbers, and both pro/con arguments about court expansion in a structured way. Speaker is a civics-focused creator with moderate niche authority. Tone is explanatory and calm, mostly factual with minor rhetorical flourish ('shitty hotels').的"
,34f154dff1e2dfa1,The Contrarian (Jennifer Rubin),newsletter,en,p / canadians-in-pop-culture-trade-war,https://www.contrariannews.org/p/canadians-in-pop-culture-trade-war,2026-09-02T21:15:46+00:00,,0.124500,0.466667,,,,3,5,6,14,foreign_policy_wars:0.45; other:0.35; economy:0.20,score_v2,self_reported,full_text,open,1513,rss_fulltext,no conversion rule for unit 'subscribers_self_reported'; flat across the outlet's items (no per-item signal),"Op-ed blends cultural commentary with commentary on Trump's trade war with Canada, using anecdotes and cultural references rather than rigorous argument. Author writes as a culture columnist with moderate authority; emotional tone via admiration, mockery of Trump, and nostalgia drives the piece."
,4618cbad6b338a11,The Contrarian (Jennifer Rubin),newsletter,en,p / to-survive-natural-disasters-we-must,https://www.contrariannews.org/p/to-survive-natural-disasters-we-must,2026-09-02T16:00:22+00:00,,0.085500,0.533333,,,,7,5,4,16,democracy_elections:0.55; environment:0.25; government_leadership:0.20,score_v2,self_reported,full_text,open,745,rss_fulltext,no conversion rule for unit 'subscribers_self_reported'; flat across the outlet's items (no per-item signal),"Op-ed cites MIT study, Nature journal, V-Dem report, and named academics/Nobel laureate to argue democracy reduces disaster deaths. Author is a niche podcast host with modest personal authority. Emotional framing via disaster deaths and democracy 'in danger' language, but mostly argument-driven with citations."
,44a04204732f54f7,Tangle (Isaac Saul),newsletter,en,data-center-pushback-grows,https://www.readtangle.com/data-center-pushback-grows/,2026-09-03T15:52:30+00:00,,0.068000,0.600000,,,,7,6,5,18,ai_technology:0.55; environment:0.20; government_leadership:0.15; economy:0.10,score_v2,self_reported,full_text,open,4286,rss_fulltext,no conversion rule for unit 'subscribers_self_reported'; flat across the outlet's items (no per-item signal),"Tangle newsletter presents left/right views on data centers with cited polls, studies, and quotes, then Ari Weitzman gives a reasoned personal argument with self-critique. Ethos rests on Tangle's balanced-analysis brand and editor's voice; pathos moderate via vivid 'slop' imagery and personal reflection."
,7b0416419e10edd1,Tangle (Isaac Saul),newsletter,en,scotus-and-the-white-house-ballroom,https://www.readtangle.com/scotus-and-the-white-house-ballroom/,2026-09-02T15:49:43+00:00,,0.132500,0.566667,,,,8,6,3,17,democracy_elections:0.55; government_leadership:0.35; foreign_policy_wars:0.10,score_v2,self_reported,full_text,open,4147,rss_fulltext,no conversion rule for unit 'subscribers_self_reported'; flat across the outlet's items (no per-item signal),"Balanced multi-source news roundup on SCOTUS ballroom ruling with detailed legal reasoning, historical parallels (Robert Moses), quotes from right/left, and an editorial 'take' analyzing implications. Strong argumentation, moderate emotional framing, Tangle's established analytical brand carries some authority with its readership."
,06646dfa32fc6459,Tangle (Isaac Saul),newsletter,en,us-oil-deal-with-venezuela,https://www.readtangle.com/us-oil-deal-with-venezuela/,2026-09-01T15:51:33+00:00,,0.150500,0.633333,,,,8,6,5,19,foreign_policy_wars:0.55; economy:0.20; government_leadership:0.15; environment:0.10,score_v2,self_reported,full_text,open,4438,rss_fulltext,no conversion rule for unit 'subscribers_self_reported'; flat across the outlet's items (no per-item signal),"Tangle surveys multiple left/right sources with quotes and evidence on the Venezuela oil deal, then Saul offers a reasoned, evidence-referenced personal take citing DEA data, Sen. Kaine, and prior statements. Moderate emotional language about killing, dictatorship; Saul's established newsletter voice gives him solid ethos with his audience."
,6aff8a07ed729d6f,Tangle (Isaac Saul),newsletter,en,cia-director-ratcliffes-trip-to-russia,https://www.readtangle.com/cia-director-ratcliffes-trip-to-russia/,2026-08-31T15:58:15+00:00,,0.137500,0.566667,,,,8,6,3,17,foreign_policy_wars:0.75; government_leadership:0.15; immigration:0.10,score_v2,self_reported,full_text,open,4403,rss_fulltext,no conversion rule for unit 'subscribers_self_reported'; flat across the outlet's items (no per-item signal),"Tangle presents multiple sourced perspectives (right, left, foreign writers) with quotes and evidence on Ratcliffe's Moscow trip, plus editor analysis with reasoning and dissent. Ethos moderate: Tangle's known balanced-news brand and named editor voice. Pathos low-moderate: mostly analytical, some urgency about war risks."
,8f7b1495b2337b88,Tangle (Isaac Saul),newsletter,en,the-sunday-august-30,https://www.readtangle.com/the-sunday-august-30/,2026-08-30T11:52:26+00:00,,0.162500,0.466667,,,,6,5,3,14,economy:0.30; government_leadership:0.25; democracy_elections:0.20; foreign_policy_wars:0.15; ai_technology:0.10,score_v2,self_reported,full_text,open,957,rss_fulltext,no conversion rule for unit 'subscribers_self_reported'; flat across the outlet's items (no per-item signal),"Roundup summarizing multiple news items (tariffs, debt, Supreme Court ruling, Meta settlement) with brief factual context and short editorial 'takes' offering reasoning but limited depth. Tangle's ethos rests on its balanced-news brand identity rather than a singular authoritative voice; emotional language is minimal, mostly restrained analytical commentary."
,e9fdf771107117dc,Tangle (Isaac Saul),newsletter,en,otherposts / in-search-of-steinbecks-america,https://www.readtangle.com/otherposts/in-search-of-steinbecks-america/,2026-08-30T01:09:13+00:00,,0.068500,0.333333,,,,2,3,5,10,other:0.85; unifying_the_country:0.15,score_v2,self_reported,full_text,open,1583,rss_fulltext,no conversion rule for unit 'subscribers_self_reported'; flat across the outlet's items (no per-item signal),"A personal literary essay/book review reflecting on Steinbeck's Travels with Charley; minimal argumentation, low institutional authority beyond amateur critic status, moderate emotional/reflective tone about America and identity, not tied to Gallup political topics directly."
,2a042f442e4136a0,Tangle (Isaac Saul),newsletter,en,bring-back-shame,https://www.readtangle.com/bring-back-shame/,2026-08-28T15:52:19+00:00,,0.040500,0.500000,,,,4,5,6,15,ethics_morality:0.70; unifying_the_country:0.15; other:0.15,score_v2,self_reported,full_text,open,945,rss_fulltext,no conversion rule for unit 'subscribers_self_reported'; flat across the outlet's items (no per-item signal),"Essay-style argument with cultural examples and personal anecdote about OCD, but little external evidence or engagement with opposing views. Author is a new editor with modest personal authority; emotional appeal via personal struggle and moral urgency about 'shame' is moderate to strong."
,f79884cf019e6d87,Racket News (Matt Taibbi),newsletter,en,p / karen-attiah-and-the-right-to-suck,https://www.racket.news/p/karen-attiah-and-the-right-to-suck,2026-08-25T18:57:18+00:00,,0.050000,0.433333,,,,5,3,5,13,other:0.45; ethics_morality:0.35; race_relations:0.20,score_v2,self_reported,full_text,open,354,rss_fulltext,no conversion rule for unit 'subscribers_self_reported'; flat across the outlet's items (no per-item signal),"Piece cites arbitrator's ruling and quotes competing 2020 letters to build an implicit hypocrisy argument, but offers little original analysis. No named authoritative voice; ironic tone ('free speech icon') supplies moderate emotional charge."
,bcb96795530b0f1a,The Weekly Dish (Andrew Sullivan),newsletter,en,p / charles-murray-on-human-diversity-33a,https://andrewsullivan.substack.com/p/charles-murray-on-human-diversity-33a,2026-08-28T17:00:40+00:00,,0.042500,0.666667,,,,6,8,6,20,race_relations:0.45; ethics_morality:0.35; other:0.20,score_v2,self_reported,full_text,open,2208,rss_fulltext,no conversion rule for unit 'subscribers_self_reported'; flat across the outlet's items (no per-item signal),"Mix of Murray/Sullivan discussion recap and reader letters debating IQ, race, religion; includes evidence (Flynn Effect, SAT data) and personal testimony, but framed through Sullivan's editorial voice and reader emotion. High ethos from Sullivan's and Murray's established reputations with a loyal Dish readership; moderate emotional charge from personal, religious, and racial testimonies."
,46142ce0354640e6,The Weekly Dish (Andrew Sullivan),newsletter,en,p / cornel-west-on-god-and-the-great-2a3,https://andrewsullivan.substack.com/p/cornel-west-on-god-and-the-great-2a3,2026-08-28T16:55:52+00:00,,0.045000,0.500000,,,,3,7,5,15,race_relations:0.35; education:0.30; unifying_the_country:0.25; other:0.10,score_v2,self_reported,full_text,open,1050,rss_fulltext,no conversion rule for unit 'subscribers_self_reported'; flat across the outlet's items (no per-item signal),"Newsletter compiling listener reflections on a Cornel West interview, touching CRT, race, humanities, and civility. Little direct argumentation, mostly anecdote and praise. West's academic standing lends ethos; warm, nostalgic tone gives moderate emotional resonance throughout reader letters."
,0e3f46429f39149e,The Weekly Dish (Andrew Sullivan),newsletter,en,p / buck-angel-and-helena-kerschner-on-72f,https://andrewsullivan.substack.com/p/buck-angel-and-helena-kerschner-on-72f,2026-08-21T18:03:21+00:00,,0.053000,0.633333,,,,6,6,7,19,other:0.50; healthcare:0.30; ethics_morality:0.20,score_v2,self_reported,full_text,open,3796,rss_fulltext,no conversion rule for unit 'subscribers_self_reported'; flat across the outlet's items (no per-item signal),"A podcast rerun intro plus extensive reader letters offering personal testimony, clinical detail, and argument on trans youth healthcare. Substantial evidence/reasoning (medical processes, studies cited) but one-sided compilation; Sullivan's editorial authority and personal reader voices carry weight; emotionally charged personal stories throughout."
,acadd458884fd532,The Weekly Dish (Andrew Sullivan),newsletter,en,p / yossi-klein-halevi-on-zionism-re,https://andrewsullivan.substack.com/p/yossi-klein-halevi-on-zionism-re,2026-08-21T17:58:46+00:00,,0.108000,0.633333,,,,6,6,7,19,foreign_policy_wars:0.85; ethics_morality:0.10; democracy_elections:0.05,score_v2,self_reported,full_text,open,2788,rss_fulltext,no conversion rule for unit 'subscribers_self_reported'; flat across the outlet's items (no per-item signal),"A podcast rerun plus extensive listener letters debating Zionism, settlements, Palestinian statehood. Substantial reasoning and historical argument from multiple sides, moderate authority (Halevi's credentials, listener testimonies), and strong emotional charge via personal family histories and moral stakes."
,7e0e1f7c0f8b8ad3,Zeteo (Mehdi Hasan),newsletter,en,p / heres-how-you-tax-the-billionaires,https://zeteo.com/p/heres-how-you-tax-the-billionaires,2026-09-03T15:03:21+00:00,,0.222000,0.600000,,,,7,8,3,18,economy:0.75; government_leadership:0.15; foreign_policy_wars:0.10,score_v2,self_reported,full_text,open,323,rss_fulltext,no conversion rule for unit 'subscribers_self_reported'; flat across the outlet's items (no per-item signal),"Interview with a recognized wealth-inequality economist offering evidence-based arguments (case studies, policy examples, debunking counterarguments), giving strong logos. Ethos high due to Zucman's expert credentials and Mehdi's audience trust. Pathos low-moderate; framed factually with mild moral framing around 'fair share.'"
,4d4c824fe8f485ee,Zeteo (Mehdi Hasan),newsletter,en,p / haley-stevens-smears-bernie-sanders,https://zeteo.com/p/haley-stevens-smears-bernie-sanders,2026-09-03T11:36:44+00:00,,0.139000,0.566667,,,,4,5,8,17,foreign_policy_wars:0.50; government_leadership:0.25; immigration:0.10; democracy_elections:0.10; environment:0.05,score_v2,self_reported,full_text,open,2398,rss_fulltext,no conversion rule for unit 'subscribers_self_reported'; flat across the outlet's items (no per-item signal),"A partisan newsletter combining reporting with strong opinion, using sarcasm and moral outrage against Stevens, Trump, and Republicans. Some sourced facts/quotes but heavily editorialized framing, one-sided rhetoric, and emotionally charged language throughout, especially on Gaza and Trump's antics."
,d7833618cade9731,Zeteo (Mehdi Hasan),newsletter,en,p / meet-the-gulf-spy-sheikh-backing,https://zeteo.com/p/meet-the-gulf-spy-sheikh-backing,2026-09-02T11:16:13+00:00,,0.162500,0.600000,,,,6,5,7,18,government_leadership:0.35; foreign_policy_wars:0.25; democracy_elections:0.20; economy:0.10; immigration:0.10,score_v2,self_reported,full_text,open,2506,rss_fulltext,no conversion rule for unit 'subscribers_self_reported'; flat across the outlet's items (no per-item signal),"A left-leaning newsletter compiling multiple reported stories (crypto corruption, Iran strikes, deportations, elections) with sourced details and quotes, but framed with heavy editorializing, sarcasm, and emotive language ('graft', 'brazen corruption'), reflecting a partisan authorial voice with an established niche readership."
,a4c8b07c1687cb65,Zeteo (Mehdi Hasan),newsletter,en,p / netanyahu-brags-how-us-cable-news,https://zeteo.com/p/netanyahu-brags-how-us-cable-news,2026-09-01T11:14:38+00:00,,0.134000,0.566667,,,,4,5,8,17,foreign_policy_wars:0.55; government_leadership:0.20; democracy_elections:0.10; other:0.10; immigration:0.05,score_v2,self_reported,full_text,open,2599,rss_fulltext,no conversion rule for unit 'subscribers_self_reported'; flat across the outlet's items (no per-item signal),"Newsletter blends opinionated commentary with quoted evidence (Netanyahu interview, Roberts opinion, polling), but reasoning is one-sided and rhetorical. Author's authority stems from Zeteo platform, moderate but not dominant. Language is highly charged ('parasitic,' 'heartlessly violent,' 'gall'), driving strong emotional intensity throughout."
,de609acf60bbcea8,Zeteo (Mehdi Hasan),newsletter,en,p / laura-loomer-gets-a-pass-for-her,https://zeteo.com/p/laura-loomer-gets-a-pass-for-her,2026-08-31T11:18:40+00:00,,0.135000,0.633333,,,,5,6,8,19,government_leadership:0.30; foreign_policy_wars:0.25; race_relations:0.20; immigration:0.15; other:0.10,score_v2,self_reported,full_text,open,2865,rss_fulltext,no conversion rule for unit 'subscribers_self_reported'; flat across the outlet's items (no per-item signal),"A partisan roundup newsletter combining reported facts (Loomer's racist tweets, Iran strikes, deportation reports) with sharp editorializing and sarcasm. Some sourcing (NYT, WaPo, quotes) but heavily opinionated framing. Author (Mehdi Hasan's outlet) has strong standing with a left-leaning audience; language is scornful and emotionally charged throughout."
,9221e4c3fa9cb5ca,Zeteo (Mehdi Hasan),newsletter,en,p / mehdi-challenges-hunter-biden-on-gaza-2024-election-democrats-regrets,https://zeteo.com/p/mehdi-challenges-hunter-biden-on-gaza-2024-election-democrats-regrets,2026-08-30T13:03:35+00:00,,0.157500,0.500000,,,,3,6,6,15,government_leadership:0.45; foreign_policy_wars:0.25; democracy_elections:0.20; ethics_morality:0.10,score_v2,self_reported,full_text,open,359,rss_fulltext,no conversion rule for unit 'subscribers_self_reported'; flat across the outlet's items (no per-item signal),"Promotional description of an interview covering Hunter Biden's personal battles, Gaza policy, and Democratic Party politics. Little argument/evidence offered—mostly teaser claims. Ethos derives from Hunter Biden's insider status and Mehdi's journalistic brand. Pathos moderate via personal/family drama and 'heated exchange' framing."
,c371ed82460feeb5,Zeteo (Mehdi Hasan),newsletter,en,p / this-week-in-democracy-week-84-trump,https://zeteo.com/p/this-week-in-democracy-week-84-trump,2026-08-29T01:00:59+00:00,,0.111500,0.533333,,,,6,4,6,16,democracy_elections:0.35; immigration:0.35; foreign_policy_wars:0.15; government_leadership:0.15,score_v2,self_reported,full_text,open,816,rss_fulltext,no conversion rule for unit 'subscribers_self_reported'; flat across the outlet's items (no per-item signal),"A roundup citing multiple sourced reports (Bloomberg, AP, NYT, court rulings) across several stories, giving moderate evidentiary weight. Framed with partisan, accusatory language ('Trump and his cronies') showing clear editorial stance and emotional charge, but author/outlet authority is modest and unnamed beyond Zeteo."
,80fbcd60ffe8b960,Zeteo (Mehdi Hasan),newsletter,en,p / i-am-an-american-citizen-under-siege,https://zeteo.com/p/i-am-an-american-citizen-under-siege,2026-08-28T15:05:54+00:00,,0.139500,0.566667,,,,3,5,9,17,foreign_policy_wars:0.85; government_leadership:0.15,score_v2,self_reported,full_text,open,393,rss_fulltext,no conversion rule for unit 'subscribers_self_reported'; flat across the outlet's items (no per-item signal),"First-person testimony from a besieged American citizen, vivid and emotionally charged, but offers little evidence beyond his own account; no counterargument engagement. Ethos rests on his direct witness status, not broad public standing."
,9fa9c6274e03bc01,Democracy Now!,radio,en,"Gloria Steinem, Feminist Icon & Ms. Magazine Co-Founder, Dies at 92",https://www.democracynow.org/2026/9/3/gloria_steinem,2026-09-03T00:00:00+00:00,,0.088500,0.566667,,,,2,8,7,17,democracy_elections:0.25; government_leadership:0.20; abortion:0.15; healthcare:0.15; unifying_the_country:0.15; other:0.10,score_v2,unsourced,full_text,open,1053,transcript_page,no sourced reach figure; flat across the outlet's items (no per-item signal),"An obituary tribute featuring archival speech excerpts from Steinem at the 2017 Women's March, emotionally charged rhetoric on democracy, abortion access, and unity, with little argumentative structure but significant authority from a recognized feminist icon speaking to a devoted audience."
,f6eaeebdfa1e2662,Democracy Now!,radio,en,“Catastrophic Failure”: Postal Service Whistleblower Warns Mail-In Voting Rules Could Derail Election,https://www.democracynow.org/2026/9/3/usps_whistleblower,2026-09-03T00:00:00+00:00,,0.088500,0.633333,,,,7,6,6,19,democracy_elections:0.85; government_leadership:0.15,score_v2,unsourced,full_text,open,2395,transcript_page,no sourced reach figure; flat across the outlet's items (no per-item signal),"Detailed technical explanation of ballot-processing IT flaws and whistleblower claims constitutes substantial reasoning, though largely one-sided. Speaker is an attorney with institutional backing (Whistleblower Aid) representing a whistleblower, giving moderate authority. Language like 'catastrophic failure,' 'sabotage,' and democracy-under-threat framing adds notable emotional intensity."
,7bbea03d45cbaf63,Democracy Now!,radio,en,“Modern-Day Poll Tax”: Dem. Texas Commissioner Slams GOP Vote to Close 92 Polling Sites,https://www.democracynow.org/2026/9/3/voting_rights_tarrant_county_texas,2026-09-03T00:00:00+00:00,,0.057000,0.600000,,,,4,6,8,18,democracy_elections:0.85; race_relations:0.15,score_v2,unsourced,full_text,open,1890,transcript_page,no sourced reach figure; flat across the outlet's items (no per-item signal),"Interview features testimony, quotes, and a public hearing, but relies mostly on assertion and emotional framing (poll tax metaphor, family history) rather than data. Miles speaks as an elected official with direct authority on the issue; strong emotional language throughout amplifies pathos."
,324bf521ce17a4ea,Democracy Now!,radio,en,"AI Could Revolutionize Medicine, But Humans Must Be in Charge: Researcher Shreya Johri",https://www.democracynow.org/2026/9/3/ai_in_medicine,2026-09-03T00:00:00+00:00,,0.017500,0.466667,,,,7,6,1,14,ai_technology:0.75; healthcare:0.25,score_v2,unsourced,full_text,open,2289,transcript_page,no sourced reach figure; flat across the outlet's items (no per-item signal),"Expert researcher presents detailed evidence, studies (Swedish mammogram trial, London brain surgery), and technical explanations. Calm, informational tone with minimal emotional appeal. Ethos derived from her academic credentials and Democracy Now's platform, not celebrity status."
,9a8fbef95d8c94d1,Democracy Now!,radio,en,“Filipiñana”: Dark Satire Takes Aim at Inequality & Structural Violence in the Philippines,https://www.democracynow.org/2026/8/27/filipinana_dark_satire_takes_aim_at,2026-08-27T00:00:00+00:00,,0.096500,0.533333,,,,5,6,5,16,other:0.55; economy:0.20; race_relations:0.15; unifying_the_country:0.10,score_v2,unsourced,full_text,open,3930,transcript_page,no sourced reach figure; flat across the outlet's items (no per-item signal),"Interview with filmmaker Rafael Manuel discussing his film's themes of class, colonialism, regionalism, and structural violence in the Philippines. He offers reasoned artistic explanations but no external evidence; speaks with authority as the film's creator, recognized by Sundance and critics; moderate emotional resonance through vivid imagery and personal reflection."
,3bd5f2540723b60d,Democracy Now!,radio,en,"“Trump’s War on the Left”: Jack Crosbie of Rolling Stone on the Prairieland Nine, NSPM-7 & More",https://www.democracynow.org/2026/8/26/trump_s_war_on_the_left,2026-08-26T00:00:00+00:00,,0.108000,0.633333,,,,7,6,6,19,democracy_elections:0.40; government_leadership:0.25; immigration:0.20; crime:0.15,score_v2,unsourced,full_text,open,3143,transcript_page,no sourced reach figure; flat across the outlet's items (no per-item signal),"Crosbie provides detailed factual reporting, legal history, and causal chains (Georgia's domestic terrorism law, NSPM-7, antifa designation) as a Rolling Stone senior writer with firsthand sourcing, interviewed sympathetically on Democracy Now!, evoking emotional framing of injustice and repression."
,5c743ec37db366f0,Democracy Now!,radio,en,"U.S. Empire in Decline: Richard Wolff on Iran War, Rising Inequality, $40T National Debt & More",https://www.democracynow.org/2026/9/2/richard_wolff,2026-09-02T00:00:00+00:00,,0.183500,0.666667,,,,7,7,6,20,economy:0.45; foreign_policy_wars:0.35; government_leadership:0.15; environment:0.05,score_v2,unsourced,full_text,open,2703,transcript_page,no sourced reach figure; flat across the outlet's items (no per-item signal),"Wolff offers causal chains (Panama Canal fees, bond yields, mortgage rates, war spending) with specific figures, engaging economic mechanisms in depth. As a well-known economist with an established platform and long Democracy Now! relationship, his ethos is high. Rhetoric on 'empire in decline' and moral condemnation of killings adds emotional charge, though mostly analytical tone."
,066b44a3d6279b45,Democracy Now!,radio,en,“Went to Sea and Never Came Back”: Families of Fishermen Seek Answers After Deadly U.S. Boat Strikes,https://www.democracynow.org/2026/9/2/fault_lines_boats,2026-09-02T00:00:00+00:00,,0.124000,0.700000,,,,6,7,8,21,foreign_policy_wars:0.75; democracy_elections:0.15; government_leadership:0.10,score_v2,unsourced,full_text,open,2775,transcript_page,no sourced reach figure; flat across the outlet's items (no per-item signal),"Investigative documentary with named witnesses, family testimony, government responses, and specific figures on strikes/deaths; correspondent is a former CENTCOM spokesperson lending authority. Emotional family interviews about lost fishermen drive strong pathos throughout."
,10138c3af9e31e77,The Erick Erickson Show,radio,en,"Sell the Future, Not the Past",https://ewerickson.substack.com/p/sell-the-future-not-the-past,2026-09-03T00:00:00+00:00,,0.138500,0.600000,,,,6,6,6,18,government_leadership:0.35; democracy_elections:0.35; immigration:0.10; crime:0.10; inflation_cost_of_living:0.10,score_v2,unsourced,full_text,open,675,transcript_page,no sourced reach figure; flat across the outlet's items (no per-item signal),"Uses polling data, historical anecdote, and named political figures to build a strategic argument for GOP messaging. Speaker writes as an informed political commentator with insider access (CNN, Begala anecdote) but not a marquee national figure. Sharp partisan framing and fear-based rhetoric drive moderate emotional intensity."
,7336016c061d2760,The Erick Erickson Show,radio,en,Beating Talarico & Lindsay Clancy’s Jury,https://ewerickson.substack.com/p/beating-talarico,2026-09-02T00:00:00+00:00,,0.098000,0.600000,,,,5,7,6,18,crime:0.45; government_leadership:0.35; ethics_morality:0.20,score_v2,unsourced,full_text,open,866,transcript_page,no sourced reach figure; flat across the outlet's items (no per-item signal),"Author blends political commentary (Paxton/Trump feud, personal credibility claims) with legal analysis of the Clancy trial, citing Massachusetts jury instructions. Moderate reasoning, some evidence (texts, legal standards), strong personal voice and moral framing, moderate emotional intensity around postpartum depression and jury shaming."
,e561b2c66716a479,The Erick Erickson Show,radio,en,The Pyrrhic Victory Long Ago Predicted,https://ewerickson.substack.com/p/the-pyrrhic-victory-long-ago-predicted,2026-09-01T00:00:00+00:00,,0.161500,0.566667,,,,5,6,6,17,government_leadership:0.55; democracy_elections:0.35; ethics_morality:0.10,score_v2,unsourced,full_text,open,908,transcript_page,no sourced reach figure; flat across the outlet's items (no per-item signal),"Opinion piece arguing Paxton is a weak, corrupt candidate risking the Senate, citing polling money figures, primary predictions, and campaign dynamics; some evidence but one-sided. Author writes with confident, insider political commentary voice carrying weight with a partisan readership, using scornful, mocking language ('philandery', 'tantrum') for emotional charge."
,e5a3d3ee9654b7cc,The Erick Erickson Show,radio,en,A Good Deal. A Bad Structure.,https://ewerickson.substack.com/p/a-good-deal-a-bad-structure,2026-08-31T00:00:00+00:00,,0.161500,0.666667,,,,8,6,6,20,foreign_policy_wars:0.65; economy:0.20; government_leadership:0.15,score_v2,unsourced,full_text,open,2008,transcript_page,no sourced reach figure; flat across the outlet's items (no per-item signal),"Dense argumentation with historical detail, data (interceptor stockpiles, percentages), named sources (WSJ, Reuters, McGurk), and structural critique of the Venezuela deal and Pentagon leaks. Opinion columnist voice carries moderate authority; vivid rhetoric ('Chávez took it with rifles') adds emotional charge without dominating."
,b7fbd34a9520208e,The Erick Erickson Show,radio,en,p / a-renamed-lake,https://ewerickson.substack.com/p/a-renamed-lake,2026-08-28T10:54:34+00:00,,0.198000,0.600000,,,,6,6,6,18,economy:0.35; government_leadership:0.35; foreign_policy_wars:0.20; democracy_elections:0.10,score_v2,unsourced,full_text,open,889,rss_fulltext,no sourced reach figure; flat across the outlet's items (no per-item signal),"Columnist marshals specific examples (tariffs, beef prices, Iran timeline, Collins' remarks) to argue GOP is undisciplined, showing moderate evidentiary structure. Writes as an insider political commentator with a recognizable voice but no named outlet authority shown. Sarcastic, mocking tone ('rename the fault after Biden') adds notable emotional charge."
,240a8c9054146059,The Erick Erickson Show,radio,en,p / the-show-notes-the-cia-chiefs-visit,https://ewerickson.substack.com/p/the-show-notes-the-cia-chiefs-visit,2026-08-27T16:03:18+00:00,,0.020500,0.500000,,,,6,4,5,15,environment:0.55; ethics_morality:0.15; ai_technology:0.15; democracy_elections:0.15,score_v2,unsourced,full_text,open,347,rss_fulltext,no sourced reach figure; flat across the outlet's items (no per-item signal),"Mostly detailed factual reporting on Nepal glacier flood with data (speed, height, casualties), plus brief curated links on antisemitism, data centers, and a Senate race. Moderate emotional language ('STUNNING', 'disturbing'); author has newsletter-level authority but no strong personal ethos."
,452bb4aa4166e0d8,The Erick Erickson Show,radio,en,p / we-have-stopped-believing-in-tomorrow,https://ewerickson.substack.com/p/we-have-stopped-believing-in-tomorrow,2026-08-27T10:28:37+00:00,,0.190000,0.533333,,,,5,5,6,16,economy:0.60; inflation_cost_of_living:0.25; ethics_morality:0.15,score_v2,unsourced,full_text,open,551,rss_fulltext,no sourced reach figure; flat across the outlet's items (no per-item signal),"Uses two data points (savings rate, hobby spending) plus anecdotes to argue a cultural 'fatalism' thesis; personal, reflective voice with moderate emotional framing but limited counter-argument or rigorous causal analysis."
,e695a801e4109c8a,1A (WAMU/NPR),radio,en,Music: Dolly Parton's Legacy : 1A,https://www.npr.org/2026/08/26/nx-s1-5945255/music-dolly-partons-legacy,2026-08-26T00:00:00+00:00,,0.070000,0.400000,,,,2,4,6,12,other:1.00,score_v2,unsourced,full_text,open,316,transcript_page,no sourced reach figure; flat across the outlet's items (no per-item signal),"Tribute piece on Dolly Parton's death and legacy, replaying a music-focused segment. No policy argument; emotional anecdote about her death and celebratory tone about her career. NPR institutional voice but no strong personal authority invoked beyond music context."
,70af776298e74219,The Daily Show,tv,en,Terms of Use,https://www.cc.com/legal/o3ccr8/terms-of-use,2026-08-28T00:00:00+00:00,,0.070000,0.066667,,,,0,2,0,2,other:1.00,score_v2,unsourced,full_text,open,8865,transcript_page,no sourced reach figure; flat across the outlet's items (no per-item signal),"This is a legal Terms of Use document with no argumentative content, emotional appeal, or persuasive authority figure; it is a procedural/contractual text unrelated to any Gallup MIP topic, hence categorized as 'other'."
,e1fc6ab0db5477ca,Persuasion (Yascha Mounk),newsletter,en,p / i-taught-a-short-story-my-college,https://www.persuasion.community/p/i-taught-a-short-story-my-college,2026-09-03T19:15:17+00:00,,0.059500,0.666667,,,,6,6,8,20,education:0.55; democracy_elections:0.25; government_leadership:0.10; ethics_morality:0.10,score_v2,self_reported,full_text,open,1841,rss_fulltext,no conversion rule for unit 'subscribers_self_reported'; flat across the outlet's items (no per-item signal),"First-person narrative with detailed chronology, quotes, and named parties builds a documented case, but it's a personal account without opposing evidence. Author's professional credentials and firsthand witness lend credibility. Heavy emotional weight from betrayal, memory of censorship in Dubai, and personal stakes drive the piece."
,ef34806dd9785b8c,The Dispatch,print_digital,en,Trump’s Vaunted ‘Trade Deals’ Are Much Less Than Meet the Eye,https://thedispatch.com/newsletter/dispatch-markets/trump-trade-deals-tariffs-investment/,2026-09-03T19:08:58+00:00,,0.193500,0.566667,,,,9,6,2,17,economy:0.55; foreign_policy_wars:0.35; government_leadership:0.10,score_v2,unsourced,full_text,open,3560,page_fetch,no sourced reach figure; flat across the outlet's items (no per-item signal),"Dense, data-heavy analysis with numerous specific examples, statistics, and case-by-case evidence across many countries. Author (Scott Lincicome, Cato/Dispatch trade economist) has recognized expertise with a policy-wonk audience. Tone is analytical and dry, minimal emotional appeal beyond mild sarcasm and pointed criticism of Trump's tariff policy."
